Hash,Devs intersection,Conflicted files,Conflicted files caused by same dev,Null files,Conflicted files caused by same dev / Conflicted files
f4d837405740eff26e84bd71574314668efbb0bc,1,1,0,0,0.0,src/ch/uzh/ifi/attempto/acewiki/Wiki.java,Kaarel Kaljurand,Tobias Kuhn;
66f712e678ff019d58494c7f21c7de23f2ba73c7,1,4,0,4,0.0,
c7fa64858edc06b962f074d2ff0b374ab6f04dcb,1,4,1,0,0.25,src/ch/uzh/ifi/attempto/acewiki/Wiki.java,Kaarel Kaljurand,Tobias Kuhn;war/index.html,Kaarel Kaljurand,Tobias Kuhn;war/WEB-INF/web.xml,Kaarel Kaljurand,Tobias Kuhn;
8e67c17c37dc5160bfb15853c9d286a7c494c483,1,5,5,0,1.0,
3f01ff0484372575a60f56bd3be7796a0a268407,1,7,7,0,1.0,
55ae76654e7343bfa11f223e5f4589a9b2995f3d,1,2,1,0,0.5,build.xml,Kaarel Kaljurand,Tobias Kuhn;
970c29e3c3dbd1a99d298ee3acda2c1b9a98925b,1,1,1,0,1.0,
fa4337cc3258c3d4162fdb713bf7ab55b891ab1f,1,1,1,0,1.0,
e58cf6374aea44166339f51532ccb037b1e6e563,1,6,5,1,0.8333333333333334,
3e27f969a975545fb30cb7d9a8f5aa3ab996dd65,1,6,5,0,0.8333333333333334,src/ch/uzh/ifi/attempto/acewiki/gf/GFGrammar.java,Tobias Kuhn,Kaarel Kaljurand;
5bd03b6b7d38af4b483347be18e0c15e9e8733a8,2,4,3,0,0.75,src/ch/uzh/ifi/attempto/acewiki/gf/GFDeclaration.java,Kaarel Kaljurand,Tobias Kuhn;
45d42ecec3cc034a0e74b7673d3e7190ca59860f,1,1,0,0,0.0,src/ch/uzh/ifi/attempto/acewiki/Wiki.java,Victor Ungureanu,Tobias Kuhn;
96945670c3f07460cb2152007e60a4465784985a,1,1,1,0,1.0,
096b4f97a1316ddb9acfd81351c8075e6505e1ea,1,9,8,0,0.8888888888888888,src/ch/uzh/ifi/attempto/acewiki/gf/GFGrammar.java,Kaarel Kaljurand,Tobias Kuhn;
