Hash,Merge timestamp,Branching time,Merge isolation time,Devs 1,Devs 2,Different devs,Same devs,Devs intersection,Commits 1,Commits 2,Changed files 1,Changed files 2,Changed files intersection,Has conflict?,Conflicted Files,Chunks
b09cf7c892937216b12707989945a598de9c8e6d,2011-09-30 02:47:19 +0200,0.0813310,0.0882176,1,1,2,0,0,1,1,2,1,0,NO,0,0
bf904d831942205c95e618b22f9c90e451022b5c,2011-09-14 10:12:28 +0200,5.4008796,5.4076852,1,1,2,0,0,1,1,31,1,0,NO,0,0
46b4769dc808456b9c55647a73d8dc74c9f5e98b,2011-09-09 00:25:24 +0200,0.9384028,0.9501620,1,1,2,0,0,1,1,7,1,0,NO,0,0
50039ffc04cb1a692583067ff8c9db2bc91c6647,2011-09-07 23:53:47 +0200,0.1017245,0.1974769,1,1,2,0,0,1,1,2,2,1,YES,1,1
