Hash,Devs intersection,Conflicted files,Conflicted files caused by same dev,Null files,Conflicted files caused by same dev / Conflicted files
aa68cf6b25cc96a5b8ed886f645ad9224b7a37ec,0,1,0,0,0.0,
ac3a8aa075bdf50c3066e629b50f848dc0c6bf8d,0,1,0,0,0.0,
0fe53f203f2cfa5ad4f9528176e4d481a79b1884,1,3,1,0,0.3333333333333333,src/main/java/be/Balor/bukkit/AdminCmd/AdminCmd.java,Lathanael,Antoine Aflalo;src/main/java/be/Balor/Manager/Commands/Player/Eternal.java,Lathanael,Antoine Aflalo;
c0ea908d365890fa7e65bffb911184002a55dc80,0,1,0,0,0.0,
da34277b39b9ec3fcfb5ea047ad95309ad33d466,0,1,0,0,0.0,
b0d9162ee4c4a8089f500c313bacb27fa4eb5efb,0,1,0,0,0.0,
0aae4bd57d383e96ae7f4cb939ff85fb1d10d936,0,3,0,0,0.0,
03c8134dcf4341dedcea45cc041609940758a6e2,2,1,1,0,1.0,
cbf1185d58c90a8a64cb3ec19f41ed7ae7c60f47,0,1,0,0,0.0,
6a785b0e960e454f64e7502c7f4c570cb3548de9,1,1,0,0,0.0,src/main/java/be/Balor/Tools/Configuration/File/ExFileConfiguration.java,Lathanael,Antoine Aflalo;
0bff972992349803cbe88edbaa75d3fc36452e4c,0,3,0,0,0.0,
2ca50bc0eb255e06760d067bd1086008de186ca8,1,3,0,0,0.0,.classpath,Lathanael,Antoine Aflalo;src/main/java/be/Balor/Tools/Configuration/File/ExFileConfiguration.java,Lathanael,Antoine Aflalo;src/main/java/be/Balor/Manager/Commands/Warp/TpToWarp.java,Lathanael,Antoine Aflalo;
b06bd39cd5e9ece04284c443e41b59a5f194eca2,0,1,0,0,0.0,
6a6ae28098c0fad709d48028c61fee8cb9811458,0,1,0,0,0.0,
68826a826774398028064378b17f3e25174be8ea,0,1,0,0,0.0,
f95b9ea14bcff300812e4750e8718aeb79ac3f77,0,2,0,0,0.0,
02814e9112dd9f905906c8bfc477a241ea6207ce,0,1,0,0,0.0,
ec8e5dc8599dc793fbcd72971b869fc08ce53636,1,1,1,0,1.0,
9e7cb1f2b873cad273564166ed5de0eb42b37f9a,0,2,0,0,0.0,
92d6f599b5ae3f672e6d57a4d8883d9951f3b82a,1,3,1,0,0.3333333333333333,src/main/java/be/Balor/bukkit/AdminCmd/AdminCmd.java,Lathanael,Antoine Aflalo;src/main/java/be/Balor/bukkit/AdminCmd/ConfigEnum.java,Lathanael,Antoine Aflalo;
6590b5f5dc01b38c43a637b31127e3a8892b554e,0,6,0,0,0.0,
2d0dacfc74556c7a1370cc7b264ebb0bb19cae9b,0,1,0,0,0.0,
b281af8980cdd5e607df3b672b8e230179c07091,0,1,0,0,0.0,
e89bf9ebec24e305bb95b4e5cd5a5b885a7aac2d,1,1,1,0,1.0,
729a796f19ed9bd510fd9855e712c499318d2f5e,0,2,0,0,0.0,
c364866161bc3c6b7d5a9f19e017f9be5b59095b,0,1,0,0,0.0,
c5c75558a19e3c2d1b37c391511f376d7baeb2d6,0,2,0,0,0.0,
e414355063f0d94455b8e6715bf820107c6c0568,1,7,0,0,0.0,src/main/java/be/Balor/Tools/Configuration/File/ExFileConfigurationOptions.java,Lathanael,Antoine Aflalo;src/main/java/be/Balor/bukkit/AdminCmd/AdminCmd.java,Lathanael,Antoine Aflalo;src/main/java/be/Balor/Tools/Configuration/File/ExtendedConfigurationOptions.java,Lathanael,Antoine Aflalo;src/main/java/be/Balor/Tools/Configuration/File/ExFileConfiguration.java,Lathanael,Antoine Aflalo;src/main/java/be/Balor/Manager/Commands/Warp/TpToWarp.java,Lathanael,Antoine Aflalo;src/main/java/be/Balor/Tools/Configuration/ExMemoryConfiguration.java,Lathanael,Antoine Aflalo;pom.xml,Lathanael,Antoine Aflalo;
323252b67b5a8626f663a2251f78c009a5ceb0f3,0,1,0,0,0.0,
363e02284da028c2b59873b9c340a1e2f2f7c983,0,1,0,0,0.0,
4f722836f5bc1404f8289d6a0fc0b913eacb0731,0,1,0,0,0.0,
