Hash,Devs intersection,Conflicted files,Conflicted files caused by same dev,Null files,Conflicted files caused by same dev / Conflicted files
0df163e67ff71777e8d37d287ab054144a75caac,2,1,1,0,1.0,
5f2a5cb731bf8797cda8fe4a217204a09a2f63a3,2,4,4,0,1.0,
af920a36b538d4e892742c43ce21e14bced89630,2,1,1,0,1.0,
5ec1abf6fd3ea239afb76e8d665d5ba26d3a6075,2,2,0,0,0.0,android/AkvoRSR/src/org/akvo/rsr/up/UpdateDetailActivity.java,Iñigo,Stellan Lagerstrom;android/AkvoRSR/src/org/akvo/rsr/up/dao/RsrDbAdapter.java,Iñigo,Stellan Lagerstrom;
