Hash,Devs intersection,Conflicted files,Conflicted files caused by same dev,Null files,Conflicted files caused by same dev / Conflicted files
c5b86c1cf6fc9a4622e7f8612f7d952c80cf998e,1,15,0,0,0.0,src/algvis/internationalization/ICheckBox.java,kuko,Pavol Lukca;src/algvis/internationalization/IComboBox.java,kuko,Pavol Lukca;src/algvis/leftistheap/LeftHeap.java,kuko,Pavol Lukca;src/algvis/internationalization/Languages.java,kuko,Pavol Lukca;src/algvis/internationalization/IButton.java,kuko,Pavol Lukca;src/algvis/core/Settings.java,kuko,Pavol Lukca;src/algvis/gui/Commentary.java,kuko,Pavol Lukca;src/algvis/internationalization/IRadioButton.java,kuko,Pavol Lukca;src/algvis/internationalization/IMenuItem.java,kuko,Pavol Lukca;src/algvis/internationalization/ChButton.java,kuko,Pavol Lukca;src/algvis/gui/VisPanel.java,kuko,Pavol Lukca;src/algvis/internationalization/ILabel.java,kuko,Pavol Lukca;src/algvis/gui/Buttons.java,kuko,Pavol Lukca;src/algvis/internationalization/IMenu.java,kuko,Pavol Lukca;src/algvis/leftistheap/LeftHeapPanel.java,kuko,Pavol Lukca;
a396166f288015960c7906d4460c71dd13f7a91a,0,31,0,0,0.0,
b6136c2c276655ee943bd6b238750793bf9cd266,2,2,2,0,1.0,
c3b5b74a78b0f545d2ffbec108b93c45c5be8e4d,0,8,0,0,0.0,
808fff82825d231aa3ca1d42b15041f0ff6179a7,0,1,0,0,0.0,
2e7daf5f3c47d4ceebe47af7d904f90ec7ee1086,1,7,0,0,0.0,src/Messages_sk.properties,Katarina Kotrlova,Kubo Kováč;src/algvis/core/DataStructures.java,Katarina Kotrlova,Kubo Kováč;src/algvis/daryheap/DaryHeapInsert.java,Katarina Kotrlova,Kubo Kováč;src/algvis/core/TreeNode.java,Katarina Kotrlova,Kubo Kováč;src/algvis/core/Highlighting.java,Katarina Kotrlova,Kubo Kováč;src/algvis/leftistheap/LeftHeapNode.java,Katarina Kotrlova,Viktor Tomkovič;src/algvis/leftistheap/LeftHeapPanel.java,Katarina Kotrlova,Viktor Tomkovič;
b25565e9698d486aec0768e99e6308d7a87673dc,0,2,0,0,0.0,
d61855bbcc2b7ee0839b8fc3a4c1f169d1e02cd1,0,37,0,0,0.0,
cfd63433fc30f4b3184006c8b9abc51f893a4b25,0,2,0,0,0.0,
d70b3ce3f8e18d47b63b35e03ed67f969b429849,1,1,1,0,1.0,
653865f3bf7350a534b7c68e7c3ab677dd4aa612,2,2,2,0,1.0,
2264cf3a51ef67ca29bc3144eddf26bbc229325a,0,9,0,0,0.0,
6efef9ca68fb7d0d56781cf9d18874d922bc0b62,1,7,2,0,0.2857142857142857,src/algvis/bst/BSTInsert.java,Pavol Lukca,Viktor Tomkovič;src/algvis/core/Commentary.java,Pavol Lukca,Viktor Tomkovič;src/algvis/core/Node.java,Pavol Lukca,Viktor Tomkovič;src/algvis/core/DictButtons.java,Pavol Lukca,Viktor Tomkovič;src/algvis/core/View.java,Kubo Kováč,Pavol Lukca;
5812d2739e08d89cb3df68752dd76ba6059117cc,2,1,1,0,1.0,
161bc826e9399e85dd214ee88a32f818bc31ea01,1,2,0,0,0.0,src/algvis/core/DataStructures.java,Viktor Tomkovič,Jakub Kovac;src/algvis/bst/BSTNode.java,Viktor Tomkovič,Jakub Kovac;
8ce1030d1bd34cb7ec65f1dfbd63f873cba01fff,1,7,7,0,1.0,
2c46ea1898c0077fe771f986ec14048f7893a544,0,1,0,0,0.0,
c61f7660163ec011e443bf5611ef12f1bedcf574,0,3,0,0,0.0,
504ddc370b39b320ac44ec736d6780c5cb4ed7bb,0,9,0,0,0.0,
f64989f6d4178d5153e4c75ce5f9c69fcd202150,2,2,1,1,0.5,
e27e3eec53ed912ca12e20ff5e6c5dd3f387a7f0,0,1,0,0,0.0,
e5b199d89c3fe7829caed9567adac2aa7b2eb7f4,1,8,8,0,1.0,
7b54817989b66079fe7ab5019bc1f5a1aff71bf6,1,32,32,0,1.0,
8e475da8301189b2e6dc1e4657e9e5f60981c0a2,2,2,2,0,1.0,
5dacc2d2e644c75127134814e00a539fbb9ae231,0,5,0,0,0.0,
302e204bb4a103b65eb051a41542783fbc5c860c,1,4,0,0,0.0,src/Messages_sk.properties,Katarina Kotrlova,Jakub Kovac;src/Messages.properties,Katarina Kotrlova,Jakub Kovac;src/algvis/core/DataStructures.java,Katarina Kotrlova,Jakub Kovac;src/algvis/core/Node.java,Katarina Kotrlova,Jakub Kovac;
43087fe6fbf115f1e796a20e79164fc239ddb62c,1,11,8,0,0.7272727272727273,src/algvis/aatree/AANode.java,Pavol Lukca,Kubo Kováč;src/algvis/core/Node.java,Pavol Lukca,Kubo Kováč;src/algvis/avltree/AVLInsert.java,Pavol Lukca,Kubo Kováč;
425318f9ecfe88d256670917a766ef3cb2ba0d3a,0,4,0,0,0.0,
1f98f38b56126f215a25b785e72b79d28b97443e,0,1,0,0,0.0,
92fea506e9ce23a6ae66e1e1146c757274221b19,1,4,0,1,0.0,src/Messages_sk.properties,unknown,Kubo Kováč;src/algvis/core/DataStructures.java,unknown,Kubo Kováč;src/Messages_en.properties,unknown,Kubo Kováč;
21b22a0c582ecd34bee1a6cf08b1cffaa85fed4d,2,2,2,0,1.0,
a177003dc3e39d44e67bd32514114ca6d1a5da5d,0,2,0,0,0.0,
2b8fc7d7e602b5edcf74d6810950b2394aba5f59,2,4,3,1,0.75,
e49416c0ee5f659c3a5f2c8d04ea3ffddb519e4e,1,4,4,0,1.0,
fa6854b7b7c9c39f0c7359622191091fb3493206,1,1,1,0,1.0,
1f442b2f35110f86a5eba9cde5554d2ba6e1e41e,0,8,0,0,0.0,
1be5d4aa2d1f1922bef9adaa6fbd10a75b395723,1,1,0,0,0.0,src/algvis/leftistheap/LeftHeapNode.java,Katarina Kotrlova,Jakub Kovac;
815bbbcd422f7d26c23b9b9500ad569190f45e1c,1,7,7,0,1.0,
cced7130a13b8347ee8272b0d3e05cd459c3d877,1,1,1,0,1.0,
3d2407cbaa2531f0fdf1016240e149adbd83bdf6,0,3,0,0,0.0,
d33882b224a1557b45367af8f15b83dd40d28f04,1,3,0,0,0.0,src/algvis/core/DataStructures.java,Viktor Tomkovič,Jakub Kovac;src/algvis/core/VisPanel.java,Viktor Tomkovič,Jakub Kovac;src/algvis/bst/BSTNode.java,Viktor Tomkovič,Jakub Kovac;
c06b4fa5dae46b6236b009021f1d70f8c4677ab1,0,2,0,0,0.0,
9cb33115c3f62e32ad58fef56ed677b7a7f745ad,0,1,0,0,0.0,
7133c1ce8a401ae2a4a513f0be25d10335dbcd4e,1,2,2,0,1.0,
d656dba706188245f6a6708ae13ac9e2428a54b4,0,1,0,0,0.0,
8af8836881b5e8419b817fd51bf7e2843126c8a3,0,1,0,0,0.0,
f16e23b90ff8387b1606b4f65362d276b3ff8929,1,1,0,0,0.0,src/algvis/core/View.java,Pavol Lukca,Jakub Kovac;
2373e511751fe60c853c2690c5a79eba9d756e7f,0,96,0,0,0.0,
f1b5d53f5dc19bbde1ed7c3b5a786f1bed93ac2d,0,1,0,0,0.0,
db6befeee15a65ae2af0829454c3924d7467da72,0,2,0,0,0.0,
488104c9e454889bd4ef76b1bcec37c763d32b43,2,2,2,0,1.0,
65d7e80abdc4dfc7e7174fb61db06e5aaab20dcb,0,4,0,0,0.0,
70ad0197e45f3c4df353956a3bbbe878c17ebd95,1,5,0,0,0.0,src/algvis/bst/BST.java,Pavol Lukca,Jakub Kovac;.gitignore,Pavol Lukca,Jakub Kovac;src/algvis/core/AlgVis.java,Pavol Lukca,Jakub Kovac;src/algvis/core/Commentary.java,Pavol Lukca,Jakub Kovac;src/algvis/aatree/AA.java,Pavol Lukca,Jakub Kovac;
