Hash,Devs intersection,Conflicted files,Conflicted files caused by same dev,Null files,Conflicted files caused by same dev / Conflicted files
afcf198a24a9e88592067f544b8a132c2a2fcd10,0,2,0,0,0.0,
3ed26ae61becf077052638c831614eeba3a11f8f,1,1,0,0,0.0,src/com/android/browser/BrowserSettings.java,Leon Scroggins,Ramanan Rajeswaran;
70d822942beb41729a3107dfb225bad3f65ae8fe,0,2,0,0,0.0,
1536e7307cd5ec7d71f9b5a40972c58846aee554,1,1,0,0,0.0,src/com/android/browser/BrowserActivity.java,Leon Scroggins,Patrick Scott;
8869b75522266affddb560e712ebeb1a67b215a1,1,2,0,0,0.0,res/values-de/strings.xml,Steve Kondik,Matthias Büchner;src/com/android/browser/BrowserSettings.java,Steve Kondik,Wysie;
313429a27cbaeec6c6948e00de4f96e56f19b39c,0,2,0,0,0.0,
e3fdcaf62ccb6092c43b39c2b990b47eae3ab1b7,0,1,0,0,0.0,
438c5e64fc822cf1bac0648d7964988972d7d4e0,1,1,0,0,0.0,src/com/android/browser/BrowserActivity.java,Android (Google) Code Review,Grace Kloba;
f26aeabb17d38ed39a0711afcf51694cc69c8d51,0,1,0,0,0.0,
ec1b5ad8d8283b1fbbc5d7fa1cd50ef95b9e594d,1,1,0,0,0.0,src/com/android/browser/BrowserActivity.java,Leon Scroggins,Grace Kloba;
615c6c9130a1bd21c63cd37d09f8f4ea3229ca13,1,1,0,0,0.0,src/com/android/browser/BrowserActivity.java,Leon Scroggins,Grace Kloba;
2a6725815dd0a147b90c7d60298cc4abecb0d1ff,1,4,4,0,1.0,
ec7eb37292836652e096b5804877e803e2505136,1,1,0,0,0.0,src/com/android/browser/BrowserActivity.java,Leon Scroggins,Grace Kloba;
a3f90f06f5b3b7db18f30eca5322796fc6b4c2e3,1,1,0,0,0.0,src/com/android/browser/BrowserSettings.java,Mitsuru Oshima,Grace Kloba;
