Hash,Devs intersection,Conflicted files,Conflicted files caused by same dev,Null files,Conflicted files caused by same dev / Conflicted files
1f53f4d1cdd391254318668804895981d902bf9d,1,1,0,0,0.0,src/main/java/net/h31ix/anticheat/util/Utilities.java,Super Spy,H31IX;
b411e92f444be4afec8728186570e3329f1fb031,1,2,0,0,0.0,src/main/java/net/h31ix/anticheat/manage/AnticheatManager.java,Super Spy,H31IX;src/main/java/net/h31ix/anticheat/manage/CheckType.java,Super Spy,H31IX;
ea54427a6320b5b6c6af6e9b5d3584c090bb9610,1,1,0,0,0.0,src/main/java/net/h31ix/anticheat/manage/Backend.java,Super Spy,H31IX;
92d2868802d12e6a305e40729e10023d3427d5e4,1,4,0,0,0.0,src/main/java/net/h31ix/anticheat/event/PlayerListener.java,Super Spy,H31IX;src/main/java/net/h31ix/anticheat/manage/Distance.java,Super Spy,H31IX;src/main/java/net/h31ix/anticheat/manage/Backend.java,Super Spy,H31IX;src/main/java/net/h31ix/anticheat/util/Utilities.java,Super Spy,H31IX;
