Hash,Devs intersection,Conflicted files,Conflicted files caused by same dev,Null files,Conflicted files caused by same dev / Conflicted files
634efbfe22159073c2ec689eb8936f648ec1cf14,0,2,0,0,0.0,
8b2f7fd38dbf0e95e8249ffd1ab197fd3755c069,0,1,0,0,0.0,
41b5c03a753d01bd9e0f278d4939d52be1c28293,1,1,1,0,1.0,
ac4b5f35a60555925bee99fd6744e09e33ed88cd,0,2,0,0,0.0,
7ba00bc37f6a67d707c1e4dd38cc61afe039b635,1,2,2,0,1.0,
5b3ca273aa62412cb3d43a84042b29ce41700127,2,5,5,0,1.0,
2c90114d12be778370d1c1146a11d2ebd3ee11df,0,1,0,0,0.0,
