Hash,Devs intersection,Conflicted files,Conflicted files caused by same dev,Null files,Conflicted files caused by same dev / Conflicted files
46c1894ff766f478a42e73dde6759b738bd27a92,1,2,2,0,1.0,
30d94df006bc274141748dae44241286b35fca39,1,1,1,0,1.0,
27753019b7cd357a69f5ba7d23cc4dffe1589773,0,12,0,0,0.0,
bd6b7f1f1edd3ddc736ebe0903375503a4095ac4,1,1,1,0,1.0,
309fe8d7665dc0613b1e74db55cb0fe769fd60d6,1,2,0,0,0.0,archetypes/appfuse-basic-gwt/src/pom.xml,Matt Raible,Ivan Garcia Sainz-Aja;archetypes/appfuse-modular-gwt/src/pom.xml,Matt Raible,Ivan Garcia Sainz-Aja;
ab1313aaa566b65955c1930639a035519ca41189,0,1,0,0,0.0,
15a294df5a5877d98514eb81b7256c3c3e592e14,2,7,7,0,1.0,
b072740abec72774645d94a0e6527692def2dfb5,1,5,0,0,0.0,service/src/main/java/org/appfuse/service/impl/UserManagerImpl.java,Ivan Garcia Sainz-Aja,Serge Eby;web/common/src/main/resources/ApplicationResources.properties,Ivan Garcia Sainz-Aja,Matt Raible;archetypes/pom.xml,Ivan Garcia Sainz-Aja,Marcin Zajaczkowski;pom.xml,ivangsa,Matt Raible;web/common/src/main/resources/ApplicationResources_pl.properties,Ivan Garcia Sainz-Aja,Matt Raible;
aa4545ef881f29828c2f5104f4924e575fc485e9,2,3,3,0,1.0,
29ee1aa1d1f0713b5e9c28bcef37905214035d52,1,2,0,0,0.0,archetypes/pom.xml,Ivan Garcia Sainz-Aja,Marcin Zajaczkowski;pom.xml,Ivan Garcia Sainz-Aja,Matt Raible;
4a5690b31815288485706af0da73088296cae451,1,1,1,0,1.0,
0f18da80c9f9ee8e75ab5a4b4331b8cd62ddcd88,0,3,0,0,0.0,
968079e7d85688588496d396731aa8116a5681b2,2,27,27,0,1.0,
7f3a01fbc96d92b921a2d445a212266d120d8809,2,26,26,0,1.0,
