Hash,Merge timestamp,Branching time,Merge isolation time,Devs 1,Devs 2,Different devs,Same devs,Devs intersection,Commits 1,Commits 2,Changed files 1,Changed files 2,Changed files intersection,Has conflict?,Conflicted Files,Chunks
0ed620eaa5417b0e7a66861d292a3c5afc820be6,2010-10-09 13:07:53 +0200,2.1028472,993.7262269,1,1,2,1,2,11,13,51,52,1,NO,0,0
9a2e51d72932b398f81c3e05a745eccabcfb7663,2008-01-19 23:09:23 +0100,0.1844213,0.1856019,1,1,2,1,2,10,1,42,9,0,NO,0,0
ab4e557251a74334efc0b7ec4b57a0c626068444,2008-01-19 18:43:31 +0100,0.2482870,0.2601736,1,1,2,1,2,10,3,42,2,1,NO,0,0
368be5109f43be63f9e19f798de828595fda861b,2008-01-19 18:42:07 +0100,0.0423495,0.2592014,1,1,2,1,2,2,1,1,1,0,NO,0,0
92c7cbd91accd71cc2659c1b11a5de85ae0f5a38,2008-01-19 12:45:29 +0100,0.0105556,0.4923380,1,1,2,1,2,1,1,17,1,1,YES,1,1
f3b73e97d43b416492e317afd63401e7362c33cf,2008-01-19 12:28:52 +0100,0.4807060,76.8480671,1,1,2,1,2,1,1,1,1,0,NO,0,0
