Hash,Devs intersection,Conflicted files,Conflicted files caused by same dev,Null files,Conflicted files caused by same dev / Conflicted files
e3cb9f48195da453be90f577ce8b720c514e33fc,0,4,0,0,0.0,
0b8c24a327e8f1113660a77ddde92ca89aaff400,0,5,0,0,0.0,
eb6c17ba62b756a6c5d900a7138fbc5c45700f2a,0,2,0,0,0.0,
7047798e60aa9ff3c21b59cc16ac8b77ae67caee,0,1,0,0,0.0,
1687f15851f0f5bef6323d5ba7c7bb2cd0e488a9,0,1,0,0,0.0,
843619bc10e82f75b2ccb5c9a7cc56a44200e6a2,0,1,0,0,0.0,
00bd29913027e240c4f01084d523f98ddc13300d,0,1,0,0,0.0,
3ba438415c560fcaddba2a610e2026cdc04ea2a5,0,1,0,0,0.0,
5df13ed7368f293c72cea753b5ba57badfbe0828,1,5,0,0,0.0,apvs/src/main/java/ch/cern/atlas/apvs/server/AudioUsersSettingsStorage.java,Mark Donszelmann,Alexandre Santos;apvs/src/main/java/ch/cern/atlas/apvs/client/ui/AudioView.java,Mark Donszelmann,Alexandre Santos;apvs/src/main/java/ch/cern/atlas/apvs/server/AudioServiceImpl.java,Mark Donszelmann,Alexandre Santos;apvs/src/main/java/ch/cern/atlas/apvs/client/domain/Intervention.java,Mark Donszelmann,Alexandre Santos;apvs/src/main/java/ch/cern/atlas/apvs/client/settings/AudioSettings.java,Mark Donszelmann,Alexandre Santos;
7e8862bd3925b8f137f7893519bb77d0f084e0b6,1,5,5,0,1.0,
a5fb5defdc1ca26c38dffeb50986b132e39bbf6e,0,3,0,0,0.0,
1f688f52a75247ae10bb0b4836695cbe01be0157,0,1,0,0,0.0,
5d92e294692f54370db0631469b1eb3b5d690d82,0,2,0,0,0.0,
0f5f7a58e54ea7c253bdb084c55df776a5e382f3,0,1,0,0,0.0,
22cf1806b88e27641f647566e904eb17f807a441,0,2,0,0,0.0,
