Hash,Merge timestamp,Branching time,Merge isolation time,Devs 1,Devs 2,Different devs,Same devs,Devs intersection,Commits 1,Commits 2,Changed files 1,Changed files 2,Changed files intersection,Has conflict?,Conflicted Files,Chunks
0dcc5ffbcfd9c71a46cccff8fb3537875bfd4230,2011-06-17 18:54:56 +0200,8.1284491,32.3980093,1,1,2,1,2,4,2,12,2,1,YES,1,2
bc6b800b2405788957e0b759ffbaa678767ba6b9,2012-11-26 11:47:32 +0100,11.6984722,14.1039699,2,1,3,0,0,4,3,19,20,1,YES,1,1
ee67aaa8ff20c193967bb24bffcf14aa13b27524,2012-09-25 09:44:09 +0200,12.9321296,12.9653241,3,1,4,1,1,6,3,27,5,1,YES,2,3
017da7671968d598602317bc9ad489765eeda86f,2012-08-15 16:59:13 +0200,46.0135995,55.1415856,1,3,4,1,1,14,12,55,91,1,YES,6,6
62079cfaff7b00458aa38b6c96d90b3b391120be,2012-11-26 11:18:37 +0100,5.0835417,14.0838889,2,1,3,1,1,3,1,14,8,1,YES,3,3
