Hash,Devs intersection,Conflicted files,Conflicted files caused by same dev,Null files,Conflicted files caused by same dev / Conflicted files
040c15ddf3b7cedf8b374bc7facfe00156747ae7,0,6,0,0,0.0,
37a596208fdfebe100720108d97f7103327edccb,0,3,0,0,0.0,
7f7104bd3aca6eb297f742484dea3eae1cc1f56b,0,1,0,0,0.0,
bb0d3a766be0298a6a891bab29374b96e05c36dc,0,2,0,0,0.0,
0b1231b8b3df81318f3070182998bb54b6cab1ba,0,1,0,0,0.0,
987ee3136aa4954dfaa362c1673c26cb0db57445,0,1,0,0,0.0,
c735ae770f83be6b190fc3e770bd903d65a6a1db,0,2,0,0,0.0,
7c2d0dc3efcfa7235343dad25e8983a3d28d68cb,0,3,0,0,0.0,
9685a6e646b9cc0b397bef2e400eb908823337f8,0,1,0,0,0.0,
cb68d928c8a7f23bd9d155db3b4798f5e972e5f5,0,1,0,0,0.0,
32bf6c226bb2a3fb2efe070b059996444b601d09,0,1,0,0,0.0,
7b81f0d866477e47bd477a2484f4e93139d58c2f,0,1,0,0,0.0,
e31734ba06a7a69f74261d9e3c9da9d8cf8acfc6,0,1,0,0,0.0,
cd23c5e25229e92afee56f0ab29ccbaad8262f38,1,1,1,0,1.0,
fc8535c3cbfc6b96ba095e5e28242daaae354e18,0,1,0,0,0.0,
2761785e70bb16b87671cda04b617e1cc53a36ce,0,1,0,0,0.0,
0f88874347dbfef86918cb12af12592d54a379dc,0,1,0,0,0.0,
7510eed6c1ce3f28ab2fb4bbb7381d5ff298ed1e,0,1,0,0,0.0,
46c7769a84798cc9ecaf4952c6ddac39370d1f63,0,2,0,0,0.0,
18b2cc795efd7fa8e9d5e4ecf1445b9a7420ab7c,0,3,0,0,0.0,
8f17030ff3f7854f1e59b5cd1658bed2f41153d7,0,1,0,0,0.0,
b43197b46bbf4b42046959ab4118e406e5c70158,0,1,0,0,0.0,
5b95cc9b121ad305013aaf952b5b7d6353193c02,0,1,0,0,0.0,
ac7139dc2fb50146323f2544d5386427a04eda94,0,2,0,0,0.0,
