Hash,Devs intersection,Conflicted files,Conflicted files caused by same dev,Null files,Conflicted files caused by same dev / Conflicted files
8b15615e58768f34542d7a490af07e5946ba6262,2,1,1,0,1.0,
36d8d7d355b14f0fd3ef98730928a4b49718ab9a,0,1,0,0,0.0,
b386a7b2d6491e7ab1dffd843d05c114fee44256,0,1,0,0,0.0,
c69540ec68b02dfa8f9885c43e2b84eebb750b07,0,2,0,0,0.0,
3070b4d8cd98cbaed755e25e80f3c44ee8911ed0,0,1,0,0,0.0,
6db98c4acc0372bc885a4314bea5d8c702c5ee22,0,1,0,0,0.0,
6e0f98f19d1f7dc94e721c2a3e7ae59428489015,0,1,0,0,0.0,
51a949b74aa5f904cb4435787174149b2868e65b,0,2,0,0,0.0,
66963573c184548750cc538cc6317e2eed98d680,0,1,0,0,0.0,
