Hash,Merge timestamp,Branching time,Merge isolation time,Devs 1,Devs 2,Different devs,Same devs,Devs intersection,Commits 1,Commits 2,Changed files 1,Changed files 2,Changed files intersection,Has conflict?,Conflicted Files,Chunks
daf4fb60a761797a79d9ba10432a52a6685ee384,2010-08-06 17:42:43 -0700,40.0757060,51.2656713,3,1,4,0,0,9,2,34,40,1,YES,2,7
059cc9ffa222b367fff374ea15a397cba7877841,2010-08-25 17:32:18 -0700,0.9311343,35.9772917,1,1,2,0,0,1,1,1,23,1,YES,1,1
2afe79d4b4a2a22527be5ab37785f89bd6e1f9d4,2010-09-03 16:02:37 -0700,33.2419676,44.9150116,2,2,4,0,0,16,15,109,62,1,YES,11,62
67e8c2a2e447ea5ca633b804257230dec7dbe676,2010-08-27 13:40:44 -0700,9.1597801,37.8164815,1,2,3,0,0,2,3,35,24,1,YES,12,89
