Hash,Devs intersection,Conflicted files,Conflicted files caused by same dev,Null files,Conflicted files caused by same dev / Conflicted files
d31e9687f6d76042ddb9d47b7384413477edd8d8,1,1,0,0,0.0,src/main/java/com/mozilla/bagheera/http/AccessFilter.java,Mark Reid,Richard Newman;
d7d2bbf1f9dfea81f1cb3e60fe14d265d14d9896,2,2,0,0,0.0,src/main/java/com/mozilla/bagheera/http/SubmissionHandler.java,Mark Reid,Harsha;src/test/java/com/mozilla/bagheera/http/BagheeraHttpRequestTest.java,Mark Reid,Harsha;
684a06479c93c83cd960afc44b7a8f2b5029bd29,2,1,1,0,1.0,
ecdb92e0ec3db9927bede331824a4ba7b9eae4a5,2,1,0,0,0.0,src/main/java/com/mozilla/bagheera/sink/HBaseSink.java,Mark Reid,Harsha;
b3d78823ad1a38ae43d846aee9aa592d216fa44f,0,2,0,0,0.0,
33c385220036b0f6ea0fd44e9bfedc60b17d1c5d,0,1,0,0,0.0,
