Hash,Devs intersection,Conflicted files,Conflicted files caused by same dev,Null files,Conflicted files caused by same dev / Conflicted files
89a95a60bb89e85352d3d2e96bfee47e0e932124,0,1,0,0,0.0,
c5d6e43fadd2c9b0e2220833929bd0dd6207a1b6,2,1,1,0,1.0,
5b2ce7757416d4e63245b0af02e93b8ea8b1f44f,2,1,1,0,1.0,
71204879385e1283c92834110885a8599ab3046b,2,1,1,0,1.0,
80386cf001a04d2b8c2bd11c227e15770918c23f,2,1,1,0,1.0,
2a7ae056a7e59b70c6ce42fc3909ae96ad527ea7,2,1,1,0,1.0,
0ac52519dd2c551289817cbad8452d9e3baf6aea,2,1,1,0,1.0,
f73b138213814e98e586ffc1b6c2121fba849440,2,1,1,0,1.0,
07552478f757a8274dfd596258555dd87298f43d,1,1,0,0,0.0,bc-spider/src/main/java/cn/bc/spider/callable/BaseCallable.java,dragon,vx1643;
6f33c62f5d61bafa487535d20f92c3bf1a4216c8,1,1,0,0,0.0,bc-spider/src/main/java/cn/bc/spider/http/HttpClientFactory.java,dragon,vx1643;
464520eb8371e5f57fcd5412618d2124ff22533e,1,1,0,0,0.0,bc-spider/src/main/java/cn/bc/spider/callable/BaseCallable.java,vx1643,dragon;
6f7a67e1faea259a01839ccd0bea6f0ac141569f,1,1,0,0,0.0,pom.xml,dragon,LeeDane;
e32759c0d906959c8b9679fa88132252bc472185,1,1,1,0,1.0,
4f34a2169871679e93583223baaa918f9351daa4,2,2,2,0,1.0,
edad11e7cc59f1c9b40c615c8a1ad1719ecf3482,2,1,1,0,1.0,
713a0f4689951c2f1def4d5445fa9ed896b5936e,0,1,0,0,0.0,
527bb519e7c8d8e8978b7986fd61853a2af90a19,0,2,0,0,0.0,
9307ca12e2ac1c87c68f943b3be1809a4ebd0a7d,1,1,0,0,0.0,pom.xml,fatfish,tmax37;
5f434b7e27455dc98a7925963c7b8280c03c352b,0,1,0,0,0.0,
d18f37e73d0eae950d18e8e59807ebc2b3d6ed8a,0,1,0,0,0.0,
0886857f463ea78dc2d660af4f0db2a58f8f5160,1,1,0,0,0.0,bc-device/docs/attendance.erm,luliang,tmax37;
9c24ba90be2e263ce873931149e537bd6e01994b,1,1,1,0,1.0,
478cc2a50bd574892e00faba129a6877893bf552,0,1,0,0,0.0,
a78855bebcad7022b5cf317ef33aaa2c97399b11,1,1,1,0,1.0,
9b6d7c9a22df2cd65fef577aed2011ad116b6691,0,3,0,0,0.0,
f76b4f755e53ec260546344e2fffe69f559bb238,0,1,0,0,0.0,
be796c4b27c194a6978572249b9dd8d40a63b953,0,1,0,0,0.0,
5b8ce93aba0be2eb42ae0bc1a1eac6fafc8bc768,0,1,0,0,0.0,
a97b803f8ae65ebc425211f2ab4208d24ff34c86,0,1,0,0,0.0,
3970042b0a518d3e81004461195365de315032e7,1,1,0,0,0.0,bc-template/src/main/java/cn/bc/template/web/struts2/TemplateAction.java,fatfish,zxr;
fbd7101c6bd533726ed60a52932d17d5733c01c0,0,1,0,0,0.0,
95e40efe81c8ec83853450337f84af006a23f48b,1,1,0,0,0.0,bc-template/src/test/resources/cn/bc/template/word/xml2003Tpl.xml,rongjihuang,fatfish;
7996e7bc6333acca8a0db6ab10172a8d47ccba54,0,1,0,0,0.0,
9de085f8c05f79e6948d450b0d293169c8495f48,0,1,0,0,0.0,
20948e949ce4de0ce82c04cac1377c22bad79d98,0,1,0,0,0.0,
