Hash,Devs intersection,Conflicted files,Conflicted files caused by same dev,Null files,Conflicted files caused by same dev / Conflicted files
dbf05169d6048f26b2ef0b314cdb6433245faeea,1,68,20,2,0.29411764705882354,beam-core/src/test/java/org/esa/beam/dataio/dimap/DimapHeaderWriterTest.java,Marco Peters,thomass;beam-core/src/main/resources/module.xml,Norman,Marco Peters;beam-unmix/pom.xml,Norman,Marco Peters;beam-visat-rcp/src/main/java/org/esa/beam/visat/toolviews/placemark/InsertPlacemarkInteractor.java,Marco Peters,thomass;beam-chris-reader/src/test/java/org/esa/beam/dataio/chris/ChrisProductReaderLoadedAsServiceTest.java,Norman,Marco Peters;lib-netcdf/pom.xml,Norman,Marco Peters;beam-rtp-codec/pom.xml,Norman,Marco Peters;beam-gpf/src/main/java/org/esa/beam/gpf/operators/standard/reproject/ReprojectionOp.java,Marco Peters,thomass;beam-visat-rcp/src/test/java/org/esa/beam/visat/toolviews/placemark/PinPositionTest.java,Marco Peters,thomass;beam-cluster-analysis/pom.xml,Norman,Marco Peters;beam-core/src/main/java/org/esa/beam/framework/dataio/ProductProjectionBuilder.java,Marco Peters,thomass;beam-collocation/pom.xml,Norman,Marco Peters;beam-scripting/src/main/resources/module.xml,Norman,Marco Peters;blue-marble-worldmap/pom.xml,Norman,Marco Peters;beam-chris-reader/pom.xml,Norman,Marco Peters;beam-core/src/main/java/org/esa/beam/framework/dataio/ProductSubsetBuilder.java,Marco Peters,thomass;beam-modis-reader/pom.xml,Norman,Marco Peters;beam-alos-reader/pom.xml,Norman,Marco Peters;beam-chris-reader/src/main/resources/module.xml,Norman,Marco Peters;beam-meris-smile/pom.xml,Norman,Marco Peters;beam-meris-ndvi/pom.xml,Norman,Marco Peters;beam-obpg-reader/src/main/resources/module.xml,Norman,Marco Peters;beam-meris-smac/pom.xml,Norman,Marco Peters;beam-scripting/pom.xml,Norman,Marco Peters;beam-flhmci/pom.xml,Norman,Marco Peters;beam-hdf5-writer/pom.xml,Norman,Marco Peters;beam-netcdf-reader/pom.xml,Norman,Marco Peters;beam-gpf/src/test/java/org/esa/beam/gpf/operators/standard/WriteOpTest.java,Marco Peters,thomass;beam-bootstrap/pom.xml,Norman,Marco Peters;beam-gpf/src/test/java/org/esa/beam/gpf/operators/standard/reproject/ReprojectionOpTest.java,Marco Peters,thomass;beam-core/src/main/java/org/esa/beam/dataio/dimap/DimapProductHelpers.java,Marco Peters,thomass;lib-hdf/pom.xml,Norman,Marco Peters;beam-aatsr-sst/pom.xml,Norman,Marco Peters;beam-meris-cloud/pom.xml,Norman,Marco Peters;beam-avhrr-reader/pom.xml,Norman,Marco Peters;beam-ui/src/main/resources/module.xml,Norman,Marco Peters;beam-obpg-reader/pom.xml,Norman,Marco Peters;beam-landsat-reader/pom.xml,Norman,Marco Peters;beam-getasse30-reader/pom.xml,Norman,Marco Peters;beam-visat-rcp/src/main/java/org/esa/beam/visat/toolviews/layermanager/editors/VectorDataLayerEditor.java,Norman,Marco Peters;beam-atsr-reader/pom.xml,Norman,Marco Peters;beam-merisl3-reader/pom.xml,Norman,Marco Peters;beam-geotiff/pom.xml,Norman,Marco Peters;beam-meris-radtorefl/pom.xml,Norman,Marco Peters;beam-core/src/test/java/org/esa/beam/framework/dataio/ProductSubsetBuilderTest.java,Marco Peters,thomass;beam-mosaic/pom.xml,Norman,Marco Peters;beam-processing/src/main/resources/module.xml,Norman,Marco Peters;beam-pconvert/pom.xml,Norman,Marco Peters;
0c261642dd581d14423e6ba124ababce9f92a792,0,1,0,0,0.0,
c886615b03801e1abc629e89f765bf4e5dc2d819,1,1,0,0,0.0,beam-core/src/main/java/org/esa/beam/framework/datamodel/PixelGeoCoding.java,martin-boettcher,Tonio Fincke;
70f10d0d779c176266fcdf855f26f868e31a5801,0,1,0,0,0.0,
6f5bf6177af0c6d642abd0ee8d75c756a769fe5e,1,5,0,0,0.0,beam-core/src/main/java/org/esa/beam/framework/datamodel/PixelGeoCoding.java,martin-boettcher,marpet;beam-installer/beam.install4j,Norman Fomferra,marpet;beam-core/src/main/java/org/esa/beam/framework/datamodel/StxFactory.java,Ralf Quast,Tonio Fincke;beam-core/src/main/resources/module.xml,Ralf Quast,marpet;beam-aatsr-sst/pom.xml,Ralf Quast,thomasstorm;
91fefb2c7f97aa333b41fae746fbe087333c07ac,0,1,0,0,0.0,
af4130940787ceffcf4098510add56e6a81e771f,0,1,0,0,0.0,
3fced5b4d5f27fcd02927be71742570275feb9d5,1,1,1,0,1.0,
7790a8e942f4cbc093b07b0aa19712c88393efed,1,1,0,0,0.0,beam-geotiff/src/main/java/org/esa/beam/dataio/geotiff/GeoTiffProductReader.java,Norman Fomferra,marpet;
89d9f5d184598c5d0bb8b9c08c9f2f3ebf085dfd,0,1,0,0,0.0,
31829cecc3110751b4d720ae41066a23325c1028,0,3,0,0,0.0,
659b3e0e0bd4fa0a3ccadf4f50101ecac5405e0c,0,54,0,0,0.0,
84663d6e91ef7c99e685178a85f944e34e2520f1,1,4,4,0,1.0,
d73f9b656f06f71326d6a7847923e209725f3112,1,1,1,0,1.0,
b1032abf6d44d4db51a93b4fa8052fd2e4272e96,0,1,0,0,0.0,
b4f30937fb593b66c6f351e2ded99b5408785259,1,62,11,2,0.1774193548387097,beam-installer/beam.install4j,marpet,martin-boettcher;beam-core/src/main/resources/module.xml,marpet,martin-boettcher;beam-binning2/src/main/resources/module.xml,marpet,martin-boettcher;beam-plugin-parent/pom.xml,sabine,martin-boettcher;beam-netcdf/src/main/resources/module.xml,marpet,martin-boettcher;beam-system/pom.xml,sabine,thomasstorm;beam-binning2/src/main/java/org/esa/beam/binning/operator/GeneralSpatialBinCollector.java,Marco Zuehlke,martin-boettcher;beam-netcdf/src/main/java/org/esa/beam/dataio/netcdf/nc/N4FileWriteable.java,marpet,martin-boettcher;beam-temporal-percentile-op/pom.xml,sabine,thomasstorm;beam-gpf/src/test/java/org/esa/beam/gpf/operators/standard/BandMathsOpTest.java,marpet,martin-boettcher;beam-binning2/src/test/java/org/esa/beam/binning/aggregators/AggregatorAverageMLTest.java,marpet,Marco Zuehlke;beam-core/src/main/java/org/esa/beam/dataio/dimap/DimapProductWriter.java,sabine,martin-boettcher;beam-binning2/src/main/java/org/esa/beam/binning/operator/FileBackedSpatialBinCollector.java,Marco Zuehlke,martin-boettcher;beam-binning2/src/main/java/org/esa/beam/binning/aggregators/AggregatorAverageML.java,marpet,Marco Zuehlke;beam-time-series-tool/pom.xml,sabine,thomasstorm;readme.html,marpet,martin-boettcher;beam-binning2/src/test/java/org/esa/beam/binning/aggregators/AggregatorAverageTest.java,marpet,Marco Zuehlke;beam-binning2/src/test/java/org/esa/beam/binning/aggregators/AggregatorOnMaxSetWithMaskTest.java,marpet,Marco Zuehlke;beam-core/src/main/java/org/esa/beam/jai/ImageManager.java,marpet,martin-boettcher;beam-binning2/src/main/java/org/esa/beam/binning/aggregators/AggregatorOnMaxSetWithMask.java,marpet,Marco Zuehlke;beam-core/src/main/java/org/esa/beam/framework/datamodel/PixelPosEstimator.java,Ralf Quast,martin-boettcher;beam-binning2/src/test/java/org/esa/beam/binning/aggregators/AggregatorPercentileTest.java,marpet,Marco Zuehlke;beam-meris-radiometry/src/main/resources/module.xml,marpet,martin-boettcher;beam-meris-radiometry/pom.xml,marpet,thomasstorm;beam-binning2/src/test/java/org/esa/beam/binning/operator/GeneralSpatialBinCollectorTest.java,Marco Zuehlke,martin-boettcher;beam-core/src/main/java/org/esa/beam/framework/datamodel/PixelGeoCoding2.java,Ralf Quast,sabine;beam-pixel-extraction/src/main/java/org/esa/beam/pixex/output/PixExMeasurementFactory.java,sabine,marpet;beam-binning2/src/main/java/org/esa/beam/binning/aggregators/AggregatorMinMax.java,marpet,Marco Zuehlke;beam-opendap/src/main/resources/doc/help/opendapclient/style.css,marpet,thomasstorm;beam-binning2/src/main/java/org/esa/beam/binning/support/PlateCarreeGrid.java,marpet,martin-boettcher;beam-core/src/main/java/org/esa/beam/framework/datamodel/PixelGeoCoding.java,Marco Zuehlke,sabine;beam-pixel-extraction/src/main/java/org/esa/beam/pixex/PixExOp.java,marpet,thomasstorm;beam-binning2/src/main/java/org/esa/beam/binning/aggregators/AggregatorPercentile.java,marpet,Marco Zuehlke;beam-core/src/test/java/org/esa/beam/jai/ImageManagerTest.java,Norman Fomferra,sabine;beam-binning2/src/main/java/org/esa/beam/binning/aggregators/AggregatorOnMaxSet.java,marpet,Marco Zuehlke;beam-binning2/src/main/java/org/esa/beam/binning/aggregators/AggregatorAverage.java,marpet,Marco Zuehlke;beam-core/src/main/java/org/esa/beam/dataio/dimap/DimapProductReader.java,sabine,martin-boettcher;VERSION.txt,marpet,martin-boettcher;beam-installer/pom.xml,marpet,thomasstorm;beam-core/src/test/java/org/esa/beam/util/VersionCheckerTest.java,marpet,martin-boettcher;beam-binning2/pom.xml,marpet,thomasstorm;beam-visat-rcp/src/main/java/org/esa/beam/visat/toolviews/stat/AxisRangeControl.java,sabine,martin-boettcher;beam-binning2/src/test/java/org/esa/beam/binning/aggregators/AggregatorOnMaxSetTest.java,marpet,Marco Zuehlke;beam-core/src/main/java/org/esa/beam/framework/datamodel/Product.java,marpet,martin-boettcher;CHANGELOG.txt,marpet,thomasstorm;beam-landsat-reader/src/test/java/org/esa/beam/dataio/landsat/tgz/VirtualDirTgzTest.java,marpet,martin-boettcher;beam-binning2/src/test/java/org/esa/beam/binning/aggregators/AggregatorMinMaxTest.java,marpet,Marco Zuehlke;beam-binning2/src/test/java/org/esa/beam/binning/operator/FileBackedSpatialBinCollectorTest.java,Marco Zuehlke,martin-boettcher;beam-core/src/test/java/org/esa/beam/framework/datamodel/PixelPosEstimatorTest.java,Ralf Quast,sabine;
61e53306a7f6cdeef771e69c780724b19f138186,1,5,5,0,1.0,
00f5afaed433c48ceb647377a47f126f4acd73f9,0,1,0,0,0.0,
850455556cad0832d8eff0929ac31dd85397283a,0,1,0,0,0.0,
