Hash,Devs intersection,Conflicted files,Conflicted files caused by same dev,Null files,Conflicted files caused by same dev / Conflicted files
7ab1a4bef8963901ddf905807fd112a5b1dcbbeb,0,2,0,0,0.0,
44fffd22271963726e10e33b3ca6cf9bc80c4f0c,0,12,0,0,0.0,
2527d1ce305a7f2b7c4a37454b96c64d38979b7f,1,8,5,0,0.625,web/src/main/webapp/WEB-INF/betterform-config.xml,JoernT,Lars Windauer;web/src/main/lib/slf4j-api-1.6.1.jar,JoernT,Lars Windauer;web/src/main/webapp/WEB-INF/betterform-config.template.xml,JoernT,Lars Windauer;
ba76917a1327e6888e7bb2894e853b6f03022a14,1,2,1,0,0.5,src/main/lib/betterform-3.2.0-prerelease-js-optimized.zip,Lars Windauer,Tobi Krebs;
a1af703482e3d49b504cad20f098d5cc6d2528bf,1,6,2,0,0.3333333333333333,core/src/main/java/de/betterform/xml/xpath/impl/saxon/SaxonXPathExpressionSerializer.java,Tobi Krebs,Robert Netzschwitz;core/src/main/java/de/betterform/xml/xpath/impl/saxon/SaxonReferenceFinderImpl.java,Tobi Krebs,Robert Netzschwitz;core/src/main/resources/META-INF/version.info,Lars Windauer,Tobi Krebs;core/build.number,Lars Windauer,Tobi Krebs;
1e949829d598776d081352e582dbbde88919db35,1,6,4,0,0.6666666666666666,web/src/main/java/de/betterform/agent/web/filter/XFormsFilter.java,Tobi Krebs,JoernT;web/src/main/webapp/WEB-INF/betterform-version.info,JoernT,Tobi Krebs;
0855e9375e83d24f908aca0f98061f52123c6750,0,2,0,0,0.0,
8990df1d1f2319134624e248f351a6fa4b311811,0,12,0,0,0.0,
745e40f7431a0099634ba847d09ea19a535e0342,1,5,0,0,0.0,web/src/main/java/de/betterform/agent/web/WebProcessor.java,JoernT,Lars Windauer;web/src/main/java/de/betterform/agent/web/filter/XFormsFilter.java,JoernT,Lars Windauer;core/src/main/resources/META-INF/version.info,Tobi Krebs,Lars Windauer;web/src/main/webapp/WEB-INF/betterform-version.info,Tobi Krebs,Lars Windauer;core/build.number,Tobi Krebs,Lars Windauer;
3121959fa2c06cc34a9f6aea3969b9878550479c,1,2,2,0,1.0,
a42d8335ed1945eb24f484bf76b1178e335f71ae,1,1,0,0,0.0,core/src/test/java/de/betterform/xml/xforms/ContainerTest.java,Tobi Krebs,JoernT;
