Hash,Devs intersection,Conflicted files,Conflicted files caused by same dev,Null files,Conflicted files caused by same dev / Conflicted files
a9ef50500f103f7d1236ef0d9c1e51727b43b706,1,34,7,2,0.20588235294117646,bonecp/src/main/java/com/jolbox/bonecp/BoneCPDataSource.java,Wallace,Wallace Wadge;.classpath,Wallace,Wallace Wadge;bonecp/src/test/java/com/jolbox/bonecp/TestStatementCache.java,ww,Wallace Wadge;bonecp-spring/pom.xml,Wallace,Wallace Wadge;bonecp/src/main/java/com/jolbox/bonecp/StatementHandle.java,Wallace,Wallace Wadge;bonecp/src/test/java/com/jolbox/bonecp/hooks/TestConnectionHook.java,Wallace,Wallace Wadge;pom.xml,Wallace,Wallace Wadge;bonecp/src/main/java/com/jolbox/bonecp/MemorizeTransactionProxy.java,Wallace,Wallace Wadge;bonecp/src/test/java/com/jolbox/bonecp/TestMemorizeTransactionProxy.java,Wallace,Wallace Wadge;bonecp/src/test/java/com/jolbox/bonecp/TestConnectionHandle.java,Wallace,Wallace Wadge;bonecp/src/test/java/com/jolbox/bonecp/TestPoolUtil.java,Wallace,Wallace Wadge;bonecp/src/main/java/com/jolbox/bonecp/PoolUtil.java,Wallace,Wallace Wadge;bonecp/src/main/java/com/jolbox/bonecp/CallableStatementHandle.java,ww,Wallace Wadge;bonecp-hbnprovider/pom.xml,Wallace,Wallace Wadge;bonecp/src/test/java/com/jolbox/bonecp/hooks/CustomHook.java,Wallace,Wallace Wadge;bonecp/src/main/java/com/jolbox/bonecp/BoneCP.java,Wallace,Wallace Wadge;bonecp/src/main/java/com/jolbox/bonecp/PreparedStatementHandle.java,Wallace,Wallace Wadge;bonecp/src/main/java/com/jolbox/bonecp/CloseThreadMonitor.java,Wallace,Wallace Wadge;.settings/org.eclipse.jdt.core.prefs,Wallace,Wallace Wadge;bonecp/src/main/java/com/jolbox/bonecp/hooks/AbstractConnectionHook.java,Wallace,Wallace Wadge;bonecp/pom.xml,Wallace,Wallace Wadge;bonecp/src/main/java/com/jolbox/bonecp/hooks/ConnectionHook.java,Wallace,Wallace Wadge;bonecp/src/main/java/com/jolbox/bonecp/ConnectionHandle.java,Wallace,Wallace Wadge;bonecp-benchmark/pom.xml,ww,Wallace Wadge;bonecp/src/main/java/com/jolbox/bonecp/BoneCPConfig.java,Wallace,Wallace Wadge;
788ba28fd43f659c0ee89927986833415b078684,0,1,0,0,0.0,
9016d6d43f389a6a446b4d3e821d5163ecb5e175,0,5,0,0,0.0,
ca854b67b1cc1cc7433525cbb17eef8c8e4af694,0,2,0,0,0.0,
0f502ca7e306fddc4c3a91c5f40f66fa66c6bc52,2,3,3,0,1.0,
7511106a89c61c9881fed65b43ec13735bda87fb,1,9,0,0,0.0,bonecp-hbnprovider/pom.xml,Wallace Wadge,wallacew;bonecp/src/main/java/com/jolbox/bonecp/ConnectionPartition.java,Wallace Wadge,wallacew;bonecp/src/main/java/com/jolbox/bonecp/BoneCP.java,Wallace Wadge,wallacew;bonecp/src/test/java/com/jolbox/bonecp/TestConnectionHandle.java,Wallace Wadge,wallacew;bonecp/pom.xml,Wallace Wadge,wallacew;bonecp/src/main/java/com/jolbox/bonecp/ConnectionHandle.java,Wallace Wadge,wallacew;bonecp/src/main/java/com/jolbox/bonecp/ConnectionTesterThread.java,Wallace Wadge,wallacew;bonecp-benchmark/pom.xml,Wallace Wadge,wallacew;pom.xml,Wallace Wadge,wallacew;
720695776c81a3d8cdffeb73edc0fe780c42452f,1,2,2,0,1.0,
472a02eb53c4987d319c8a856eac97def4d45c5d,2,2,2,0,1.0,
e445db669fdaf20f322e3ac2e4421fc5519481ce,2,5,5,0,1.0,
eabcddb81f98c86b7d8fd2047812e26ecf8d6187,2,7,7,0,1.0,
bae77157c64b22116da1cd14fb20031ca3ca871a,2,4,4,0,1.0,
