Hash,Merge timestamp,Branching time,Merge isolation time,Devs 1,Devs 2,Different devs,Same devs,Devs intersection,Commits 1,Commits 2,Changed files 1,Changed files 2,Changed files intersection,Has conflict?,Conflicted Files,Chunks
e287802f81256a6618ffe96d59a08808323c5b5a,2013-03-18 21:13:43 +0100,0.6253125,3.9584606,1,1,2,0,0,1,2,2,14,1,YES,1,1
53210afac3df6f76bd439e498a9cca79d9d3d7d6,2012-06-29 16:30:36 +0200,23.3515046,28.0716782,1,1,2,0,0,1,17,2,55,1,YES,1,1
664d0ed678dfdb9e0400dfc8034f51d4edc746c4,2012-01-26 14:38:09 +0100,0.2101852,1.1843981,1,1,2,0,0,1,2,1,16,1,YES,1,1
93b982b267be99d72b389f84155758e96fc57b4c,2013-03-14 22:11:15 +0100,6.1037269,6.3693171,1,1,2,0,0,1,7,1,25,1,YES,1,1
cb6de1bae507aefe65f60486cebe5d7160604eb9,2012-01-30 19:47:55 +0100,4.4215162,5.3995139,1,2,3,0,0,2,10,10,27,1,YES,4,7
