Hash,Devs intersection,Conflicted files,Conflicted files caused by same dev,Null files,Conflicted files caused by same dev / Conflicted files
49a0611f03230df2243a0924579727ae1b7d65f5,2,1,1,0,1.0,
2580d8e0ecae8e33c97df6b7a61de5a78fff3631,2,1,1,0,1.0,
e724a074bb664d610a673567831c1a60a8e4c476,2,6,6,0,1.0,
38443ee9a390e3f42db3e29660c432f35bc0c9f8,2,1,1,0,1.0,
5aa7b19ef2a09a7c8dbc7ced970e1089afbb4c00,2,1,1,0,1.0,
c2958ea1cdf36e67afbfcc1ec4da1c38cbf39052,2,4,1,3,0.25,
f5cdf1456d102075d8ecd86d89cd5cc22f9dd40b,2,1,1,0,1.0,
bf421d4d05bb4a119f3067ebd054a1ba472cf04b,0,1,0,0,0.0,
