Hash,Merge timestamp,Branching time,Merge isolation time,Devs 1,Devs 2,Different devs,Same devs,Devs intersection,Commits 1,Commits 2,Changed files 1,Changed files 2,Changed files intersection,Has conflict?,Conflicted Files,Chunks
8b72947b3d04735886acab9b1104b131f9b22512,2014-01-01 17:51:26 -0500,0.0109259,0.0145949,1,1,2,0,0,2,1,4,6,1,NO,0,0
3eed1481da544e1a3575e15a60e902fe631ed33e,2014-01-01 14:45:45 -0800,0.0067708,0.0398032,1,1,2,0,0,1,1,1,6,1,NO,0,0
df31200e4c88b863dd992a71e1afc97c11bec16e,2014-01-01 16:20:40 -0600,0.0646644,0.1565509,1,1,2,0,0,1,2,6,5,1,YES,1,1
6f9ed98e7b3ec82351ccdf2c1eabdac4bb382221,2012-11-10 23:51:46 -0500,0.1059491,0.1427083,1,1,2,1,2,8,3,17,2,1,YES,1,1
