Hash,Devs intersection,Conflicted files,Conflicted files caused by same dev,Null files,Conflicted files caused by same dev / Conflicted files
cde5f97c5ac13126ecc3db0bfd84b7dc0a01be5a,2,1,1,0,1.0,
31efefadf6c4f54b0a158b5ae81950b9cdee65ac,2,2,2,0,1.0,
9a75590dcb26f2e91a661bcf78bed1920e0789ae,2,3,3,0,1.0,
39c343dfb07d4c8c821ef4a03bfef5344022cd51,2,1,1,0,1.0,
c7baac856ef417135d3e3660bebd5c5c029ab3d5,2,3,3,0,1.0,
86170237ee63bf94fb607c5900943319d1e011f3,2,11,11,0,1.0,
ab2b25e94fa4e564e3d7d4995a67b42e46e7d07f,2,1,1,0,1.0,
246dca805b0d0ad6ccc6ece67d87dd8221657f4a,2,1,1,0,1.0,
6e294e3d359a6977fc505108301dd0dc955bf85f,2,3,3,0,1.0,
cc340498de561133d79c785d65fc1b2cf1583669,2,2,2,0,1.0,
8c55c37e4f889004ac1f919b8d85e71a7d495510,2,1,1,0,1.0,
aca904fd2765d2ae22d356c1fe28174e7636be91,2,2,2,0,1.0,
ff77443a700596e16578bee845f873bd1a7791c4,2,1,1,0,1.0,
2c917132af8eebcd4cd7eb7f0f9bc291eefb1191,2,3,3,0,1.0,
9dfc560daa981b4a0549a27f740c96027e8f2624,2,7,7,0,1.0,
3b2df827bff07c3bd7027ef6cff279319518f1f1,0,23,0,0,0.0,
4c17db9d5527872b07c5507fa805ac052cc8b1d6,2,1,1,0,1.0,
ff8ce830e375033e045f6f36613a93a36462ff2b,1,4,3,1,0.75,
db2414863a5fc66d8522fc9feb584106ab9bcbcb,2,4,3,1,0.75,
102370bf301baf52abcb48665f9ba92289f7a561,2,3,2,1,0.6666666666666666,
0693a06ce002feb0f8ab0f5ea86ad8a0d54bd65e,1,5,4,1,0.8,
8252cf85964152b6b245b3a23713c9c211696e18,2,1,1,0,1.0,
d119387b39b196695c8aa7712cee212e17049bb4,2,16,11,1,0.6875,bostonBusMap/.gitignore,George Schneeloch,George S;bostonBusMap/src/boston/Bus/Map/parser/SubwayRouteConfigFeedParser.java,George Schneeloch,George S;bostonBusMap/src/boston/Bus/Map/parser/CommuterRailRouteConfigParser.java,George Schneeloch,George S;bostonBusMap/src/boston/Bus/Map/transit/BusTransitSource.java,George Schneeloch,George S;
95ad5569a129ee445196a3820a8efa6b411fcbeb,2,2,2,0,1.0,
b52f8bc89f74fe9c2273899186a9703c6d69a9ea,2,2,2,0,1.0,
ed13c03076bd771435250b0d79998da54a2aeb00,2,2,2,0,1.0,
71d5177ce294d66a1a5c23285b94a562d018234c,2,1,1,0,1.0,
df9cdfbbe853ad7e9a2212060d65a444dd03a396,2,2,2,0,1.0,
a680373ae15003d6bbd1a15e4e7cd9704ccde75a,2,1,1,0,1.0,
82f86824826f0aaa1c32ec6cbc2b6665ecb2ce1b,2,5,5,0,1.0,
3dc7cd22a3f73e0225218465c6ca3260e9baa0d1,2,1,1,0,1.0,
ac1f20acb403558c8319c3adcb24466afecac076,0,9,0,0,0.0,
43970e22c43ae7590562273fc2b511425283c821,0,1,0,0,0.0,
1c7dcefb5b7f42371e595f8d14e6ee301fa7f078,2,2,2,0,1.0,
a0eca81b89850e7e51091f229eb7210e137655f2,2,4,4,0,1.0,
472c9be0393a100569c4d7887340b8f3f70621a7,2,5,5,0,1.0,
89dde8c1d5e9e3732adf61edbc77b613bbdd52da,2,1,1,0,1.0,
c76cd3229c4185f222a72403ca5c61e1fcc08d02,0,12,0,0,0.0,
871c1ba7b8d63a3e005eeacc62db025aaa61b941,2,1,1,0,1.0,
9e93909dbcaa27a1dde1d6ebbbcf70df7e5a3dbf,2,2,2,0,1.0,
6ab3a0e84369af5feb263976c786d1e44a1be6fd,2,3,3,0,1.0,
fcca1adc8b53ffed6edc8a71f03377e3d62469ce,2,38,30,8,0.7894736842105263,
7894a449a9a1ea3d13f56d4addfe84ea41da6735,2,11,10,1,0.9090909090909091,
f05c9413099a649b2313e384bdd0fce9ccd5aaaa,0,10,0,0,0.0,
46db821d4950dd1a0c9de922447bbf0b72637e7e,2,12,11,1,0.9166666666666666,
9469e674281ecff2e8604d123f35535783544df5,0,1,0,0,0.0,
d2e86e3131fc2fe3e1d3140b4fe1fa701266a927,2,3,3,0,1.0,
101d54516167d47bacaa5e0dd37b6bac8421e559,2,1,1,0,1.0,
93c4d67c759cfcf2e8795e6d2c7302a7e9f47950,2,2,1,0,0.5,bostonBusMap/AndroidManifest.xml,George S,George Schneeloch;
9ea0337f34cf8b906b54c31eed66af869d35fb47,2,2,2,0,1.0,
b508315b82432e9db39a4989f86d7e4b4c70afa9,2,1,1,0,1.0,
7d267b9a19a6988f0ce2afc4eab2eee046902c6d,2,11,11,0,1.0,
d702f2a90eca5fd56d9b1135f5cf08d4605bd3fb,0,21,0,0,0.0,
3f078dd8e7919ce2f3a825a712fa73adcd09d748,2,10,10,0,1.0,
700b104d453d66b57eda1b1d5474c6c40c2a9591,2,6,6,0,1.0,
b29babe7504fa33e0e384e5b9556aacba8c6a82e,2,4,4,0,1.0,
9cb1f4a2307749e55f58c80a8f0508c675a484b6,2,5,5,0,1.0,
c1ddebf9680d26011502dfdb595e81b67e84f682,2,3,3,0,1.0,
d16bcc9338be87edc86e314e535c3e0ea4115c78,2,3,2,1,0.6666666666666666,
ab7cb8bb250979ab05a2b57f4057b2d4ae53c2df,2,3,3,0,1.0,
a39ebdb5635132e08c159a81bd872688f493e3dd,2,10,10,0,1.0,
f9565dd1562fc54ff1fd75e12c078e84c70846ca,2,3,3,0,1.0,
45c6fa9b92cec70062ce217b35002835d32a56b0,2,1,1,0,1.0,
9feb2cb107057d29c1b135c88b1343df411f2ecb,2,4,4,0,1.0,
4b050da44eee32770f9ec860d3b48b303be70bf2,2,1,1,0,1.0,
a48003939121fad9a8e6677794d626aaf458ba65,2,1,1,0,1.0,
6cb960853ac2e78d4f68cd46698da9080e08a70d,2,3,2,1,0.6666666666666666,
e7e520dfaee6a38cfa2f2f048fa79ca09a85b17b,2,1,1,0,1.0,
11e4fe6dd7b9a5a1672a9ed8be4cfbe325e4f5ff,2,3,3,0,1.0,
639b1e8fa6aadd8f2e83593e1f8abf8dc723a0ec,0,3,0,0,0.0,
af6bcb76a6eead9ef52ccc58b62ce8c7151f74a4,2,1,1,0,1.0,
fe62c286c3a07b2ff3f3a9cdbd7581ed48a750cd,2,1,1,0,1.0,
fd17d4ada400aaad9bb1a45eb402eef4860084db,2,3,3,0,1.0,
172db6df4f79431bbda6c90172e278a44476ea95,2,2,2,0,1.0,
22f8641b3230865f09a7fc8d012c6fd326288c6b,2,1,0,0,0.0,bostonBusMap/src/boston/Bus/Map/data/StopLocation.java,George S,George Schneeloch;
fdf72187e8c5dc60c479f118daea08a4eab26f2d,2,1,1,0,1.0,
ff940af8fe6d5affd3dc4ecc7d29bdb9ae9dc42e,2,4,4,0,1.0,
95eb29293052f323e4eab6cc2be0dbb67752e95e,0,1,0,0,0.0,
416ed7a25358a6b2c52228204da2d1170d830a82,2,5,5,0,1.0,
a86a50dfbe7be40a938ed5f194d614628ae95ee9,2,1,1,0,1.0,
27a004226b05ea5754d63bde70cdacbc9b6405d6,2,1,1,0,1.0,
41b2458a5ddc969ae05ff7e9baba27aa62abbddc,0,20,0,0,0.0,
937af49d1bf3da76df77991a42431bd4fb251402,2,2,2,0,1.0,
4ac171b63abbf54d441c82ec7a578b327662ee60,2,2,2,0,1.0,
8f0d50d226f97bb0654196894884f77c5c8870f8,2,4,4,0,1.0,
d282bcb27a089c45ded1f8cc898e2b96fd60d159,2,1,1,0,1.0,
b4284ad24e4b201f2f2ab01b31e49c3914ffed3e,2,17,1,2,0.058823529411764705,bostonBusMap/.gitignore,George Schneeloch,George S;bostonBusMap/src/boston/Bus/Map/test/TestDateFormat.java,George S,George Schneeloch;bostonBusMap/src/boston/Bus/Map/data/CommuterRailPrediction.java,George S,George Schneeloch;bostonBusMap/src/boston/Bus/Map/data/CommuterRailStopLocation.java,George S,bostonbusmap@gmail.com;bostonBusMap/src/boston/Bus/Map/transit/TransitSystem.java,George S,bostonbusmap@gmail.com;bostonBusMap/src/boston/Bus/Map/parser/CommuterRailPredictionsFeedParser.java,George S,bostonbusmap@gmail.com;bostonBusMap/src/boston/Bus/Map/transit/CommuterRailTransitSource.java,George S,bostonbusmap@gmail.com;bostonBusMap/src/boston/Bus/Map/transit/SubwayTransitSource.java,George S,bostonbusmap@gmail.com;bostonBusMap/src/boston/Bus/Map/parser/SubwayRouteConfigFeedParser.java,George S,bostonbusmap@gmail.com;bostonBusMap/src/boston/Bus/Map/parser/SubwayPredictionsFeedParser.java,George S,bostonbusmap@gmail.com;bostonBusMap/src/boston/Bus/Map/data/CommuterTrainLocation.java,George S,George Schneeloch;bostonBusMap/src/boston/Bus/Map/database/DatabaseHelper.java,George S,bostonbusmap@gmail.com;bostonBusMap/src/boston/Bus/Map/parser/CommuterRailRouteConfigParser.java,George S,bostonbusmap@gmail.com;bostonBusMap/src/boston/Bus/Map/transit/BusTransitSource.java,George S,bostonbusmap@gmail.com;
9f604607247502247eef0046261699ce137512a7,2,16,5,2,0.3125,bostonBusMap/.gitignore,George Schneeloch,George S;bostonBusMap/src/boston/Bus/Map/test/TestDateFormat.java,George S,George Schneeloch;bostonBusMap/src/boston/Bus/Map/data/CommuterRailPrediction.java,George S,George Schneeloch;bostonBusMap/src/boston/Bus/Map/transit/TransitSystem.java,George S,George Schneeloch;bostonBusMap/src/boston/Bus/Map/parser/CommuterRailPredictionsFeedParser.java,George S,George Schneeloch;bostonBusMap/src/boston/Bus/Map/transit/CommuterRailTransitSource.java,George S,George Schneeloch;bostonBusMap/src/boston/Bus/Map/transit/SubwayTransitSource.java,George S,George Schneeloch;bostonBusMap/src/boston/Bus/Map/parser/SubwayPredictionsFeedParser.java,George S,George Schneeloch;bostonBusMap/src/boston/Bus/Map/data/CommuterTrainLocation.java,George S,George Schneeloch;
3efabf31867825de4967d5af893e6ff7c3ded596,0,14,0,0,0.0,
3104decb700e5b691ea587d82f5e0a18b9a9c850,2,6,6,0,1.0,
8486bf81d96c100881f31f0d4769c659b6c3b797,0,1,0,0,0.0,
4ae2c887df891cbc5dcd89a7a5605e04e6f9df08,2,1,1,0,1.0,
3e0c3df6096bc906cc33dcc3675ca9987c7e16fb,2,1,1,0,1.0,
