Hash,Merge timestamp,Branching time,Merge isolation time,Devs 1,Devs 2,Different devs,Same devs,Devs intersection,Commits 1,Commits 2,Changed files 1,Changed files 2,Changed files intersection,Has conflict?,Conflicted Files,Chunks
0829ab1f65c669c6e4822df87960b2146755ac5a,2011-05-20 13:57:19 -0700,0.8145255,1.9365278,1,1,2,1,2,2,1,8,7,1,YES,3,6
3f7a18a0eb1a533e9b8fc19e074d3216d8982caa,2011-06-02 14:09:16 -0500,15.1445486,15.1673032,4,3,7,3,1,16,12,11,10,1,YES,3,7
392533d28c1285c78a8f978beda81e8373bd3f1d,2011-04-21 09:29:33 -0400,0.7998843,0.8825579,3,2,5,2,1,9,3,30,13,1,YES,1,1
2b2dccbef0f4741f4404057a88f8073ff6e86b2a,2011-05-04 15:36:49 -0500,0.0367477,0.0672569,1,4,5,0,0,1,6,1,9,1,YES,1,1
d514fe55dc959b0cd80624b0f69afd4bf7116d38,2011-05-07 21:37:51 -0400,1.4198264,1.4679282,2,5,7,2,1,24,32,10,16,1,YES,1,2
