Hash,Devs intersection,Conflicted files,Conflicted files caused by same dev,Null files,Conflicted files caused by same dev / Conflicted files
29640697b1f3089a6d665660266cbafc0947cb89,1,3,3,0,1.0,
5e25d25d4cbac7569f0b29d5cc6b0ee1d8d59f3a,1,2,2,0,1.0,
67260f29d712ce6f6aeacc5aec0a4a72f7972733,1,1,1,0,1.0,
5683ed6565b8ae80630c3c82b75a09ee02fde81d,1,2,0,0,0.0,systems/paas/openshift/src/main/java/brooklyn/extras/openshift/OpenshiftLocation.java,Alex Heneveld,Aled Sage;core/src/main/java/brooklyn/entity/rebind/RebindManagerImpl.java,Alex Heneveld,Aled Sage;
7da55ffc7a849112627f94cd3610eaea2215cebc,1,1,0,0,0.0,examples/simple-nosql-cluster/src/main/java/brooklyn/demo/CumulusRDFApplication.java,Andrew Kennedy,Aled Sage;
d6e6e6f9f341e895416622a2ff6ef05f91b9d7c9,1,1,0,0,0.0,software/webapp/src/main/java/brooklyn/entity/webapp/tomcat/TomcatServer.java,Peter Veentjer,Aled Sage;
d63a252f6e89b6fc0e77523ae585db119f82e9e4,0,3,0,0,0.0,
7687b658d4ecc1c79cb719d90f07c45c4d2715f6,1,1,0,1,0.0,
59cbb61844f5e30e7c621d43925c08d32e29cd53,0,1,0,0,0.0,
481bfc489254a52b3a9c5063c8d8c2521462fa0e,1,1,0,0,0.0,software/base/src/main/java/brooklyn/entity/software/MachineLifecycleEffectorTasks.java,ahgittin,Sam Corbett;
e6e59f7e911ef6f65062677b48e9a259f1deefb3,1,1,0,1,0.0,
ce747968bbdadf2c0f7f58d6754e1464dca106c9,1,3,0,0,0.0,software/database/src/main/java/brooklyn/entity/database/postgresql/PostgreSqlNodeImpl.java,ahgittin,Andrew Kennedy;software/database/src/main/java/brooklyn/entity/database/mariadb/MariaDbNodeImpl.java,ahgittin,Andrew Kennedy;software/database/src/main/java/brooklyn/entity/database/mysql/MySqlNodeImpl.java,ahgittin,Andrew Kennedy;
13b737f0f5937a069ed637559a539430969791f5,1,2,0,0,0.0,core/src/main/java/brooklyn/entity/basic/ApplicationBuilder.java,ahgittin,Aled Sage;software/nosql/src/test/java/brooklyn/entity/nosql/redis/RedisIntegrationTest.java,ahgittin,Aled Sage;
9c3403788c40b5ba32f1d4f8618a393e11ca4a5d,1,1,0,0,0.0,core/src/main/java/brooklyn/location/basic/SshMachineLocation.java,ahgittin,Andrew Kennedy;
0789125c2de44f26e73671a19a010687b2f2688d,0,4,0,0,0.0,
1dc4577a0596011d1f2c2163ed822f6caa1427a1,0,1,0,0,0.0,
6ae36a64c91ef1e87da47364b81c521980ed3e89,0,1,0,0,0.0,
84fdb6763e2173e70139e3aed8eb5cc8ed14c31d,1,1,0,0,0.0,utils/jmx/jmxmp-ssl-agent/src/main/java/brooklyn/util/jmx/jmxmp/JmxmpAgent.java,ahgittin,Aled Sage;
5896e541675141e399de44f482b2505b4022acf2,0,9,0,0,0.0,
f93c6fedf7c334ed5bf4289154e1be5d445528cb,0,2,0,0,0.0,
0d12d94cac0a545a5788f48bf837b89518e0ccad,2,2,2,0,1.0,
d8a58f26c4fcaec49d4808da9385dfd4dd3af2dc,1,1,1,0,1.0,
fa4400db0aee0c1fedd3039fdce001c3498e3168,2,1,0,0,0.0,software/base/src/main/java/brooklyn/entity/chef/ChefLifecycleEffectorTasks.java,ahgittin,Alex Heneveld;
7b85a9de18a47d9130f91b15f5ebe27654d15f5c,0,1,0,0,0.0,
9f425654022a42da1aefc2ad80f916655c77a00a,0,2,0,0,0.0,
458a117c39d07546afd76250c0ca44a123e43b32,1,4,0,1,0.0,core/src/main/java/brooklyn/management/ha/HighAvailabilityManagerImpl.java,Alex Heneveld,Aled Sage;core/src/main/java/brooklyn/entity/rebind/RebindManagerImpl.java,Alex Heneveld,Aled Sage;usage/launcher/src/main/java/brooklyn/launcher/BrooklynLauncher.java,Alex Heneveld,Aled Sage;
