Hash,Devs intersection,Conflicted files,Conflicted files caused by same dev,Null files,Conflicted files caused by same dev / Conflicted files
b33db93017dd39c635401a48d88213262daf2461,2,1,0,0,0.0,src/main/java/org/buddycloud/channelserver/Configuration.java,Abmar Barros,Lloyd Watkin;
7b2bf424da601c418b2bccc0a39b5dbf8ed73d05,2,1,0,0,0.0,src/main/java/org/buddycloud/channelserver/packetprocessor/message/event/SubscriptionProcessor.java,Lloyd Watkin,Abmar Barros;
01ff69b404d4e6fdc94a0dacbf50856e50a9a6cd,0,1,0,0,0.0,
bc01763824f2ab363ee2be9718c77db9cb5e3755,0,81,0,0,0.0,
e16d0e4ce168bdf77149c171ad6b48cb63bda577,2,2,1,1,0.5,
4c34183b07939a79f13141734ee084a299b1075a,1,2,0,0,0.0,src/main/java/org/buddycloud/channelserver/db/jdbc/JDBCNodeStore.java,Lloyd Watkin,Abmar Barros;src/main/java/org/buddycloud/channelserver/db/jdbc/dialect/Sql92NodeStoreDialect.java,Lloyd Watkin,Abmar Barros;
a2e19050bf80ac690196226b491b59c99ead5d99,1,1,0,0,0.0,src/main/java/org/buddycloud/channelserver/channel/ChannelManagerImpl.java,Lloyd Watkin,abmargb;
577ed037ee9a2017fc02b871e104a9f644c09a2e,2,1,1,0,1.0,
a88c0b2446f0f3feeecb00041cede207c795eb67,0,6,0,0,0.0,
c0daab08a4d3af4ab7be092cd53a9fba7d51eaf5,2,3,0,0,0.0,src/test/java/org/buddycloud/channelserver/db/jdbc/JDBCNodeStoreMembershipTest.java,Lloyd Watkin,Abmar Barros;src/test/java/org/buddycloud/channelserver/db/jdbc/JDBCNodeStoreNodeMembersTest.java,Lloyd Watkin,Abmar Barros;src/test/java/org/buddycloud/channelserver/db/jdbc/JDBCNodeStoreUserMembershipsTest.java,Lloyd Watkin,Abmar Barros;
8645ad065fcc75f5b0c4df31abafd69aea225722,0,4,0,0,0.0,
ee775c17839e8b9f8ab990ffcf1afa29eb30b496,1,1,0,0,0.0,src/main/java/org/buddycloud/channelserver/Configuration.java,Abmar Barros,Lloyd Watkin;
ee3043efe741251853534591998abbc2a3823b3a,1,1,1,0,1.0,
e746268967301a644cf186725205f1d823a45a83,0,16,0,0,0.0,
80d0becca2d82332ee73da0bf55b44e2cfba532b,0,1,0,0,0.0,
48e4675ee2e4f2e1fe3a2603221fb47f0d124a7e,2,1,0,0,0.0,src/test/java/org/buddycloud/channelserver/packetprocessor/iq/namespace/pubsub/get/RepliesGetTest.java,Lloyd Watkin,Simon Tennant;
16fccb6debca05c76608e846e93b13dd4ff009b5,2,1,0,0,0.0,src/main/java/org/buddycloud/channelserver/packetprocessor/iq/namespace/pubsub/get/items/UserItemsGet.java,Lloyd Watkin,Abmar Barros;
