Hash,Devs intersection,Conflicted files,Conflicted files caused by same dev,Null files,Conflicted files caused by same dev / Conflicted files
ec19137dafef2a9df3c8f781291ba32b9e9eba34,1,1,1,0,1.0,
f7c611ad2754517698dcec988024ab44a8eef304,2,5,0,0,0.0,bugsnag-android-core/detekt-baseline.xml,fractalwrench,Jamie Lynch;bugsnag-android-core/src/main/java/com/bugsnag/android/DeviceDataCollector.kt,fractalwrench,Jamie Lynch;bugsnag-android-core/src/main/java/com/bugsnag/android/RootDetector.kt,fractalwrench,Jamie Lynch;bugsnag-android-core/src/test/java/com/bugsnag/android/RootDetectorTest.kt,fractalwrench,Jamie Lynch;CHANGELOG.md,fractalwrench,Jamie Lynch;
26ca5ee4397be5d87747d34bcc919c2b452af0d4,1,1,0,0,0.0,CHANGELOG.md,Steve Kirkland,Jamie Lynch;
3975e9faa071291bc9885dfdad53d36b0ac7a007,1,4,0,0,0.0,bugsnag-plugin-android-anr/src/main/jni/anr_handler.c,Karl Stenerud,Jamie Lynch;features/fixtures/mazerunner/jvm-scenarios/src/main/java/com/bugsnag/android/mazerunner/scenarios/CustomHttpClientFlushScenario.kt,Karl Stenerud,Steve Kirkland;features/fixtures/mazerunner/jvm-scenarios/src/main/java/com/bugsnag/android/mazerunner/scenarios/EmptyReportScenario.kt,Karl Stenerud,Steve Kirkland;CHANGELOG.md,Karl Stenerud,Jamie Lynch;
bc66c3ec22c0ca6cc070d441045ef6a38d6f0262,1,19,1,0,0.05263157894736842,bugsnag-plugin-react-native/src/test/java/com/bugsnag/android/NativeStackDeserializerTest.kt,Steve Kirkland,Jamie Lynch;bugsnag-android-core/src/main/java/com/bugsnag/android/EventStore.java,Steve Kirkland,Jamie Lynch;features/fixtures/mazerunner/jvm-scenarios/src/main/java/com/bugsnag/android/mazerunner/scenarios/CustomClientSessionFlushScenario.kt,Steve Kirkland,Jamie Lynch;bugsnag-android-core/src/test/java/com/bugsnag/android/StacktraceSerializationTest.kt,Steve Kirkland,Jamie Lynch;bugsnag-android-core/src/test/java/com/bugsnag/android/ThreadSerializationTest.kt,Steve Kirkland,Jamie Lynch;bugsnag-android-core/src/test/resources/stacktrace_serialization_5.json,Steve Kirkland,Jamie Lynch;bugsnag-plugin-react-native/src/main/java/com/bugsnag/android/NativeStackDeserializer.java,Steve Kirkland,Jamie Lynch;bugsnag-android-core/src/main/java/com/bugsnag/android/EventFilenameInfo.kt,Steve Kirkland,Jamie Lynch;bugsnag-android-core/src/test/java/com/bugsnag/android/StackframeSerializationTest.kt,Steve Kirkland,Jamie Lynch;bugsnag-plugin-react-native/src/main/java/com/bugsnag/android/EventDeserializer.kt,Steve Kirkland,Jamie Lynch;bugsnag-android-core/src/main/java/com/bugsnag/android/InternalReportDelegate.java,Steve Kirkland,Jamie Lynch;bugsnag-android-core/src/test/java/com/bugsnag/android/DeliveryHeadersTest.kt,Steve Kirkland,Jamie Lynch;CHANGELOG.md,Steve Kirkland,Jamie Lynch;bugsnag-android-core/src/main/java/com/bugsnag/android/EventInternal.kt,Steve Kirkland,Jamie Lynch;bugsnag-android-core/src/main/java/com/bugsnag/android/Stackframe.kt,Steve Kirkland,Jamie Lynch;features/fixtures/mazerunner/cxx-scenarios/detekt-baseline.xml,Steve Kirkland,Jamie Lynch;bugsnag-android-core/src/main/java/com/bugsnag/android/DeliveryHeaders.kt,Steve Kirkland,Jamie Lynch;bugsnag-android-core/src/test/java/com/bugsnag/android/EventFilenameTest.kt,Steve Kirkland,Jamie Lynch;
fb5fa45184ced50ded1f388b60735cb0a16d82f7,1,1,0,0,0.0,Makefile,Karl Stenerud,Jamie Lynch;
4afe5fe2e736fb527275e8f8786ab9572286615e,1,2,0,0,0.0,bugsnag-plugin-android-anr/src/main/jni/anr_handler.c,Karl Stenerud,Steve Kirkland;bugsnag-plugin-android-anr/src/main/jni/anr_google.c,Karl Stenerud,Steve Kirkland;
10f9027eaf4c28ecaf04a6849b3be14c5625198d,1,1,0,1,0.0,
f477853cd314f16dfaeaa7ad6a6b3ac8e5c5e445,2,1,1,0,1.0,
98d2adfaf40c664f31f0d8ec04f0842a9dda2417,1,4,3,0,0.75,CHANGELOG.md,Steve Kirkland,Jamie Lynch;
73bfeafd8ee8ffe20c945523c3cc0ad33ca17fdc,1,1,1,0,1.0,
cfd1e27202b9c28f288f8e1b9a47971500bf294c,1,6,0,0,0.0,features/full_tests/batch_2/native_crash_handling.feature,Karl Stenerud,Jamie Lynch;features/full_tests/batch_1/_smoke_test.feature,Karl Stenerud,Jamie Lynch;bugsnag-android-core/src/main/java/com/bugsnag/android/DeliveryHeaders.kt,Karl Stenerud,Jamie Lynch;bugsnag-android-core/src/test/java/com/bugsnag/android/DeliveryHeadersTest.kt,Karl Stenerud,Jamie Lynch;CHANGELOG.md,Karl Stenerud,Jamie Lynch;features/full_tests/batch_1/detect_anr.feature,Karl Stenerud,Jamie Lynch;
e48530f2ee02c55755dd11b0f64fa6751966015e,1,2,0,1,0.0,bugsnag-plugin-android-anr/src/main/jni/anr_handler.c,fractalwrench,Karl Stenerud;
d5f6f1312828554cb386ebfcd53ce0ee0c7345cf,1,60,21,15,0.35,features/fixtures/mazerunner/jvm-scenarios/src/main/java/com/bugsnag/android/mazerunner/scenarios/PartialSessionScenario.kt,fractalwrench,Jamie Lynch;features/fixtures/mazerunner/cxx-scenarios-bugsnag/src/main/java/com/bugsnag/android/mazerunner/scenarios/CXXBreadcrumbScenario.java,fractalwrench,Jamie Lynch;features/fixtures/mazerunner/app/build.gradle,fractalwrench,Jamie Lynch;features/fixtures/mazerunner/jvm-scenarios/src/main/java/com/bugsnag/android/TestCaseFactory.kt,fractalwrench,Jamie Lynch;features/fixtures/mazerunner/jvm-scenarios/src/main/java/com/bugsnag/android/mazerunner/scenarios/UnhandledExceptionApiKeyChangeScenario.kt,fractalwrench,Jamie Lynch;features/fixtures/mazerunner/jvm-scenarios/src/main/java/com/bugsnag/android/mazerunner/scenarios/EmptySessionScenario.kt,fractalwrench,Jamie Lynch;features/fixtures/mazerunner/jvm-scenarios/src/main/java/com/bugsnag/android/mazerunner/scenarios/ResumedSessionScenario.kt,fractalwrench,Jamie Lynch;CONTRIBUTING.md,fractalwrench,Jamie Lynch;features/fixtures/mazerunner/jvm-scenarios/src/main/java/com/bugsnag/android/mazerunner/scenarios/CustomClientSessionFlushScenario.kt,fractalwrench,Jamie Lynch;features/fixtures/mazerunner/build.gradle,fractalwrench,Jamie Lynch;features/fixtures/mazerunner/jvm-scenarios/src/main/java/com/bugsnag/android/mazerunner/scenarios/AppNotRespondingDisabledNdkScenario.kt,fractalwrench,Jamie Lynch;features/fixtures/mazerunner/jvm-scenarios/src/main/java/com/bugsnag/android/mazerunner/scenarios/DeletedReportScenario.kt,fractalwrench,Jamie Lynch;features/fixtures/mazerunner/cxx-scenarios-bugsnag/src/main/java/com/bugsnag/android/mazerunner/scenarios/CXXNotifyScenario.java,fractalwrench,Jamie Lynch;features/fixtures/mazerunner/jvm-scenarios/src/main/java/com/bugsnag/android/mazerunner/scenarios/DeletedSessionScenario.kt,fractalwrench,Jamie Lynch;bugsnag-plugin-android-anr/detekt-baseline.xml,fractalwrench,Jamie Lynch;features/fixtures/mazerunner/jvm-scenarios/src/main/java/com/bugsnag/android/mazerunner/scenarios/ArrayNotifyReleaseStageScenario.kt,fractalwrench,Jamie Lynch;features/fixtures/mazerunner/jvm-scenarios/src/main/java/com/bugsnag/android/mazerunner/scenarios/InternalReportScenario.kt,fractalwrench,Jamie Lynch;features/fixtures/mazerunner/jvm-scenarios/src/main/java/com/bugsnag/android/mazerunner/scenarios/HandledExceptionWithoutMessage.kt,fractalwrench,Jamie Lynch;features/fixtures/mazerunner/jvm-scenarios/src/main/java/com/bugsnag/android/mazerunner/scenarios/NewSessionScenario.kt,fractalwrench,Jamie Lynch;features/fixtures/mazerunner/jvm-scenarios/src/main/java/com/bugsnag/android/mazerunner/scenarios/ReportCacheScenario.kt,fractalwrench,Jamie Lynch;features/fixtures/mazerunner/jvm-scenarios/src/main/java/com/bugsnag/android/mazerunner/scenarios/CustomClientErrorFlushScenario.kt,fractalwrench,Jamie Lynch;bugsnag-plugin-android-anr/src/main/jni/anr_handler.c,fractalwrench,Jamie Lynch;Makefile,fractalwrench,Jamie Lynch;features/fixtures/mazerunner/jvm-scenarios/src/main/java/com/bugsnag/android/mazerunner/scenarios/Scenario.kt,fractalwrench,Jamie Lynch;features/fixtures/mazerunner/jvm-scenarios/src/main/java/com/bugsnag/android/mazerunner/scenarios/Wait.kt,fractalwrench,Jamie Lynch;features/fixtures/mazerunner/jvm-scenarios/src/main/java/com/bugsnag/android/mazerunner/scenarios/AppNotRespondingOutsideReleaseStagesScenario.java,Karl Stenerud,Jamie Lynch;features/fixtures/mazerunner/jvm-scenarios/src/main/java/com/bugsnag/android/mazerunner/scenarios/PausedSessionScenario.kt,fractalwrench,Jamie Lynch;features/fixtures/mazerunner/jvm-scenarios/src/main/java/com/bugsnag/android/mazerunner/scenarios/SessionCacheScenario.kt,fractalwrench,Jamie Lynch;features/fixtures/mazerunner/app/src/main/java/com/bugsnag/android/mazerunner/MainActivity.kt,fractalwrench,Jamie Lynch;dockerfiles/Dockerfile.android-builder,fractalwrench,Jamie Lynch;bugsnag-android-core/src/androidTest/java/com/bugsnag/android/ThreadTest.java,fractalwrench,Jamie Lynch;features/fixtures/mazerunner/jvm-scenarios/src/main/java/com/bugsnag/android/mazerunner/scenarios/EmptyReportScenario.kt,fractalwrench,Jamie Lynch;bugsnag-android-core/src/test/java/com/bugsnag/android/EventFilenameTest.kt,fractalwrench,Jamie Lynch;bugsnag-android-core/src/test/java/com/bugsnag/android/BugsnagTestUtils.java,fractalwrench,Jamie Lynch;
f51b007321d58f48310123e6a98612ff032acfcb,1,111,0,99,0.0,examples/sdk-app-example/gradle.properties,fractalwrench,Jamie Lynch;features/fixtures/mazerunner/src/main/java/com/bugsnag/android/mazerunner/scenarios/CXXDivideByZeroScenario.java,fractalwrench,Jamie Lynch;features/smoke_tests/unhandled.feature,fractalwrench,Jamie Lynch;features/fixtures/mazerunner/src/main/java/com/bugsnag/android/mazerunner/scenarios/AutoSessionSmokeScenario.kt,fractalwrench,Jamie Lynch;bugsnag-android-core/src/androidTest/java/com/bugsnag/android/BugsnagTestUtils.java,fractalwrench,Jamie Lynch;bugsnag-android-core/src/test/java/com/bugsnag/android/BugsnagTestUtils.java,fractalwrench,Jamie Lynch;bugsnag-android-core/detekt-baseline.xml,fractalwrench,Jamie Lynch;examples/sdk-app-example/build.gradle,fractalwrench,Jamie Lynch;Gemfile.lock,fractalwrench,Jamie Lynch;CHANGELOG.md,fractalwrench,Jamie Lynch;features/smoke_tests/handled.feature,fractalwrench,Jamie Lynch;features/fixtures/mazerunner/src/main/cpp/bugsnags.cpp,fractalwrench,Jamie Lynch;
c5c3f358d984f9bdb6b2c04cc02f38761e2448b5,2,1,0,0,0.0,features/full_tests/native_crash_handling.feature,fractalwrench,Jamie Lynch;
503ee40cf72320212ef1599269a3986c7dc3b4f7,1,1,0,0,0.0,.buildkite/pipeline.full.yml,fractalwrench,Jamie Lynch;
35ca225e084ec1c3171aa4a9801daa2445cc17e2,2,1,1,0,1.0,
281654fa7fed77a24f34b687f660ee919d6031e3,2,2,0,0,0.0,Gemfile.lock,fractalwrench,Jamie Lynch;Gemfile,fractalwrench,Jamie Lynch;
edb10e9b48d327aca97e2c29e5fa4d940b9d4de3,1,1,0,0,0.0,CHANGELOG.md,fractalwrench,Jamie Lynch;
52ca18472de934dd65c5a465be2bf7ceb5c26a65,1,58,0,118,0.0,bugsnag-android-core/src/main/java/com/bugsnag/android/EventStore.java,fractalwrench,Jamie Lynch;bugsnag-android-core/src/test/java/com/bugsnag/android/DeliveryDelegateTest.kt,fractalwrench,Jamie Lynch;bugsnag-android-core/src/main/java/com/bugsnag/android/DeliveryHeaders.kt,fractalwrench,Jamie Lynch;.buildkite/pipeline.yml,fractalwrench,Steve Kirkland;bugsnag-android-core/src/test/java/com/bugsnag/android/ImmutableConfigTest.kt,fractalwrench,Jamie Lynch;features/cached_session_reports.feature,Steve Kirkland,Jamie Lynch;bugsnag-android-core/src/test/java/com/bugsnag/android/BugsnagTestUtils.java,fractalwrench,Jamie Lynch;bugsnag-android-core/src/main/java/com/bugsnag/android/EventPayload.kt,fractalwrench,Jamie Lynch;bugsnag-android-core/src/test/java/com/bugsnag/android/DeliveryHeadersTest.kt,fractalwrench,Jamie Lynch;CHANGELOG.md,fractalwrench,Steve Kirkland;bugsnag-android-core/src/test/java/com/bugsnag/android/EventPayloadSerializationTest.kt,fractalwrench,Jamie Lynch;bugsnag-android-core/src/main/java/com/bugsnag/android/InternalReportDelegate.java,fractalwrench,Jamie Lynch;features/cached_error_reports.feature,Steve Kirkland,Jamie Lynch;features/native_crash_handling.feature,fractalwrench,Jamie Lynch;
f46073b4cfd271f66630163ac524945029113c2f,1,1,0,0,0.0,CHANGELOG.md,Jamie Lynch,Steve Kirkland;
4c31c0dc3a278c2c831cdf437cf2c05ad7dfc6fa,1,1,0,0,0.0,CHANGELOG.md,fractalwrench,Steve Kirkland;
bad2876aef9ead08698bf75c21c1631c00dc88b6,2,1,0,0,0.0,CHANGELOG.md,fractalwrench,Jamie Lynch;
a26f7e237a9f78ded3c5a42d432e466bd7d5dfb1,1,1,0,0,0.0,CHANGELOG.md,fractalwrench,Jamie Lynch;
401013b0e959a57cad4eb6cc00c618d6f4eeaf8b,1,3,0,0,0.0,bugsnag-android-core/src/main/java/com/bugsnag/android/DeviceDataCollector.kt,Ben Gourley,Jamie Lynch;tests/features/fixtures/mazerunner/src/main/java/com/bugsnag/android/mazerunner/MainActivity.kt,Ben Gourley,Jamie Lynch;CHANGELOG.md,Ben Gourley,Jamie Lynch;
279e153e847c84fb7333e85123812738df970af5,0,1,0,0,0.0,
aa922c35f420022bebb67dce852fbc8c58684c1a,1,1,0,0,0.0,CHANGELOG.md,fractalwrench,Jamie Lynch;
c0890908cf18498fb52ea053432734d2eac549ae,1,1,0,0,0.0,CHANGELOG.md,Jamie Lynch,Steve Kirkland;
162a60609fa0034d71c4620fbd991dd0617ebaf6,1,1,0,0,0.0,gradle.properties,fractalwrench,Jamie Lynch;
c5bb9ae04066bba68751f4c57ee525c4df53306c,1,1,1,0,1.0,
0849b1292f252cd14b82b453e843ad6f3dc84ab8,1,3,0,0,0.0,tests/features/steps/android_steps.rb,Tom Longridge,Jamie Lynch;features/breadcrumb.feature,Tom Longridge,Jamie Lynch;tests/features/breadcrumb.feature,Tom Longridge,Jamie Lynch;
a333eeb22f24520cbf4f247b3c997ab796a95419,1,17,16,0,0.9411764705882353,bugsnag-android-core/src/main/java/com/bugsnag/android/Client.java,Jamie Lynch,Delisa;
2a2175c1088c2a397314e7883628c4d0f5275a59,2,1,1,0,1.0,
7aead06f9a61b333a934f3b97b9d91cd5ce67f6a,2,1,0,0,0.0,bugsnag-android-core/src/test/java/com/bugsnag/android/BreadcrumbMutabilityTest.kt,fractalwrench,Jamie Lynch;
4b31a35f735a8bf1d925936111664d2d291df79c,2,2,1,0,0.5,bugsnag-android-core/src/main/java/com/bugsnag/android/Client.java,fractalwrench,Jamie Lynch;
bfa3c131372d69fc62a15f36be87a9985e235b19,2,5,0,1,0.0,bugsnag-android-core/src/main/java/com/bugsnag/android/Configuration.java,fractalwrench,Jamie Lynch;bugsnag-android-core/src/main/java/com/bugsnag/android/Bugsnag.java,fractalwrench,Jamie Lynch;bugsnag-android-core/src/main/java/com/bugsnag/android/BugsnagConfiguration.kt,fractalwrench,Jamie Lynch;bugsnag-android-core/src/main/java/com/bugsnag/android/Client.java,fractalwrench,Jamie Lynch;
240211e865c09cc8630d9e1a84a4b244725ba52e,2,1,1,0,1.0,
b8a9afd83fc95ad3122d7587623ef5d1869cecac,2,15,10,5,0.6666666666666666,
594a01a69effb06f82d00c097437db640a86b3c9,2,11,11,0,1.0,
f337edaeb5141ef54cbc4b76e35df12d1735895b,2,9,9,0,1.0,
d4458c72161c039a2cfd0eb3279b0f1056ffe29b,2,38,14,11,0.3684210526315789,bugsnag-android-core/src/androidTest/java/com/bugsnag/android/DeliveryCompatTest.java,fractalwrench,Jamie Lynch;tests/features/fixtures/mazerunner/src/main/java/com/bugsnag/android/mazerunner/scenarios/Scenario.kt,fractalwrench,Jamie Lynch;bugsnag-android-core/src/main/java/com/bugsnag/android/DeliveryCompat.java,fractalwrench,Jamie Lynch;bugsnag-android-core/src/main/java/com/bugsnag/android/Delivery.java,fractalwrench,Jamie Lynch;features/fixtures/mazerunner/src/main/java/com/bugsnag/android/mazerunner/scenarios/DeletedSessionScenario.kt,fractalwrench,Jamie Lynch;bugsnag-android-core/src/main/java/com/bugsnag/android/SessionTrackingApiClient.java,fractalwrench,Jamie Lynch;bugsnag-android-core/src/androidTest/java/com/bugsnag/android/ClientConfigTest.java,fractalwrench,Jamie Lynch;features/fixtures/mazerunner/src/main/java/com/bugsnag/android/mazerunner/scenarios/DeletedReportScenario.kt,fractalwrench,Jamie Lynch;tests/features/fixtures/mazerunner/src/main/java/com/bugsnag/android/TestHarnessHooks.kt,fractalwrench,Jamie Lynch;bugsnag-android-core/src/main/java/com/bugsnag/android/DefaultDelivery.java,fractalwrench,Jamie Lynch;bugsnag-android-core/src/androidTest/java/com/bugsnag/android/BugsnagTestUtils.java,fractalwrench,Jamie Lynch;bugsnag-android-core/src/test/java/com/bugsnag/android/ConfigurationTest.java,fractalwrench,Jamie Lynch;features/fixtures/mazerunner/src/main/java/com/bugsnag/android/TestHarnessHooks.kt,fractalwrench,Jamie Lynch;
29c990eed40c64e2b772d55c28818b22cb674de1,2,1,0,0,0.0,bugsnag-android-core/src/androidTest/java/com/bugsnag/android/BeforeSendTest.java,fractalwrench,Jamie Lynch;
1ce8f6559134423cc50c8f3d1f925c0bd25417a4,2,1,0,1,0.0,
d945fd70228187dfaad20dbc843c62f953a4cbe8,2,3,0,0,0.0,bugsnag-android-core/src/main/java/com/bugsnag/android/Bugsnag.java,fractalwrench,Jamie Lynch;bugsnag-android-core/src/androidTest/java/com/bugsnag/android/ClientNotifyTest.java,fractalwrench,Jamie Lynch;bugsnag-android-core/src/main/java/com/bugsnag/android/Client.java,fractalwrench,Jamie Lynch;
3cc736bf7d2611abf05e8b679249f4ae3bcbc9a7,2,3,0,1,0.0,bugsnag-android-core/src/test/java/com/bugsnag/android/NullMetadataTest.java,fractalwrench,Jamie Lynch;bugsnag-android-core/src/androidTest/java/com/bugsnag/android/NullMetadataTest.java,fractalwrench,Jamie Lynch;
fac7781f064988aac6628272f56976ba00982284,2,2,0,0,0.0,bugsnag-android-core/src/main/java/com/bugsnag/android/SessionTrackingPayload.java,fractalwrench,Jamie Lynch;bugsnag-android-core/src/main/java/com/bugsnag/android/Client.java,fractalwrench,Jamie Lynch;
e05f210d766e2f362bf8f9b5e01611ae07d35520,2,4,0,0,0.0,mazerunner-scenarios/src/main/java/com/bugsnag/android/mazerunner/scenarios/CustomMetaDataScenario.kt,fractalwrench,Jamie Lynch;bugsnag-android-core/src/main/java/com/bugsnag/android/MetaData.java,fractalwrench,Jamie Lynch;bugsnag-android-core/src/main/java/com/bugsnag/android/Error.java,fractalwrench,Jamie Lynch;bugsnag-android-core/src/androidTest/java/com/bugsnag/android/MetaDataSerializationTest.java,fractalwrench,Jamie Lynch;
8d11c0db25e3335eb69e9de8a26120ecdc8e9fd9,2,2,0,0,0.0,bugsnag-android-core/src/main/java/com/bugsnag/android/Bugsnag.java,fractalwrench,Jamie Lynch;bugsnag-android-core/src/main/java/com/bugsnag/android/Client.java,fractalwrench,Jamie Lynch;
0778fa8b25d293d98f335a9fcf1f0a4975fa8fc2,1,25,8,2,0.32,tests/features/fixtures/mazerunner/src/main/java/com/bugsnag/android/mazerunner/scenarios/AppNotRespondingScenario.kt,Jamie Lynch,fractalwrench;tests/features/fixtures/mazerunner/src/main/java/com/bugsnag/android/mazerunner/scenarios/InternalReportScenario.kt,Jamie Lynch,fractalwrench;tests/features/fixtures/mazerunner/src/main/java/com/bugsnag/android/mazerunner/scenarios/AppNotRespondingDisabledNdkScenario.kt,Jamie Lynch,fractalwrench;tests/features/fixtures/mazerunner/src/main/java/com/bugsnag/android/mazerunner/scenarios/AppNotRespondingDisabledScenario.kt,Jamie Lynch,fractalwrench;bugsnag-android-core/src/main/java/com/bugsnag/android/DeliveryCompat.java,fractalwrench,Jamie Lynch;bugsnag-android-core/src/main/java/com/bugsnag/android/SessionTrackingApiClient.java,fractalwrench,Jamie Lynch;bugsnag-android-core/src/main/java/com/bugsnag/android/BadResponseException.java,fractalwrench,Jamie Lynch;bugsnag-android-core/src/main/java/com/bugsnag/android/SessionStore.java,fractalwrench,Jamie Lynch;bugsnag-android-core/src/main/java/com/bugsnag/android/ErrorStore.java,fractalwrench,Jamie Lynch;bugsnag-android-core/src/main/java/com/bugsnag/android/NetworkException.java,fractalwrench,Jamie Lynch;bugsnag-android-core/src/androidTest/java/com/bugsnag/android/SessionTrackingPayloadTest.java,fractalwrench,Jamie Lynch;bugsnag-android-core/src/main/java/com/bugsnag/android/DeliveryFailureException.java,fractalwrench,Jamie Lynch;bugsnag-android-core/src/androidTest/java/com/bugsnag/android/BugsnagTestUtils.java,fractalwrench,Jamie Lynch;bugsnag-android-core/src/androidTest/java/com/bugsnag/android/SessionStoreTest.java,fractalwrench,Jamie Lynch;bugsnag-android-core/src/main/java/com/bugsnag/android/ErrorReportApiClient.java,fractalwrench,Jamie Lynch;
6fcdaf9f84cede24ac245c962c2d22e77e5bdb00,2,1,1,0,1.0,
05d38b297eac75b539106f2c55789c1016fe1cf9,2,1,0,0,0.0,CHANGELOG.md,fractalwrench,Jamie Lynch;
f91bb1ca5e778812591bc07a03e3dd9ede90ffc6,1,1,0,0,0.0,bugsnag-android-core/src/main/java/com/bugsnag/android/Client.java,fractalwrench,Jamie Lynch;
64348c5215e5742e2028d9fe2b1ed242f6169dfa,2,4,4,0,1.0,
424fa3ae3b3577e2348acfdd8f4fb0e55069a225,2,1,0,0,0.0,CHANGELOG.md,fractalwrench,Jamie Lynch;
8286d7251eb5301d132d386bdab7afbf70b3d188,1,1,0,0,0.0,CHANGELOG.md,fractalwrench,Jamie Lynch;
1ae6a24d09fefa98a52c34fefde59e73f358a0cf,2,2,0,0,0.0,bugsnag-android-core/src/main/java/com/bugsnag/android/ErrorStore.java,fractalwrench,Jamie Lynch;CHANGELOG.md,fractalwrench,Jamie Lynch;
dbdd35077673cad19444235c395c19cdd855abc9,1,13,6,4,0.46153846153846156,bugsnag-android-core/src/main/java/com/bugsnag/android/ErrorStore.java,Jamie Lynch,fractalwrench;bugsnag-android-core/src/main/java/com/bugsnag/android/Configuration.java,Jamie Lynch,fractalwrench;tests/features/fixtures/mazerunner/src/main/java/com/bugsnag/android/mazerunner/scenarios/EmptyReportScenario.kt,Jamie Lynch,fractalwrench;
791a361356812f54321ab7ce569472a5f1481b9b,2,1,0,0,0.0,CHANGELOG.md,fractalwrench,Jamie Lynch;
5c6ae86553dbe30cfaf9cee750c174014f775207,1,1,0,0,0.0,bugsnag-android-core/src/androidTest/java/com/bugsnag/android/NullMetadataTest.java,Jamie Lynch,Delisa;
973bdb62469e03eea6a3c5c44a218797e509b689,1,1,0,0,0.0,CHANGELOG.md,fractalwrench,Jamie Lynch;
c4f46c3b9ae56da569fac1a038fb8d64b2949f88,1,10,5,7,0.5,
2edb75247620b63a69eb5288c2869d914fcae683,1,4,4,0,1.0,
c1d6d969d43a81d9ede56a133433a7a8f9a15eac,1,1,0,1,0.0,
3bce5a795b6180c7e8e7913875b7aeed21cb0e7e,0,1,0,0,0.0,
a9e77dffa408899c3ad18678706b47f5eda7cd87,2,3,0,1,0.0,tests/features/fixtures/mazerunner/src/main/java/com/bugsnag/android/mazerunner/scenarios/HandledExceptionSessionScenario.kt,fractalwrench,Jamie Lynch;features/fixtures/mazerunner/src/main/java/com/bugsnag/android/mazerunner/scenarios/Scenario.kt,fractalwrench,Jamie Lynch;
72e682e4b00301dc57a5946df59a7fa1697960eb,2,2,0,2,0.0,
2123e8fb9a90b8c8c42709c733752bd6c72fa2bf,2,15,1,0,0.06666666666666667,bugsnag-android-core/src/androidTest/java/com/bugsnag/android/ThreadStateTest.kt,Jamie Lynch,fractalwrench;bugsnag-android-core/src/androidTest/java/com/bugsnag/android/ExceptionsTest.java,Jamie Lynch,fractalwrench;bugsnag-android-core/src/androidTest/java/com/bugsnag/android/SessionTrackingPayloadTest.java,Jamie Lynch,fractalwrench;bugsnag-android-core/src/androidTest/java/com/bugsnag/android/ErrorTest.java,Jamie Lynch,fractalwrench;bugsnag-android-core/src/androidTest/java/com/bugsnag/android/BugsnagTestUtils.java,Jamie Lynch,fractalwrench;bugsnag-android-core/src/main/java/com/bugsnag/android/Configuration.java,Jamie Lynch,fractalwrench;bugsnag-android-core/src/main/java/com/bugsnag/android/Exceptions.java,Jamie Lynch,fractalwrench;bugsnag-android-core/src/androidTest/java/com/bugsnag/android/ConfigurationTest.java,Jamie Lynch,fractalwrench;bugsnag-android-core/src/androidTest/java/com/bugsnag/android/StacktraceTest.java,Jamie Lynch,fractalwrench;bugsnag-android-core/src/main/java/com/bugsnag/android/NativeInterface.java,Jamie Lynch,fractalwrench;bugsnag-android-core/src/androidTest/java/com/bugsnag/android/ProjectPackagesTest.kt,Jamie Lynch,fractalwrench;bugsnag-android-core/src/androidTest/java/com/bugsnag/android/SessionStoreTest.java,Jamie Lynch,fractalwrench;bugsnag-android-core/src/main/java/com/bugsnag/android/Error.java,Jamie Lynch,fractalwrench;bugsnag-android-core/src/androidTest/java/com/bugsnag/android/ErrorFilenameTest.kt,Jamie Lynch,fractalwrench;
4cd901659c8cb6b6b4e351bf173c933c750f7887,2,21,9,0,0.42857142857142855,bugsnag-android-core/src/main/java/com/bugsnag/android/Bugsnag.java,Jamie Lynch,fractalwrench;bugsnag-android-core/src/main/java/com/bugsnag/android/DeliveryFailureException.java,Jamie Lynch,fractalwrench;bugsnag-android-core/src/main/java/com/bugsnag/android/DefaultDelivery.java,Jamie Lynch,fractalwrench;bugsnag-android-core/src/main/java/com/bugsnag/android/Exceptions.java,Jamie Lynch,fractalwrench;bugsnag-android-core/src/androidTest/java/com/bugsnag/android/ConfigurationTest.java,Jamie Lynch,fractalwrench;bugsnag-android-core/src/androidTest/java/com/bugsnag/android/ClientNotifyTest.java,Jamie Lynch,fractalwrench;bugsnag-android-core/src/androidTest/java/com/bugsnag/android/StacktraceTest.java,Jamie Lynch,fractalwrench;bugsnag-android-core/src/androidTest/java/com/bugsnag/android/ProjectPackagesTest.kt,Jamie Lynch,fractalwrench;bugsnag-android-core/src/main/java/com/bugsnag/android/Delivery.java,Jamie Lynch,fractalwrench;bugsnag-android-core/src/androidTest/java/com/bugsnag/android/BeforeSendTest.java,Jamie Lynch,fractalwrench;bugsnag-android-core/src/main/java/com/bugsnag/android/Client.java,Jamie Lynch,fractalwrench;bugsnag-android-core/src/main/java/com/bugsnag/android/ConfigFactory.java,Jamie Lynch,fractalwrench;
24939240256bb11fb752686ec2376a46c13b1113,2,2,0,0,0.0,bugsnag-android-core/src/androidTest/java/com/bugsnag/android/ExceptionsTest.java,fractalwrench,Jamie Lynch;CHANGELOG.md,fractalwrench,Jamie Lynch;
266659ba3effce3b09233d3c446aebd60d87f803,2,1,0,0,0.0,bugsnag-android-core/src/main/java/com/bugsnag/android/Client.java,fractalwrench,Jamie Lynch;
3de5a7f7564e835080f0e1a0ecfea9db575ec406,1,3,2,0,0.6666666666666666,bugsnag-android-core/src/main/java/com/bugsnag/android/Client.java,fractalwrench,Jamie Lynch;
d3c3a148245ba076e5991f0f70216859a94f4127,2,2,0,0,0.0,features/fixtures/mazerunner/src/main/java/com/bugsnag/android/TestHarnessHooks.kt,fractalwrench,Jamie Lynch;tests/features/fixtures/mazerunner/src/main/java/com/bugsnag/android/TestHarnessHooks.kt,fractalwrench,Jamie Lynch;
01cce349628040247566c958c04878132f1f1d46,2,17,0,0,0.0,bugsnag-android-core/src/androidTest/java/com/bugsnag/android/ClientConfigTest.java,fractalwrench,Jamie Lynch;bugsnag-android-core/src/main/java/com/bugsnag/android/Bugsnag.java,fractalwrench,Jamie Lynch;features/fixtures/mazerunner/src/main/java/com/bugsnag/android/mazerunner/scenarios/InsideReleaseStageScenario.kt,fractalwrench,Jamie Lynch;tests/features/fixtures/mazerunner/src/main/java/com/bugsnag/android/mazerunner/scenarios/IgnoredExceptionScenario.kt,fractalwrench,Jamie Lynch;tests/features/fixtures/mazerunner/src/main/java/com/bugsnag/android/mazerunner/scenarios/ManualFilterScenario.kt,fractalwrench,Jamie Lynch;features/fixtures/mazerunner/src/main/java/com/bugsnag/android/mazerunner/scenarios/ArrayNotifyReleaseStageScenario.kt,fractalwrench,Jamie Lynch;features/fixtures/mazerunner/src/main/java/com/bugsnag/android/mazerunner/scenarios/IgnoredExceptionScenario.kt,fractalwrench,Jamie Lynch;features/fixtures/mazerunner/src/main/java/com/bugsnag/android/mazerunner/scenarios/ManualFilterScenario.kt,fractalwrench,Jamie Lynch;tests/features/fixtures/mazerunner/src/main/java/com/bugsnag/android/mazerunner/scenarios/ArrayNotifyReleaseStageScenario.kt,fractalwrench,Jamie Lynch;tests/features/fixtures/mazerunner/src/main/java/com/bugsnag/android/mazerunner/scenarios/NullReleaseStageScenario.kt,fractalwrench,Jamie Lynch;features/fixtures/mazerunner/src/main/java/com/bugsnag/android/mazerunner/scenarios/OutsideReleaseStageScenario.kt,fractalwrench,Jamie Lynch;bugsnag-android-core/src/main/java/com/bugsnag/android/NativeInterface.java,fractalwrench,Jamie Lynch;features/fixtures/mazerunner/src/main/java/com/bugsnag/android/mazerunner/scenarios/NullReleaseStageScenario.kt,fractalwrench,Jamie Lynch;tests/features/fixtures/mazerunner/src/main/java/com/bugsnag/android/mazerunner/scenarios/OutsideReleaseStageScenario.kt,fractalwrench,Jamie Lynch;bugsnag-android-core/src/androidTest/java/com/bugsnag/android/MetaDataTest.java,fractalwrench,Jamie Lynch;tests/features/fixtures/mazerunner/src/main/java/com/bugsnag/android/mazerunner/scenarios/InsideReleaseStageScenario.kt,fractalwrench,Jamie Lynch;bugsnag-android-core/src/main/java/com/bugsnag/android/Client.java,fractalwrench,Jamie Lynch;
11c73cdbd70da1851c231737aacb02b26a413baa,2,1,0,0,0.0,bugsnag-android-core/src/main/java/com/bugsnag/android/Client.java,fractalwrench,Jamie Lynch;
d167e82c578848218114198bc9b0964f153bee33,1,1,0,0,0.0,bugsnag-android-core/src/main/java/com/bugsnag/android/ErrorStore.java,fractalwrench,Jamie Lynch;
73db2d70f378db4ab296bcc531882e39155d4465,2,1,1,0,1.0,
99f335867575db3243d948a85f07557fc8d99c4c,2,4,0,0,0.0,bugsnag-android-core/src/main/java/com/bugsnag/android/Configuration.java,fractalwrench,Jamie Lynch;bugsnag-android-core/src/androidTest/java/com/bugsnag/android/ClientConfigTest.java,fractalwrench,Jamie Lynch;bugsnag-android-core/src/main/java/com/bugsnag/android/Bugsnag.java,fractalwrench,Jamie Lynch;bugsnag-android-core/src/main/java/com/bugsnag/android/Client.java,fractalwrench,Jamie Lynch;
d7fb4487d2bd091f3c98b4fcc5c88fe22e772156,2,3,0,0,0.0,bugsnag-android-core/src/main/java/com/bugsnag/android/Configuration.java,fractalwrench,Jamie Lynch;bugsnag-android-core/src/main/java/com/bugsnag/android/Bugsnag.java,fractalwrench,Jamie Lynch;bugsnag-android-core/src/main/java/com/bugsnag/android/DeliveryCompat.java,fractalwrench,Jamie Lynch;
78a4b5166fc718f2dde243ca797498e294129412,1,8,0,8,0.0,
cac9fdc390924996a33d2a1a45c09d025a35940a,1,4,4,0,1.0,
731f7a4ee66334f83112f0f4c7f2b59d6b5f8736,2,2,1,0,0.5,CHANGELOG.md,fractalwrench,Jamie Lynch;
e7f99760c08868befb22aae03d2af8bb61a64793,1,12,0,1,0.0,features/error_context.feature,Alex Moinet,Jamie Lynch;sdk/build.gradle,Alex Moinet,Jamie Lynch;features/fixtures/mazerunner/src/main/java/com/bugsnag/android/mazerunner/MainActivity.kt,Alex Moinet,Jamie Lynch;features/fixtures/mazerunner/build.gradle,Alex Moinet,Jamie Lynch;.travis.yml,Alex Moinet,Jamie Lynch;features/detect_anr.feature,Alex Moinet,Jamie Lynch;features/fixtures/mazerunner/src/main/res/layout/activity_main.xml,Alex Moinet,Jamie Lynch;features/in_foreground.feature,Alex Moinet,Jamie Lynch;features/fixtures/mazerunner/src/main/java/com/bugsnag/android/mazerunner/scenarios/InForegroundScenario.kt,Alex Moinet,Jamie Lynch;features/support/env.rb,Alex Moinet,Jamie Lynch;features/fixtures/mazerunner/src/main/java/com/bugsnag/android/mazerunner/scenarios/CXXJavaBreadcrumbNativeBreadcrumbScenario.java,Alex Moinet,Jamie Lynch;
adc402813b065cf4614510722045a384f758e55d,1,1,0,0,0.0,CHANGELOG.md,fractalwrench,Jamie Lynch;
834a9d632e2e057077ee9eda7b36a9694f4594c4,0,1,0,0,0.0,
d0395a704b8e48e18231d54c5ec9fcefaa868602,1,2,1,0,0.5,CHANGELOG.md,Jamie Lynch,Delisa;
871fe5cb19d07f15c7ec1426b114ac949430e65b,1,1,0,0,0.0,CHANGELOG.md,fractalwrench,Delisa Mason;
20f176105c37f3a0a70cc91a613cc85bce7fd63c,1,1,0,0,0.0,CHANGELOG.md,fractalwrench,Delisa Mason;
b49899720b39f7e71906733901f48855f87f95d4,1,2,1,0,0.5,examples/sdk-app-example/src/main/res/values-fr/strings.xml,Jamie Lynch,Simon Bowring;
4de4d3afedc1128adf3a249084bacfc8ccefb34f,2,1,0,0,0.0,examples/sdk-app-example/build.gradle,fractalwrench,Jamie Lynch;
4150181e96532b653770740970a6da19de8c95d8,2,1,1,0,1.0,
c056c4ccd0465ba26e39c1b65eeb3c7da8cdef1e,1,2,2,0,1.0,
188dff63310cf11480c7bd9bcd5369040c1b73ec,1,1,0,0,0.0,CHANGELOG.md,Jamie Lynch,Delisa Mason;
7b27dfed70de787805dce9334f3aba0608f81117,1,1,1,0,1.0,
14aa4a95df8732dc207b01f4ed5dc794deabc029,0,1,0,0,0.0,
d728d4b74ebd1a28edd44a9da8c92cff06dcd329,1,10,0,0,0.0,sdk/src/androidTest/java/com/bugsnag/android/MetaDataTest.java,Delisa Mason,Jamie Lynch;sdk/src/androidTest/java/com/bugsnag/android/ErrorReportApiClientTest.java,Delisa Mason,Jamie Lynch;sdk/src/androidTest/java/com/bugsnag/android/UniqueBeforeNotifyTest.java,Delisa Mason,Jamie Lynch;sdk/src/androidTest/java/com/bugsnag/android/ClientNotifyTest.java,Delisa Mason,Jamie Lynch;sdk/src/androidTest/java/com/bugsnag/android/ConcurrentCallbackTest.java,Delisa Mason,Jamie Lynch;sdk/src/androidTest/java/com/bugsnag/android/AppDataTest.java,Delisa Mason,Jamie Lynch;sdk/src/androidTest/java/com/bugsnag/android/ClientTest.java,Delisa Mason,Jamie Lynch;CHANGELOG.md,Delisa Mason,Jamie Lynch;sdk/src/androidTest/java/com/bugsnag/android/ClientConfigTest.java,Delisa Mason,Jamie Lynch;sdk/src/androidTest/java/com/bugsnag/android/BeforeRecordBreadcrumbsTest.java,Delisa Mason,Jamie Lynch;
3836b0f78041464943b2a81b5ee6a0bd338a9a77,2,1,1,0,1.0,
3a5add3cc89baf077a88c7c3f7587848ec77f7c4,2,2,2,0,1.0,
99fd5ca756a201569531d58fe4f373ecbc834adc,2,1,1,0,1.0,
24e414e09c9f1b4881d5c594313f9076e1e86f3b,2,1,0,0,0.0,sdk/lint-baseline.xml,fractalwrench,Jamie Lynch;
4ad45427971fab134c2b7b8187235bed67cf5c37,1,1,0,0,0.0,CHANGELOG.md,Jamie Lynch,fractalwrench;
7d7444d99595aa551b78d3a33848cea0d94e5213,1,4,1,0,0.25,build.gradle,Jamie Lynch,fractalwrench;mazerunner/src/main/java/com/bugsnag/android/mazerunner/scenarios/EmptyStacktraceScenario.kt,Jamie Lynch,fractalwrench;gradle.properties,Jamie Lynch,fractalwrench;
629bc1d4edba1ebbb7e25335e8ec75435a41a867,2,1,0,0,0.0,sdk/src/main/java/com/bugsnag/android/DefaultDelivery.java,fractalwrench,Jamie Lynch;
36884dec6833021c12bf7ab22dee4fb48131533a,2,1,0,0,0.0,CHANGELOG.md,fractalwrench,Jamie Lynch;
a3ad196f43ca0483d45874606ac60ee593c056a7,0,1,0,0,0.0,
1229c2e29b3c1cf8c8df9761312fd83a004ea259,2,1,0,0,0.0,sdk/src/main/java/com/bugsnag/android/Client.java,fractalwrench,Delisa;
b61e3b7c9a05b5def74aa183f18f875e6bb6b067,2,1,0,0,0.0,sdk/src/main/java/com/bugsnag/android/Client.java,fractalwrench,Jamie Lynch;
00d9aac88681537674d2f8599b17943bd4b144b9,2,2,0,0,0.0,sdk/src/main/java/com/bugsnag/android/Client.java,fractalwrench,Jamie Lynch;sdk/src/main/java/com/bugsnag/android/User.java,fractalwrench,Jamie Lynch;
0706d25dc8131c495aea0dcd83bfaac8043024e7,1,1,0,0,0.0,CHANGELOG.md,fractalwrench,Jamie Lynch;
abbcc281035e22e269de4c335cbb699c5d5535cd,2,1,0,0,0.0,CHANGELOG.md,Jamie Lynch,fractalwrench;
d8447e4236db7dd1ec52a3f687a2ffb1c38358e3,1,2,0,0,0.0,sdk/src/androidTest/java/com/bugsnag/android/ClientTest.java,Delisa,Jamie Lynch;sdk/src/androidTest/java/com/bugsnag/android/JsonWriterTest.java,fractalwrench,Jamie Lynch;
8564c42cc188b1acb4e70c9a747d88c28ee20ef5,2,1,0,0,0.0,sdk/src/main/java/com/bugsnag/android/FileStore.java,fractalwrench,Jamie Lynch;
7b033988037193ded0ca9f31c9c1377581e6da73,0,1,0,0,0.0,
54e210d5957769faa0d7755f6ed5ea35c9310649,2,2,0,0,0.0,sdk/src/androidTest/java/com/bugsnag/android/MetaDataTest.java,fractalwrench,Jamie Lynch;sdk/src/androidTest/java/com/bugsnag/android/ClientTest.java,fractalwrench,Jamie Lynch;
76da0df86e07a4969ef98825e7c629649ce03cea,2,2,0,0,0.0,sdk/src/main/java/com/bugsnag/android/Client.java,fractalwrench,Jamie Lynch;sdk/src/main/java/com/bugsnag/android/Breadcrumbs.java,fractalwrench,Jamie Lynch;
24f25278e9fecac11dde8a450b7a5f8394bed975,2,2,0,0,0.0,sdk/src/main/java/com/bugsnag/android/Client.java,fractalwrench,Jamie Lynch;sdk/src/main/java/com/bugsnag/android/EventReceiver.java,fractalwrench,Jamie Lynch;
2e7ffec5b241a4249b8a6fe33400e1956ef2275e,2,5,0,0,0.0,sdk/src/main/java/com/bugsnag/android/AppDataSummary.java,fractalwrench,Jamie Lynch;sdk/src/main/java/com/bugsnag/android/SessionTracker.java,fractalwrench,Jamie Lynch;sdk/src/main/java/com/bugsnag/android/ErrorStore.java,fractalwrench,Jamie Lynch;sdk/src/main/java/com/bugsnag/android/DeviceData.java,fractalwrench,Jamie Lynch;sdk/src/main/java/com/bugsnag/android/AppData.java,fractalwrench,Jamie Lynch;
1a011845bfdb9ad2f7bc6cbe2299120cdd55b661,1,2,2,0,1.0,
9e241f6ec3d1c02cb882c2803009d23a685fdb1a,1,3,0,0,0.0,sdk/src/main/java/com/bugsnag/android/Client.java,fractalwrench,Jamie Lynch;sdk/src/main/java/com/bugsnag/android/LifecycleBreadcrumbLogger.java,fractalwrench,Jamie Lynch;example/build.gradle,fractalwrench,Jamie Lynch;
a33ad690dd24f458f2d66451e2112911564a538f,1,1,0,0,0.0,example/build.gradle,fractalwrench,Jamie Lynch;
4c34e663d635f23de51122194200c0b2c7c5a690,2,2,2,0,1.0,
c4aba9b4f0f25da9dcfeaf919fa5af6bec65c786,0,2,0,0,0.0,
0dce7d103aa8b7725e8ee39c9a574a7ebf8c4c3b,2,1,0,0,0.0,example/build.gradle,Jamie Lynch,fractalwrench;
8ec7d956caac539cc6354c441d2fdaac7c42a00b,2,2,0,0,0.0,sdk/src/androidTest/java/com/bugsnag/android/ExceptionsTest.java,Jamie Lynch,fractalwrench;sdk/src/main/java/com/bugsnag/android/Error.java,Jamie Lynch,fractalwrench;
6584e6da8b0d35393868d65a4449fa2ccbb7ec43,0,4,0,0,0.0,
63612298f29e378acfdcc442c8e2207f258fcc26,1,5,0,1,0.0,gradlew,Jamie Lynch,fractalwrench;build.gradle,Jamie Lynch,fractalwrench;gradle/wrapper/gradle-wrapper.properties,Jamie Lynch,fractalwrench;example/build.gradle,Jamie Lynch,fractalwrench;
a865d14daaef262951ed0a1a50f3b0caa6ea3a51,2,1,0,0,0.0,src/main/java/com/bugsnag/android/Client.java,fractalwrench,Delisa Mason;
7afdb9c9d494771758398c090ab6c5c5acde0ab9,1,5,0,0,0.0,src/main/java/com/bugsnag/android/Client.java,Dave Perryman,Delisa Mason;src/main/java/com/bugsnag/android/Bugsnag.java,Jamie Lynch,Delisa Mason;example/src/main/AndroidManifest.xml,Jamie Lynch,Delisa Mason;gradle/wrapper/gradle-wrapper.properties,Jamie Lynch,Delisa Mason;example/build.gradle,Jamie Lynch,Delisa Mason;
2780cf1180e0c60677bc11625db0648bc225c3a7,2,1,0,0,0.0,src/main/java/com/bugsnag/android/Client.java,Jamie Lynch,Delisa Mason;
6b043ea7718de2e5d4a418800fcf4e0adcd12e98,0,1,0,0,0.0,
4fa0ef482e198e20259298b861ea22a4d3a79202,1,2,0,0,0.0,.travis.yml,darken,Delisa Mason;src/main/java/com/bugsnag/android/DeviceState.java,darken,Delisa Mason;
2d710eefff60525ebbc4dcdbee87f475e3f1a5a3,2,1,0,0,0.0,src/main/java/com/bugsnag/android/Client.java,Simon Maynard,Pierre-Yves Ricau;
