Hash,Merge timestamp,Branching time,Merge isolation time,Devs 1,Devs 2,Different devs,Same devs,Devs intersection,Commits 1,Commits 2,Changed files 1,Changed files 2,Changed files intersection,Has conflict?,Conflicted Files,Chunks
efcd09bbff49693046bcfd914244d97ca70bc0b0,2013-07-21 22:29:14 -0300,4.3685995,5.0861458,1,1,2,0,0,2,4,3,4,0,NO,0,0
cfca012f44bc1d7a93da2f6c4a41fdfc764d16a4,2013-01-14 17:04:04 -0200,0.0025579,0.0276273,1,1,2,0,0,2,1,8,5,1,YES,1,1
310ebe842f5a72c43143f6513b34094b043be9e7,2013-01-14 16:59:39 -0200,21.7937500,24.9688773,1,3,4,0,0,1,17,5,25,1,YES,2,2
c7c41b81323d9c908b046ccdc03a2c9769eaa348,2013-01-14 16:24:17 -0200,0.0820949,3.0360995,1,1,2,0,0,2,2,1,1,2,YES,1,1
f13741d8d9e9f0e4a093654084ee1ef30472acdc,2013-01-11 15:32:18 -0200,7.8638079,7.9616088,1,1,2,0,0,1,10,1,19,1,NO,0,0
6860724dc5718080fc37db21bfea0e5e904b0f9e,2013-01-03 18:48:12 -0200,16.1978241,17.1241088,1,2,3,0,0,6,4,14,12,1,NO,0,0
1bcfe89bb7012be02848e056516d0a21ee3bac86,2010-07-06 01:37:02 -0300,0.0017245,0.0234259,1,1,2,0,0,1,1,13,1,0,NO,0,0
