Hash,Devs intersection,Conflicted files,Conflicted files caused by same dev,Null files,Conflicted files caused by same dev / Conflicted files
af227ede75df872a584c8411cf6df0fad172be2b,1,1,1,0,1.0,
b69773bd794df6a0c61b6644403a709f06118dd9,1,22,22,0,1.0,
f636c175ebf1393c689929943c09cbc20f121c43,2,1,1,0,1.0,
14257178d0af944947c1ed58f4d33394286e88ae,1,1,1,0,1.0,
35c7aecd76937e1c703439552bff77a5e739f6fe,2,3,3,0,1.0,
897c8402383d533e2c4225134acba3e9883b0a52,1,4,4,0,1.0,
2bcefc5379a10ae93c2be27c46010bda563d9953,2,5,5,0,1.0,
6680b5a0208c15357a4bf873e6404bd2b49943c4,2,1,1,0,1.0,
d444164f53378ddf4b52639427dfd3873c6e2324,2,9,9,0,1.0,
0760f3ce023c518d6fe67a9912912e326165d4fc,1,1,1,0,1.0,
51c3ece9b31572cc7c813f7b64f4928a9f0fb699,1,1,1,0,1.0,
bd0b8b5ea8244d1a07857d613026c7595f8490f2,2,2,2,0,1.0,
4f2cea10023efea2b0fb73e483dceda4e73c950d,1,1,1,0,1.0,
3198d038d44d61189cc54c95bf1e4f451b317e37,1,1,1,0,1.0,
7c3888bb638c287c3123c6a7209538497ce013b8,2,8,8,0,1.0,
500ee542682ec10f6d017bf9d322df68d4b6e8e4,1,1,1,0,1.0,
3bdc50cd6e451c258dbbf51a80606ac4ee64414a,2,2,2,0,1.0,
2ea54ef2918f0461ad9938d72d310dd2053df58d,1,1,1,0,1.0,
0df3dfbbbc20414d46ed1ba7d8c78953fad4fbd7,1,1,0,0,0.0,build/org.eclipse.cdt.managedbuilder.core/src/org/eclipse/cdt/managedbuilder/internal/core/Configuration.java,Andrew Gvozdev,Sergey Prigogin;
c2cec226b35aeae02216daa1153727b95419e215,1,4,4,0,1.0,
e82bdd7f70bda90bb8da5c1c0ae096bfb34e6d46,1,2,1,0,0.5,build/org.eclipse.cdt.managedbuilder.core/src/org/eclipse/cdt/managedbuilder/language/settings/providers/AbstractBuiltinSpecsDetector.java,Andrew Gvozdev,Marc Khouzam;
1b069e296bdf6428d25bd8d435e574fc9b55bacd,0,1,0,0,0.0,
35f8ff40dcd213510a9c7aeb28f85c808b05caa0,1,1,1,0,1.0,
1ef6fdf6b343c77597983c8e429a91285f37ed4d,1,3,0,0,0.0,core/org.eclipse.cdt.core/model/org/eclipse/cdt/core/settings/model/util/CDataUtil.java,Andrew Gvozdev,Sergey Prigogin;core/org.eclipse.cdt.core.tests/model/org/eclipse/cdt/core/settings/model/CProjectDescriptionDeltaTests.java,Andrew Gvozdev,Sergey Prigogin;core/org.eclipse.cdt.core/model/org/eclipse/cdt/core/settings/model/util/LanguageSettingEntriesSerializer.java,Andrew Gvozdev,Sergey Prigogin;
e39899ec2329c1b44c7a77c520ba3cf2481d6d76,1,1,1,0,1.0,
8501c97f9b6fcdf85173ec98300088543d43f7d9,1,1,0,0,0.0,core/org.eclipse.cdt.core/model/org/eclipse/cdt/internal/core/settings/model/DescriptionScannerInfoProvider.java,Andrew Gvozdev,Chris Recoskie;
038f261da5641d0de20e681ca0c8cfc711ed485c,1,1,1,0,1.0,
a2b019f1e8ed9da2ff8a49db216445bd6ada1bdb,1,2,2,0,1.0,
a651b3c1a38676a367ad493a40ca1d15fdd706de,2,3,3,0,1.0,
