Hash,Devs intersection,Conflicted files,Conflicted files caused by same dev,Null files,Conflicted files caused by same dev / Conflicted files
debf0a3415df5cb1826d9ff2cf600f139e3ee540,0,1,0,0,0.0,
c9b604771e70d2d8c099ecd1dad8afbcbba21bd8,0,1,0,0,0.0,
7054e7a815d74291c06234b3933fbf607d39ea13,0,1,0,0,0.0,
b5ebebc7b51490d528b9b1a81a601a0c81a02134,0,17,0,0,0.0,
56897f2b926d20c72bfe0b20f98c5de82f961b3b,1,18,0,2,0.0,src/test/java/hudson/plugins/clearcase/AbstractClearCaseScmTest.java,unknown,Vincent Latombe;src/test/java/hudson/plugins/clearcase/action/SnapshotCheckoutActionTest.java,unknown,Vincent Latombe;src/test/java/hudson/plugins/clearcase/base/BaseHistoryActionTest.java,unknown,Vincent Latombe;src/main/java/hudson/plugins/clearcase/ClearCaseUcmSCM.java,unknown,Vincent Latombe;src/test/java/hudson/plugins/clearcase/ucm/UcmCommonTest.java,anb0s,Vincent Latombe;src/main/java/hudson/plugins/clearcase/history/AbstractHistoryAction.java,unknown,Vincent Latombe;src/main/java/hudson/plugins/clearcase/ucm/UcmChangeLogAction.java,unknown,Vincent Latombe;pom.xml,unknown,Vincent Latombe;src/test/java/hudson/plugins/clearcase/ucm/UcmChangeLogActionTest.java,unknown,Vincent Latombe;src/main/java/hudson/plugins/clearcase/AbstractClearCaseScm.java,unknown,Vincent Latombe;src/test/java/hudson/plugins/clearcase/ClearToolExecTest.java,unknown,Vincent Latombe;src/main/java/hudson/plugins/clearcase/base/BaseHistoryAction.java,unknown,Vincent Latombe;src/test/java/hudson/plugins/clearcase/ClearCaseUcmSCMDummy.java,unknown,Vincent Latombe;src/test/java/hudson/plugins/clearcase/ClearCaseUcmSCMTest.java,unknown,Vincent Latombe;src/test/java/hudson/plugins/clearcase/ClearCaseSCMTest.java,unknown,Vincent Latombe;src/test/java/hudson/plugins/clearcase/ucm/UcmHistoryActionTest.java,unknown,Vincent Latombe;
15cd8d549d42df089080abd345e5d6b591725deb,1,11,0,0,0.0,src/main/java/hudson/plugins/clearcase/ClearCaseSCM.java,Andre Bossert,Vincent Latombe;src/test/java/hudson/plugins/clearcase/AbstractClearCaseScmTest.java,Andre Bossert,Vincent Latombe;src/main/java/hudson/plugins/clearcase/ucm/UcmCommon.java,Andre Bossert,Vincent Latombe;src/main/java/hudson/plugins/clearcase/AbstractClearCaseScm.java,Andre Bossert,Vincent Latombe;src/main/java/hudson/plugins/clearcase/action/SnapshotCheckoutAction.java,Andre Bossert,Vincent Latombe;src/main/java/hudson/plugins/clearcase/action/CheckOutAction.java,Andre Bossert,Vincent Latombe;src/main/java/hudson/plugins/clearcase/ClearToolExec.java,Andre Bossert,Vincent Latombe;src/main/java/hudson/plugins/clearcase/ClearCaseUcmSCM.java,Andre Bossert,Vincent Latombe;src/test/java/hudson/plugins/clearcase/ucm/UcmCommonTest.java,Andre Bossert,Vincent Latombe;pom.xml,Andre Bossert,Vincent Latombe;src/test/java/hudson/plugins/clearcase/ClearCaseSCMDummy.java,Andre Bossert,Vincent Latombe;
