Hash,Merge timestamp,Branching time,Merge isolation time,Devs 1,Devs 2,Different devs,Same devs,Devs intersection,Commits 1,Commits 2,Changed files 1,Changed files 2,Changed files intersection,Has conflict?,Conflicted Files,Chunks
e5bdc424d3a6f1465ac9e043ab7a0c13077da782,2011-05-30 01:49:08 +0400,2.6128588,3.5992477,5,1,6,0,0,13,2,20,16,1,YES,3,4
f8f807275b34c8e2c0ddce412f7afb767badf904,2011-05-30 01:40:02 +0400,61.0031713,61.4356597,4,2,6,0,0,22,7,46,17,1,YES,3,3
2afded0414c1186d41f105d034214a90d6eb1de5,2010-12-17 10:06:59 +0800,1.0972454,1.5227894,2,1,3,1,1,5,4,14,13,1,YES,9,17
9741db6d5379fba17d8fac13aa0a3034ab934a2c,2010-12-13 13:15:22 +0300,3.1317361,5.3379861,1,1,2,0,0,2,1,186,13,1,YES,3,3
