Hash,Devs intersection,Conflicted files,Conflicted files caused by same dev,Null files,Conflicted files caused by same dev / Conflicted files
d7e5c70fcf58ebc1e2f749b1b16729897d30558a,1,5,3,2,0.6,
d307d131a2a1512819ccaafdf07d5eae3d017e4a,1,23,7,16,0.30434782608695654,
ea42ac4f6820925dd92773579966c580e513baf8,2,43,0,1,0.0,dcm4chee-xds2-hl7/pom.xml,Franz Willer,romank-agfa;dcm4chee-xds2-repository-ctrl/pom.xml,Franz Willer,romank-agfa;dcm4chee-xds2-repository-entity/pom.xml,Franz Willer,romank-agfa;dcm4chee-xds2-conf/src/test/java/org/dcm4chee/xds2/conf/XdsConfigPrefsTest.java,Franz Willer,romank-agfa;dcm4chee-xds2-src/dcm4chee-xds2-src-tool/pom.xml,Franz Willer,romank-agfa;dcm4chee-xds2-conf/src/main/config/ldap/opends/20-dcm4chee-xds.ldif,Franz Willer,romank-agfa;dcm4chee-xds2-dist/pom.xml,Franz Willer,romank-agfa;dcm4chee-xds2-conf/pom.xml,Franz Willer,romank-agfa;dcm4chee-xds2-browser/src/main/java/org/dcm4chee/conf/browser/ConfigRESTServicesServlet.java,Franz Willer,roman;dcm4chee-xds2-repository-ejb/pom.xml,Franz Willer,roman;dcm4chee-xds2-xca-ws/pom.xml,Franz Willer,romank-agfa;pom.xml,Franz Willer,roman;dcm4chee-xds2-conf/src/test/java/org/dcm4chee/xds2/conf/XdsConfigLdapTest.java,Franz Willer,romank-agfa;dcm4chee-xds2-ctrl-war/pom.xml,Franz Willer,romank-agfa;dcm4chee-xds2-registry-persistence/pom.xml,Franz Willer,romank-agfa;dcm4chee-xds2-conf/src/main/java/org/dcm4chee/xds2/conf/XdsConfigurationFactory.java,Franz Willer,roman;dcm4chee-xds2-src/dcm4chee-xds2-src-base/pom.xml,Franz Willer,romank-agfa;dcm4chee-xds2-conf/src/main/java/org/dcm4chee/xds2/conf/XCAiRespondingGWCfg.java,Franz Willer,romank-agfa;dcm4chee-xds2-repository-war/pom.xml,Franz Willer,romank-agfa;dcm4chee-xds2-xcai-ws/pom.xml,Franz Willer,romank-agfa;dcm4chee-xds2-common-ws/pom.xml,Franz Willer,romank-agfa;dcm4chee-xds2-store-api/pom.xml,Franz Willer,romank-agfa;dcm4chee-xds2-conf/src/main/java/org/dcm4chee/xds2/conf/XCAiInitiatingGWCfg.java,Franz Willer,romank-agfa;dcm4chee-xds2-repository-ws/pom.xml,Franz Willer,romank-agfa;dcm4chee-xds2-src/pom.xml,Franz Willer,romank-agfa;dcm4chee-xds2-store-file/pom.xml,Franz Willer,romank-agfa;dcm4chee-xds2-registry-war/pom.xml,Franz Willer,romank-agfa;dcm4chee-xds2-xcai-ear/pom.xml,Franz Willer,romank-agfa;dcm4chee-xds2-infoset/pom.xml,Franz Willer,romank-agfa;dcm4chee-xds2-pix-client/pom.xml,Franz Willer,romank-agfa;dcm4chee-xds2-service/pom.xml,Franz Willer,romank-agfa;dcm4chee-xds2-ctrl/pom.xml,Franz Willer,romank-agfa;dcm4chee-xds2-mvnprepare/pom.xml,Franz Willer,romank-agfa;dcm4chee-xds2-xca-ear/pom.xml,Franz Willer,romank-agfa;dcm4chee-xds2-registry-ctrl/pom.xml,Franz Willer,romank-agfa;dcm4chee-xds2-registry-ws/pom.xml,Franz Willer,romank-agfa;dcm4chee-xds2-pix-tool/pom.xml,Franz Willer,romank-agfa;dcm4chee-xds2-tool/pom.xml,Franz Willer,romank-agfa;dcm4chee-xds2-registry-ear/pom.xml,Franz Willer,roman;dcm4chee-xds2-common/pom.xml,Franz Willer,romank-agfa;dcm4chee-xds2-repository-ear/pom.xml,Franz Willer,roman;dcm4chee-xds2-tool/dcm4chee-xds2-tool-init/pom.xml,Franz Willer,romank-agfa;
9ccfeab3d1471ce90cf5c24ed12c5d905adfafa3,1,32,4,7,0.125,dcm4chee-xds2-conf/src/main/java/org/dcm4chee/xds2/conf/ldap/LdapXDSRegistryConfiguration.java,Franz Willer,romank-agfa;dcm4chee-xds2-conf/src/main/java/org/dcm4chee/xds2/conf/ldap/LdapXCAiInitiatingGWConfiguration.java,Franz Willer,romank-agfa;dcm4chee-xds2-conf/src/main/java/org/dcm4chee/xds2/conf/prefs/PreferencesXCAInitiatingGWConfiguration.java,Franz Willer,romank-agfa;dcm4chee-xds2-conf/src/test/java/org/dcm4chee/xds2/conf/XdsConfigPrefsTest.java,Franz Willer,romank-agfa;dcm4chee-xds2-conf/src/main/java/org/dcm4chee/xds2/conf/XdsRepository.java,Franz Willer,romank-agfa;dcm4chee-xds2-conf/src/main/java/org/dcm4chee/xds2/conf/prefs/PreferencesXCARespondingGWConfiguration.java,Franz Willer,romank-agfa;dcm4chee-xds2-conf/src/main/java/org/dcm4chee/xds2/conf/ldap/LdapXCAiRespondingGWConfiguration.java,Franz Willer,romank-agfa;pom.xml,Franz Willer,romank-agfa;dcm4chee-xds2-conf/src/test/java/org/dcm4chee/xds2/conf/XdsConfigLdapTest.java,Franz Willer,romank-agfa;dcm4chee-xds2-conf/src/main/java/org/dcm4chee/xds2/conf/XCARespondingGWCfg.java,Franz Willer,romank-agfa;dcm4chee-xds2-conf/src/main/java/org/dcm4chee/xds2/conf/XCAiRespondingGWCfg.java,Franz Willer,romank-agfa;dcm4chee-xds2-conf/src/main/java/org/dcm4chee/xds2/conf/prefs/PreferencesXCAiInitiatingGWConfiguration.java,Franz Willer,romank-agfa;dcm4chee-xds2-conf/src/main/java/org/dcm4chee/xds2/conf/XCAInitiatingGWCfg.java,Franz Willer,romank-agfa;dcm4chee-xds2-conf/src/main/java/org/dcm4chee/xds2/conf/XCAiInitiatingGWCfg.java,Franz Willer,romank-agfa;dcm4chee-xds2-conf/src/main/java/org/dcm4chee/xds2/conf/ldap/LdapXDSRepositoryConfiguration.java,Franz Willer,romank-agfa;dcm4chee-xds2-conf/src/main/java/org/dcm4chee/xds2/conf/ldap/LdapXCAInitiatingGWConfiguration.java,Franz Willer,romank-agfa;dcm4chee-xds2-conf/src/main/java/org/dcm4chee/xds2/conf/prefs/PreferencesXCAiRespondingGWConfiguration.java,Franz Willer,romank-agfa;dcm4chee-xds2-conf/src/main/java/org/dcm4chee/xds2/conf/XdsRegistry.java,Franz Willer,romank-agfa;dcm4chee-xds2-conf/src/main/java/org/dcm4chee/xds2/conf/prefs/PreferencesXDSRegistryConfiguration.java,Franz Willer,romank-agfa;dcm4chee-xds2-conf/src/main/java/org/dcm4chee/xds2/conf/prefs/PreferencesXDSRepositoryConfiguration.java,Franz Willer,romank-agfa;dcm4chee-xds2-conf/src/main/java/org/dcm4chee/xds2/conf/ldap/LdapXCARespondingGWConfiguration.java,Franz Willer,romank-agfa;
da23db07b2f5ec8387eb6923854ddf4faddeefbf,0,1,0,0,0.0,
063ef4483875e70fd2225b082ae7758921f4f42e,0,2,0,0,0.0,
e139fa6ecd4308d862e88a0a7b5e1151b049fbb2,0,3,0,0,0.0,
