Hash,Devs intersection,Conflicted files,Conflicted files caused by same dev,Null files,Conflicted files caused by same dev / Conflicted files
6a84781999eb94610e0a7c2c327e2a7dc9606f83,2,1,1,0,1.0,
2624702274067eaca03c29b3e88e53453858bef8,0,2,0,0,0.0,
7bcf85fe5f6842e3e17f13f00a160ad2693b2f19,0,1,0,0,0.0,
4075c3509d69193b8aa2445dcea961e352f01c1d,0,1,0,0,0.0,
62bebcd1d4e32a904fb609a285dc3a8549091da0,0,2,0,0,0.0,
8f875b6a6a3199ba0f418079cd6606b81f86497a,0,1,0,0,0.0,
015a6993f3953aec88bf3c3989941c3fa383c68d,0,1,0,0,0.0,
2a89c4d4896a3c17288e98addd66097c2b0964e8,0,1,0,0,0.0,
529be9d71c824c89ba6c9c5529154505e3297890,0,1,0,0,0.0,
21efdfa37351853ed7459c10e92371d512aaf78c,1,4,0,0,0.0,src/net/aufdemrand/denizen/Settings.java,Chris DeLashmutt,Jeremy Schroeder;src/net/aufdemrand/denizen/commands/Command.java,Chris DeLashmutt,Jeremy Schroeder;src/net/aufdemrand/denizen/Denizen.java,Chris DeLashmutt,Jeremy Schroeder;src/net/aufdemrand/denizen/commands/CommandRegistry.java,Chris DeLashmutt,Jeremy Schroeder;
9796f70e4b1227c90f6aace3c4b02c1ad57500ab,0,1,0,0,0.0,
e7bf7fc4c663955800acf97660beeada1ebdc058,0,1,0,0,0.0,
dea27e1e36f86262ae788c1e79f3c51a1063e289,2,1,1,0,1.0,
05f303f0b037eca59301fa15d31fae8d560fe339,0,1,0,0,0.0,
3757411fcae60a23b203c6433ced72138f0a5c18,0,2,0,0,0.0,
6890ba6b4408c40637261d8926d7a757552b9c83,0,1,0,0,0.0,
b464bd69128b3e4be094a492e4da6443affc532a,2,1,0,0,0.0,src/main/java/net/aufdemrand/denizen/scripts/commands/CommandExecuter.java,Jeremy Schroeder,MorphanOne;
d642d8da2ed3231a09e877d104911ee943183743,0,2,0,0,0.0,
03e79113502d8216802f07a12dd6fe98834f43e2,0,2,0,0,0.0,
516be269a9299018597a73083773f6d7121ac890,0,1,0,0,0.0,
a9549b34a8797b777428aa0a8599dca709719a8a,1,2,1,1,0.5,
da74d5a2f804968c45fa78ab9c7e6be173abd17b,0,1,0,0,0.0,
592ae8a087b250754a5caa64252ee9ccdff68c64,0,1,0,0,0.0,
0dfaaeb9d16e5d4366625f3cb6a3dd00034cbfd0,0,1,0,0,0.0,
