Hash,Devs intersection,Conflicted files,Conflicted files caused by same dev,Null files,Conflicted files caused by same dev / Conflicted files
e790d9098191072923ecdac914c483490951568d,0,1,0,0,0.0,
0a07685aa4d0fb750588344d3a7875040c485d1c,0,2,0,0,0.0,
5dac4da2c09c5067bff7aff3fc74f8932e8079c5,0,2,0,0,0.0,
82bd17636b18fcff16573bb6635ffac27876c8ca,0,2,0,0,0.0,
df7232014a943c2293a81783f0c3929c843037e1,0,1,0,0,0.0,
a477a71b1b9778c1305a0b27ff5c64f1d68cf69b,2,1,1,0,1.0,
1b6007d9bff4d8e17cfea185bb5202752ac9bbab,0,1,0,0,0.0,
a89cba8ca316cca3dbcd61412dae9713ab3c15f0,1,1,1,0,1.0,
f772982b13689004485d5a933f838cdd2ad25a9b,0,1,0,0,0.0,
df0b8904efc92fe0a5b6ee10cabf9ce385ebf4c2,0,1,0,0,0.0,
389620f71c6b0d1c2a391cc1b7607e3a81b59453,0,1,0,0,0.0,
