Hash,Devs intersection,Conflicted files,Conflicted files caused by same dev,Null files,Conflicted files caused by same dev / Conflicted files
cdbb5860be7d3b704811dc6aaeec4253b667767a,0,2,0,0,0.0,
9a232551cec1a2f5693b8a0d5688688b8c7e82f7,0,1,0,0,0.0,
50ded5fa8add4ad276e03a5253abce812e8ffd14,2,1,1,0,1.0,
8e2c10360f933cf46b70726eb80790e2ba8c774d,0,1,0,0,0.0,
3317ae757a9457ce138556156921c40012b71265,0,1,0,0,0.0,
3e554346aa096895d680ec7be6a70f92065d2f2e,0,1,0,0,0.0,
167f38ca572e09cfc000608d7a5002f48e7de46d,0,10,0,0,0.0,
