Hash,Devs intersection,Conflicted files,Conflicted files caused by same dev,Null files,Conflicted files caused by same dev / Conflicted files
9c034e5d45eded0d5bb914bd40bb520582258058,0,15,0,0,0.0,
03aa4ad1ac6a07dd9258b2a39b24dc1a181f938c,2,1,1,0,1.0,
7803970e4be2751377136ee8f660a12c56b2ee54,0,1,0,0,0.0,
1543991f0e65c2585f3754e13f09399af3d0b7c7,2,1,0,0,0.0,droid-results/src/test/java/uk/gov/nationalarchives/droid/signature/SignatureManagerImplTest.java,seamang,Graham Seaman;
01db91704ca36fcb986769865319b63aa78b2e31,2,1,1,0,1.0,
