Hash,Devs intersection,Conflicted files,Conflicted files caused by same dev,Null files,Conflicted files caused by same dev / Conflicted files
7ecbfaa1e5e8f9514f93e83b3a6639bae0c584d2,1,1,1,0,1.0,
986bc9e7596545a620e55a34ed832279f6860f69,1,2,0,0,0.0,apps/portlet-clouddrives/src/main/webapp/vue-app/components/ConnectCloudDrive.vue,Nick Riabovol,Oleksandra Strielkova;apps/portlet-clouddrives/src/main/webapp/WEB-INF/gatein-resources.xml,Nick Riabovol,Oleksandra Strielkova;
e9f385b40818ea3679a03487a2b9ee711e88b3a4,0,2,0,0,0.0,
87b5211493951210514ff5fdcc7f01f7e601dd7c,2,1,0,3,0.0,
b9bc242e856bb670680275ecdca8a4439e7eaa0f,0,2,0,0,0.0,
a9caf75a41acdc6bceac2b27fe593e3053ded045,0,1,0,0,0.0,
bb56207eedf0f04aa0a49d8fb8afc9dccd8fd97d,0,2,0,0,0.0,
cda59f7f523e7d5d78671fcd2aa4da3435cc0681,0,1,0,0,0.0,
484324499e9f1f2bb4f3d0e76dd0021944134cdb,1,1,1,0,1.0,
5abf13f77be74c72738fc31374cf7bf8e35a2915,0,1,0,0,0.0,
b3b776dd63d716b9e5376ceced0196f40b65c0f4,0,2,0,0,0.0,
1af5c260e45796bac7c10aefc32413a775fa98e1,1,2,0,0,0.0,apps/portlet-editors/src/main/webapp/javascript/editor-buttons.js,VladMartyshevskyi,Vlad Martyshevskyi;apps/portlet-editors/src/main/webapp/css/editors.css,VladMartyshevskyi,Vlad Martyshevskyi;
0f6a71f58c05420dce29debcde0fc75fc15e9b5c,1,8,5,0,0.625,apps/portlet-editors/src/main/java/org/exoplatform/editors/portlet/EditorsAdminPortlet.java,Peter Nedonosko,VladMartyshevskyi;core/services/src/main/java/org/exoplatform/services/cms/documents/impl/DocumentServiceImpl.java,Peter Nedonosko,VladMartyshevskyi;ecm-wcm-extension/src/main/webapp/WEB-INF/conf/wcm-extension/wcm/documents-configuration.xml,Peter Nedonosko,VladMartyshevskyi;
35cf17e515fdfb43b1b93715ae0e1408dba64a60,1,1,1,0,1.0,
ee5672f381cdfc4af8ed9214777a7c019be9ab0e,0,2,0,0,0.0,
1c36ad4d6df516c42b4797d125e344acaaad1693,1,2,1,0,0.5,services/src/main/java/org/exoplatform/clouddrive/onedrive/JCRLocalOneDrive.java,Peter Nedonosko,Igor Kochmarskiy;
9e93d4f9d575629d2cd16c658f1aa741ab512fb3,1,6,6,0,1.0,
db1b8a469dfe3235dbf229130a50dc0918fcf191,1,1,1,0,1.0,
3f47c0b3a685a2e0f50417ad3374f7b4e55e59a7,1,3,3,0,1.0,
805b2bfd833deed84f13cf3d00a64f7cba599d71,0,1,0,0,0.0,
74dcbb76afe94bcac7ee267e7fd458c0545e2155,0,1,0,0,0.0,
adfcebdb936aec63aeec91f8b46ab62c139a9d30,1,1,1,0,1.0,
93543182118454697c81820b1d595d160b21fa13,1,1,1,0,1.0,
a098cf550a3b07d90e175dbccd3a763c35f4eeec,1,1,1,0,1.0,
f08fe052bf7370b878adcfd34290fa65ee1f340e,2,2,1,0,0.5,src/main/java/org/exoplatform/clouddrive/jcr/JCRLocalCloudFile.java,Igor Kochmarskiy,Peter Nedonosko;
edc12b0bbfb5639add8bd2d632ed29dee611df5b,2,1,0,0,0.0,src/main/java/org/exoplatform/clouddrive/jcr/JCRLocalCloudDrive.java,Igor Kochmarskiy,Peter Nedonosko;
fd67283202de8eef9051cfa19695d0346a69312a,0,1,0,0,0.0,
ff742239f143b919fa3007d2504aff98ddd7ff51,0,1,0,0,0.0,
7af99a2e5979919ff484d6ba77d379e84aab9b5d,0,1,0,0,0.0,
9d7ca4ba4c87702105e6de23b604268c1527cfe8,1,1,0,0,0.0,pom.xml,Maxime Gréau,toannh;
1c77f6abedc1a964c62e9d8a94cbd5c4a89f7415,2,1,1,0,1.0,
620c6a773adad6100d04283361522b88eb1ab77a,1,1,0,0,0.0,pom.xml,minhdv,Minh Dang;
f55c55b2dc468970f60600c89a3d27b289f7b693,1,41,0,0,0.0,upgrade-plugins/pom.xml,Maxime Gréau,Arnaud Héritier;core/core-configuration/pom.xml,Maxime Gréau,Arnaud Héritier;ext/fastcontentcreator/pom.xml,Maxime Gréau,Arnaud Héritier;packaging/wcm/webapp/pom.xml,Maxime Gréau,Arnaud Héritier;testsuite/pom.xml,Maxime Gréau,Arnaud Héritier;apps/portlet-seo/pom.xml,Maxime Gréau,Arnaud Héritier;apps/gadget-publication/pom.xml,Maxime Gréau,Arnaud Héritier;core/connector/pom.xml,Maxime Gréau,Arnaud Héritier;ext/authoring/apps/pom.xml,Maxime Gréau,Arnaud Héritier;pom.xml,Maxime Gréau,minhdv;apps/gadget-favorites/pom.xml,Maxime Gréau,Arnaud Héritier;ext/fastcontentcreator/portlet/pom.xml,Maxime Gréau,Arnaud Héritier;packaging/wcm/pom.xml,Maxime Gréau,Arnaud Héritier;apps/portlet-search/pom.xml,Maxime Gréau,Arnaud Héritier;ext/authoring/pom.xml,Maxime Gréau,Arnaud Héritier;ext/authoring/services/pom.xml,Maxime Gréau,Arnaud Héritier;packaging/pom.xml,Maxime Gréau,Arnaud Héritier;apps/pom.xml,Maxime Gréau,Arnaud Héritier;core/webui-seo/pom.xml,Maxime Gréau,Arnaud Héritier;ext/xcmis/config/pom.xml,Maxime Gréau,Arnaud Héritier;testsuite/test/pom.xml,Maxime Gréau,kmenzli;core/search/pom.xml,Maxime Gréau,Arnaud Héritier;apps/portlet-explorer/pom.xml,Maxime Gréau,Arnaud Héritier;core/publication/pom.xml,Maxime Gréau,Arnaud Héritier;ext/data-injector/pom.xml,Maxime Gréau,Arnaud Héritier;ext/xcmis/sp/pom.xml,Maxime Gréau,Arnaud Héritier;core/pom.xml,Maxime Gréau,Arnaud Héritier;core/webui-administration/pom.xml,Maxime Gréau,Arnaud Héritier;ext/webui/pom.xml,Maxime Gréau,Arnaud Héritier;ext/authoring/webui/pom.xml,Maxime Gréau,Arnaud Héritier;core/viewer/pom.xml,Maxime Gréau,Arnaud Héritier;ext/xcmis/extension/pom.xml,Maxime Gréau,Arnaud Héritier;core/webui/pom.xml,Maxime Gréau,Arnaud Héritier;apps/portlet-administration/pom.xml,Maxime Gréau,Arnaud Héritier;core/publication-plugins/pom.xml,Maxime Gréau,Arnaud Héritier;core/webui-explorer/pom.xml,Maxime Gréau,Arnaud Héritier;ext/pom.xml,Maxime Gréau,Arnaud Héritier;ext/xcmis/pom.xml,Maxime Gréau,Arnaud Héritier;apps/portlet-presentation/pom.xml,Maxime Gréau,Arnaud Héritier;apps/resources-wcm/pom.xml,Maxime Gréau,Arnaud Héritier;core/services/pom.xml,Maxime Gréau,kmenzli;
a658f57addfc621e6862a007b257da8ed9f4f964,2,1,1,0,1.0,
36e003d58d968d0538a2026a508441632c7c3799,2,1,1,0,1.0,
da633100aeb92d76e30ce45569e04561c2e03877,2,1,1,0,1.0,
223f510c4d9228381629b6e954aa3e7bc96aef5f,2,3,3,0,1.0,
cc9f3fd77bbabe63bf1ed5d9a5b89e14d7873a9d,2,1,1,0,1.0,
9fd031b7bc686e911f2823c049b8268d76fd0823,2,1,1,0,1.0,
20832eca28ffd9fffd34c44382bcaec565ce4075,2,1,1,0,1.0,
117ff02ea904d989de796385d23cbff6c3e6f602,2,3,3,0,1.0,
c14b57d735437a4ada94e010d3b84ea97d2868d8,1,4,4,0,1.0,
9efefe81ef594d08acd03ffe39db67a2cadf2f01,0,41,0,0,0.0,
3277f8bda601a06665a46b3d78e71edaf4fb7f37,1,7,7,0,1.0,
3cf2bcafdddbf60febbf91ccc6fdfb9f74657853,1,8,5,0,0.625,apps/portlet-explorer/src/main/resources/locale/portlet/explorer/JCRExplorerPortlet_lt.xml,CrowdIn,eXo CI server;apps/portlet-explorer/src/main/resources/locale/portlet/explorer/JCRExplorerPortlet_cs.xml,CrowdIn,eXo CI server;packaging/wcm/webapp/src/main/resources/locale/ecm/dialogs_cs.xml,CrowdIn,eXo CI server;
0ddeb31939dfc78f77cd92818c0973470679e74f,1,1,1,0,1.0,
d184ce6b5123c47f85c44078105bd7ce5dde4cc6,1,1,0,0,0.0,packaging/wcm/webapp/src/main/webapp/WEB-INF/conf/wcm-artifacts/application-templates/content-list-viewer/list/Documents.gtmpl,haquangtan,Pham Duy Dong;
6c22c93e6a3c6ad0b795f521f17608258e04fd1c,1,8,2,0,0.25,apps/resources-wcm/src/main/webapp/eXoPlugins/content/plugin.js,haquangtan,Dang Van Minh;apps/resources-wcm/src/main/webapp/ckeditor/plugins/image/dialogs/image.js,haquangtan,Dang Van Minh;apps/resources-wcm/src/main/webapp/skin/DefaultSkin/WCMStylesheet.css,haquangtan,Dang Van Minh;apps/resources-wcm/src/main/webapp/skin/less/ecms-resources-wcmskin.less,haquangtan,Dang Van Minh;apps/portlet-presentation/src/main/webapp/groovy/SingleContentViewer/UIPresentationContainer.gtmpl,haquangtan,anhvurz90;core/webui/src/main/java/org/exoplatform/wcm/webui/form/UIFormRichtextInput.java,haquangtan,tungnq;
43d247bc489e50490eaba24dd9f8ca1579a05378,1,4,0,0,0.0,apps/resources-wcm/src/main/webapp/ckeditor/plugins/image/dialogs/image.js,haquangtan,gargouri lilia;packaging/wcm/webapp/src/main/webapp/groovy/portal/webui/workspace/UIPortalApplication.gtmpl,haquangtan,trungjc;ext/xcmis/config/pom.xml,Arnaud Héritier,Dang Van Minh;pom.xml,Dang Van Minh,anhvurz90;
46a5d886c63717a767ce869b13c54f5dab1bb74a,1,41,0,0,0.0,upgrade-plugins/pom.xml,anhvurz90,Arnaud Héritier;core/core-configuration/pom.xml,anhvurz90,Arnaud Héritier;ext/fastcontentcreator/pom.xml,anhvurz90,Arnaud Héritier;packaging/wcm/webapp/pom.xml,anhvurz90,Arnaud Héritier;testsuite/pom.xml,anhvurz90,Arnaud Héritier;apps/portlet-seo/pom.xml,anhvurz90,Arnaud Héritier;apps/gadget-publication/pom.xml,anhvurz90,Arnaud Héritier;core/connector/pom.xml,anhvurz90,Arnaud Héritier;ext/authoring/apps/pom.xml,anhvurz90,Arnaud Héritier;pom.xml,anhvurz90,Arnaud Héritier;apps/gadget-favorites/pom.xml,anhvurz90,Arnaud Héritier;ext/fastcontentcreator/portlet/pom.xml,anhvurz90,Arnaud Héritier;packaging/wcm/pom.xml,anhvurz90,Arnaud Héritier;apps/portlet-search/pom.xml,anhvurz90,Arnaud Héritier;ext/authoring/pom.xml,anhvurz90,Arnaud Héritier;ext/authoring/services/pom.xml,anhvurz90,Arnaud Héritier;packaging/pom.xml,anhvurz90,Arnaud Héritier;apps/pom.xml,anhvurz90,Arnaud Héritier;core/webui-seo/pom.xml,anhvurz90,Arnaud Héritier;ext/xcmis/config/pom.xml,anhvurz90,Arnaud Héritier;testsuite/test/pom.xml,anhvurz90,Arnaud Héritier;core/search/pom.xml,anhvurz90,Arnaud Héritier;apps/portlet-explorer/pom.xml,anhvurz90,Arnaud Héritier;core/publication/pom.xml,anhvurz90,Arnaud Héritier;ext/data-injector/pom.xml,anhvurz90,Arnaud Héritier;ext/xcmis/sp/pom.xml,anhvurz90,Arnaud Héritier;core/pom.xml,anhvurz90,Arnaud Héritier;core/webui-administration/pom.xml,anhvurz90,Arnaud Héritier;ext/webui/pom.xml,anhvurz90,Arnaud Héritier;ext/authoring/webui/pom.xml,anhvurz90,Arnaud Héritier;core/viewer/pom.xml,anhvurz90,Arnaud Héritier;ext/xcmis/extension/pom.xml,anhvurz90,Arnaud Héritier;core/webui/pom.xml,anhvurz90,Arnaud Héritier;apps/portlet-administration/pom.xml,anhvurz90,Arnaud Héritier;core/publication-plugins/pom.xml,anhvurz90,Arnaud Héritier;core/webui-explorer/pom.xml,anhvurz90,Arnaud Héritier;ext/pom.xml,anhvurz90,Arnaud Héritier;ext/xcmis/pom.xml,anhvurz90,Arnaud Héritier;apps/portlet-presentation/pom.xml,anhvurz90,Arnaud Héritier;apps/resources-wcm/pom.xml,anhvurz90,Arnaud Héritier;core/services/pom.xml,anhvurz90,Arnaud Héritier;
c325c79e06ee757644b68cafe3c886bed95fe0e3,1,4,3,0,0.75,apps/resources-wcm/src/main/webapp/skin/less/ecms-resources-wcmskin.less,thanhdo,luong trung hieu;
342025fea15ca0058b02460a2379608fd6313412,1,1,0,0,0.0,packaging/wcm/webapp/src/main/webapp/javascript/eXo/ecm/ECMUtils.js,VinhNT,thanhdo;
5a22e92df0208dd5d99c79dafad984d4a3a7b40b,1,10,3,0,0.3,upgrade-plugins/pom.xml,annb,Arnaud Héritier;packaging/wcm/config/pom.xml,Pham Duy Dong,Arnaud Héritier;packaging/wcm/ear/pom.xml,Pham Duy Dong,Arnaud Héritier;pom.xml,annb,Arnaud Héritier;upgrade-plugins/src/main/resources/conf/portal/configuration.xml,haquangtan,anhvurz90;core/search/pom.xml,annb,Arnaud Héritier;upgrade-plugins/src/main/java/org/exoplatform/ecms/upgrade/views/UpgradeExoViewNodeTypePlugin.java,haquangtan,anhvurz90;
1f9130582aeb369c943f95ee2ac647423da8ff2e,1,6,6,0,1.0,
cf3d305f2025df31dae1b35b8247fe273ec4802a,1,1,0,0,0.0,pom.xml,Pham Duy Dong,annb;
c1993ef42456c259d6f6675291ae360ede81ca88,1,2,0,0,0.0,core/services/src/main/java/org/exoplatform/services/wcm/core/NodetypeConstant.java,haquangtan,Pham Duy Dong;core/connector/src/main/java/org/exoplatform/wcm/connector/FileUploadHandler.java,VinhNT,anhvurz90;
49a19fd7ca1b4c9ce79d370be1c5fd3606dbe80d,1,15,9,0,0.6,packaging/wcm/webapp/src/main/webapp/WEB-INF/conf/dms-extension/dms/artifacts/views/templates/ecm-explorer/ThumbnailsView.gtmpl,anhvurz90,Pham Duy Dong;upgrade/upgrade-exo-view/src/main/java/org/exoplatform/ecms/upgrade/plugins/UpgradeExoViewNodeTypePlugin.java,anhvurz90,Pham Duy Dong;upgrade/templates/src/main/java/org/exoplatform/ecms/upgrade/plugins/WCMTemplateUpgradePlugin.java,anhvurz90,Pham Duy Dong;packaging/wcm/webapp/src/main/webapp/WEB-INF/conf/dms-extension/dms/artifacts/views/templates/ecm-explorer/ListView.gtmpl,anhvurz90,Pham Duy Dong;packaging/wcm/webapp/src/main/webapp/groovy/portal/webui/workspace/UIPortalApplication.gtmpl,luong trung hieu,Pham Duy Dong;apps/resources-wcm/src/main/webapp/javascript/eXo/wcm/backoffice/private/WCMUtils.js,thanhdo,Pham Duy Dong;
c4341674dc11481dcdce4b0be9b33adff3a03949,1,2,2,0,1.0,
669040649dc6c39ea83d5f5b56100bde8bb5a9e5,1,39,0,0,0.0,core/core-configuration/pom.xml,anhvurz90,Arnaud Héritier;ext/fastcontentcreator/pom.xml,anhvurz90,Arnaud Héritier;packaging/wcm/webapp/pom.xml,anhvurz90,Arnaud Héritier;testsuite/pom.xml,anhvurz90,Arnaud Héritier;apps/portlet-seo/pom.xml,anhvurz90,Arnaud Héritier;apps/gadget-publication/pom.xml,anhvurz90,Arnaud Héritier;core/connector/pom.xml,anhvurz90,Arnaud Héritier;ext/authoring/apps/pom.xml,anhvurz90,Arnaud Héritier;pom.xml,anhvurz90,Arnaud Héritier;apps/gadget-favorites/pom.xml,anhvurz90,Arnaud Héritier;ext/fastcontentcreator/portlet/pom.xml,anhvurz90,Arnaud Héritier;packaging/wcm/pom.xml,anhvurz90,Arnaud Héritier;apps/portlet-search/pom.xml,anhvurz90,Arnaud Héritier;ext/authoring/pom.xml,anhvurz90,Arnaud Héritier;ext/authoring/services/pom.xml,anhvurz90,Arnaud Héritier;packaging/pom.xml,anhvurz90,Arnaud Héritier;apps/pom.xml,anhvurz90,Arnaud Héritier;core/webui-seo/pom.xml,anhvurz90,Arnaud Héritier;testsuite/test/pom.xml,anhvurz90,Arnaud Héritier;core/search/pom.xml,anhvurz90,Arnaud Héritier;apps/portlet-explorer/pom.xml,anhvurz90,Arnaud Héritier;apps/wai-template/pom.xml,anhvurz90,Arnaud Héritier;core/publication/pom.xml,anhvurz90,Arnaud Héritier;ext/data-injector/pom.xml,anhvurz90,Arnaud Héritier;ext/xcmis/sp/pom.xml,anhvurz90,Arnaud Héritier;core/pom.xml,anhvurz90,Arnaud Héritier;core/webui-administration/pom.xml,anhvurz90,Arnaud Héritier;ext/webui/pom.xml,anhvurz90,Arnaud Héritier;ext/authoring/webui/pom.xml,anhvurz90,Arnaud Héritier;core/viewer/pom.xml,anhvurz90,Arnaud Héritier;core/webui/pom.xml,anhvurz90,Arnaud Héritier;apps/portlet-administration/pom.xml,anhvurz90,Arnaud Héritier;core/publication-plugins/pom.xml,anhvurz90,Arnaud Héritier;core/webui-explorer/pom.xml,anhvurz90,Arnaud Héritier;ext/pom.xml,anhvurz90,Arnaud Héritier;ext/xcmis/pom.xml,anhvurz90,Arnaud Héritier;apps/portlet-presentation/pom.xml,anhvurz90,Arnaud Héritier;apps/resources-wcm/pom.xml,anhvurz90,Arnaud Héritier;core/services/pom.xml,anhvurz90,Arnaud Héritier;
5691c6df8083b1e8f902ab3d3e37f3522d579cc0,0,39,0,0,0.0,
7cc4cdb8386de0f0c45d7d64abcaee0c3f22eb4c,1,19,0,0,0.0,apps/portlet-administration/src/main/resources/locale/portlet/administration/ECMAdminPortlet_vi.xml,minhdv,anhvurz90;apps/portlet-explorer/src/main/webapp/groovy/webui/component/explorer/control/UIActionBar.gtmpl,kmenzli,anhvurz90;packaging/wcm/webapp/src/main/webapp/WEB-INF/conf/dms-extension/dms/dms-drives-configuration.xml,kmenzli,anhvurz90;packaging/wcm/webapp/src/main/webapp/WEB-INF/conf/wcm-extension/dms/drives-configuration.xml,minhdv,anhvurz90;packaging/wcm/webapp/src/main/webapp/WEB-INF/conf/wcm-extension/jcr/repository-configuration.xml,kmenzli,anhvurz90;packaging/wcm/webapp/src/main/webapp/WEB-INF/conf/wcm-extension/dms/explorer-views-configuration.xml,minhdv,anhvurz90;packaging/wcm/webapp/src/main/webapp/WEB-INF/conf/dms-extension/jcr/repository-configuration.xml,minhdv,anhvurz90;pom.xml,maydt,Arnaud Héritier;testsuite/test/src/main/resources/conf/standalone/jcr/ecms-test-nodetypes-config.xml,minhdv,anhvurz90;packaging/wcm/webapp/src/main/resources/locale/wcm/webui_en.xml,minhdv,anhvurz90;packaging/wcm/webapp/src/main/webapp/javascript/eXo/ecm/ECMUtils.js,thanhdo,anhvurz90;apps/portlet-explorer/src/main/webapp/javascript/eXo/ecm/UIListView.js,thanhdo,anhvurz90;core/webui-administration/src/main/java/org/exoplatform/ecm/webui/component/admin/views/UIViewForm.java,minhdv,anhvurz90;apps/portlet-explorer/src/main/webapp/groovy/webui/component/explorer/control/UIAddressBar.gtmpl,thanhdo,anhvurz90;apps/portlet-explorer/src/main/webapp/groovy/webui/component/explorer/sidebar/UISideBar.gtmpl,kmenzli,anhvurz90;apps/portlet-administration/src/main/resources/locale/portlet/administration/ECMAdminPortlet_fr.xml,minhdv,anhvurz90;apps/portlet-administration/src/main/resources/locale/portlet/administration/ECMAdminPortlet_pt_BR.properties,haquangtan,anhvurz90;packaging/wcm/webapp/src/main/webapp/WEB-INF/conf/dms-extension/dms/dms-views-configuration.xml,kmenzli,anhvurz90;packaging/wcm/webapp/src/main/resources/locale/wcm/webui_fr.xml,minhdv,anhvurz90;
afe723804ca7569c37a7b7a97a6da7e17c354e19,0,1,0,0,0.0,
e86876d260ea06485a81bc7de731163952630b6a,0,1,0,0,0.0,
995b834b8c4079ce5eac73d0c0b0f12be3c0490e,1,32,29,0,0.90625,apps/portlet-explorer/src/main/webapp/groovy/webui/component/explorer/popup/info/UINodeTypeInfo.gtmpl,thanhdo,Pham Duy Dong;apps/portlet-explorer/src/main/webapp/javascript/eXo/ecm/UIListView.js,unknown,Pham Duy Dong;packaging/wcm/webapp/src/main/webapp/javascript/eXo/ecm/ECMUtils.js,unknown,Pham Duy Dong;
93a1d6519e2bd0e61dd8c151b4d5abad0bd43b8f,1,4,0,0,0.0,packaging/wcm/webapp/src/main/webapp/javascript/eXo/ecm/ECMUtils.js,anhvurz90,Pham Duy Dong;apps/portlet-explorer/src/main/webapp/javascript/eXo/ecm/UIListView.js,anhvurz90,Pham Duy Dong;apps/portlet-explorer/src/main/webapp/WEB-INF/gatein-resources.xml,anhvurz90,Pham Duy Dong;core/webui-explorer/src/main/java/org/exoplatform/ecm/webui/component/explorer/versions/UIVersionInfo.java,anhvurz90,Pham Duy Dong;
3a3e28816da4dbf81631f6c1003a32a3b5cc1c6d,1,1,1,0,1.0,
1f6ded505400682b532e3ee3b35ae4869329514e,1,1,0,0,0.0,apps/portlet-explorer/src/main/resources/locale/portlet/explorer/JCRExplorerPortlet_pt_BR.properties,anhvurz90,Pham Duy Dong;
76b82eeed9f442f8d5dffad6ab084580c1f43458,1,5,1,1,0.2,apps/portlet-explorer/src/main/webapp/WEB-INF/gatein-resources.xml,Pham Duy Dong,anhvurz90;packaging/wcm/webapp/src/main/webapp/WEB-INF/conf/dms-extension/dms/artifacts/views/templates/ecm-explorer/ListView.gtmpl,Pham Duy Dong,anhvurz90;packaging/wcm/webapp/src/main/webapp/WEB-INF/conf/wcm-artifacts/views/templates/ecm-explorer/ContentView.gtmpl,Pham Duy Dong,anhvurz90;
58af3fec5ee7f98ac2d924d5f4c048f7d96cf3c9,1,4,1,0,0.25,apps/portlet-explorer/src/main/webapp/groovy/webui/component/explorer/control/UIActionBar.gtmpl,unknown,anhvurz90;packaging/wcm/webapp/src/main/webapp/WEB-INF/conf/dms-extension/dms/artifacts/views/templates/ecm-explorer/IconView.gtmpl,minhdv,anhvurz90;packaging/wcm/webapp/src/main/webapp/WEB-INF/conf/dms-extension/dms/artifacts/views/templates/ecm-explorer/SystemView.gtmpl,minhdv,anhvurz90;
5ff8459951fb5df50865e04e4d6b5067ad4771b9,1,1,0,0,0.0,core/services/src/test/java/org/exoplatform/services/ecm/dms/timeline/TestTimelineService.java,anhvurz90,minhdv;
4859a28ad5b6c735264c9e929fb92e30dc2eb3e2,1,1,0,0,0.0,pom.xml,Arnaud Héritier,Frederic DROUET;
dff663f85d58eb944f9d21c9a9d003327d4b8f3c,1,89,1,0,0.011235955056179775,upgrade/templates/src/main/java/org/exoplatform/ecms/upgrade/plugins/NodeTypeTemplateUpgradePlugin.java,minhdv,Arnaud Héritier;examples/uiextension-framework/pom.xml,Franck Bassy,Arnaud Héritier;packaging/ecmdemo/webapp/src/main/webapp/WEB-INF/conf/sample-portal/portal/portal/acme/pages.xml,minhdv,Arnaud Héritier;packaging/waiportal/webapp/pom.xml,Franck Bassy,Arnaud Héritier;upgrade/templates/pom.xml,Franck Bassy,Arnaud Héritier;examples/pom.xml,Franck Bassy,Arnaud Héritier;upgrade/pom.xml,Franck Bassy,Arnaud Héritier;packaging/wcm/webapp/pom.xml,Franck Bassy,Arnaud Héritier;apps/portlet-seo/pom.xml,Franck Bassy,Arnaud Héritier;packaging/waiportal/pom.xml,Franck Bassy,Arnaud Héritier;packaging/ecmdemo/config/pom.xml,Franck Bassy,Arnaud Héritier;examples/uiextension-framework/helloworld-sidebar/pom.xml,Franck Bassy,Arnaud Héritier;apps/gadget-favorites/pom.xml,Franck Bassy,Arnaud Héritier;core/webui/src/main/java/org/exoplatform/ecm/webui/utils/Utils.java,minhdv,Arnaud Héritier;apps/pom.xml,Franck Bassy,Arnaud Héritier;core/webui-seo/pom.xml,Franck Bassy,Arnaud Héritier;upgrade/favorite/pom.xml,Franck Bassy,Arnaud Héritier;packaging/wcm/ear/pom.xml,Franck Bassy,Arnaud Héritier;apps/portlet-explorer/src/main/webapp/groovy/webui/component/explorer/sidebar/UISideBar.gtmpl,unknown,Arnaud Héritier;delivery/product/pom.xml,Franck Bassy,Arnaud Héritier;packaging/ecmdemo/pom.xml,Franck Bassy,Arnaud Héritier;packaging/waiportal/webapp/src/main/webapp/WEB-INF/conf/wai-configuration.xml,minhdv,Arnaud Héritier;apps/portlet-explorer/src/main/webapp/groovy/webui/component/explorer/control/UIActionBar.gtmpl,unknown,Arnaud Héritier;apps/wai-template/pom.xml,Franck Bassy,Arnaud Héritier;core/publication/pom.xml,Franck Bassy,Arnaud Héritier;packaging/ecmdemo/webapp/src/main/webapp/WEB-INF/conf/sample-portal/wcm/deployment/acme-deployment-configuration.xml,minhdv,Arnaud Héritier;upgrade/users-folder-permission/pom.xml,Franck Bassy,Arnaud Héritier;core/pom.xml,Franck Bassy,Arnaud Héritier;core/webui-administration/pom.xml,Franck Bassy,Arnaud Héritier;ext/webui/pom.xml,Franck Bassy,Arnaud Héritier;packaging/waiportal/webapp/src/main/webapp/WEB-INF/conf/sample-portal/wcm/taxonomy/waiportal-taxonomies-configuration.xml,minhdv,Arnaud Héritier;ext/authoring/webui/pom.xml,Franck Bassy,Arnaud Héritier;packaging/ecmdemo/rest-webapp/pom.xml,Franck Bassy,Arnaud Héritier;apps/portlet-explorer/src/main/webapp/groovy/webui/component/explorer/UIWorkingArea.gtmpl,unknown,Arnaud Héritier;examples/uiextension-framework/manage-personal-folder/pom.xml,Franck Bassy,Arnaud Héritier;packaging/ecmdemo/webapp/src/main/webapp/WEB-INF/conf/sample-portal/wcm/taxonomy/acme-taxonomies-configuration.xml,minhdv,Arnaud Héritier;packaging/wcm/webapp/src/main/webapp/javascript/eXo/ecm/ECMUtils.js,unknown,Arnaud Héritier;apps/portlet-administration/pom.xml,phuong_vu,Arnaud Héritier;core/webui-explorer/pom.xml,Franck Bassy,Arnaud Héritier;ext/pom.xml,Franck Bassy,Arnaud Héritier;packaging/ecmdemo/webapp/pom.xml,Franck Bassy,Arnaud Héritier;apps/resources-wcm/pom.xml,phuong_vu,Arnaud Héritier;.gitignore,Thuy Nguyen,Arnaud Héritier;upgrade/portlet-preferences/pom.xml,Franck Bassy,Arnaud Héritier;core/core-configuration/pom.xml,Franck Bassy,Arnaud Héritier;delivery/pom.xml,Franck Bassy,Arnaud Héritier;ext/fastcontentcreator/pom.xml,Franck Bassy,Arnaud Héritier;testsuite/pom.xml,Franck Bassy,Arnaud Héritier;upgrade/thumbnails/pom.xml,Franck Bassy,Arnaud Héritier;apps/gadget-publication/pom.xml,Franck Bassy,Arnaud Héritier;core/connector/pom.xml,Franck Bassy,Arnaud Héritier;packaging/ecmdemo/webapp/src/main/webapp/WEB-INF/conf/sample-portal/portal/portal/template/acme/pages.xml,minhdv,Arnaud Héritier;delivery/server-tomcat/pom.xml,Franck Bassy,Arnaud Héritier;ext/authoring/apps/pom.xml,Franck Bassy,Arnaud Héritier;ext/fastcontentcreator/portlet/pom.xml,Franck Bassy,Arnaud Héritier;packaging/wcm/pom.xml,Franck Bassy,Arnaud Héritier;testsuite/test/src/main/resources/conf/standalone/jcr/ecms-test-nodetypes-config.xml,minhdv,Arnaud Héritier;apps/portlet-search/pom.xml,phuong_vu,Arnaud Héritier;upgrade/voting-nodetype/pom.xml,Franck Bassy,Arnaud Héritier;ext/authoring/pom.xml,Franck Bassy,Arnaud Héritier;ext/authoring/services/pom.xml,Franck Bassy,Arnaud Héritier;packaging/waiportal/config/pom.xml,Franck Bassy,Arnaud Héritier;packaging/pom.xml,Franck Bassy,Arnaud Héritier;packaging/ecmdemo/webapp/src/main/webapp/WEB-INF/conf/sample-portal/wcm/taxonomy/events-taxonomies-configuration.xml,minhdv,Arnaud Héritier;delivery/assembly/pom.xml,Franck Bassy,Arnaud Héritier;core/search/pom.xml,Franck Bassy,Arnaud Héritier;packaging/ecmdemo/ear/pom.xml,Franck Bassy,Arnaud Héritier;apps/portlet-explorer/pom.xml,phuong_vu,Arnaud Héritier;ext/data-injector/pom.xml,Franck Bassy,Arnaud Héritier;ext/xcmis/sp/pom.xml,Franck Bassy,Arnaud Héritier;upgrade/drive-data/pom.xml,Franck Bassy,Arnaud Héritier;core/viewer/pom.xml,Franck Bassy,Arnaud Héritier;delivery/jboss-package/pom.xml,Franck Bassy,Arnaud Héritier;core/webui/pom.xml,Franck Bassy,Arnaud Héritier;packaging/ecmdemo/webapp/src/main/webapp/WEB-INF/conf/sample-portal/wcm/taxonomy/classic-taxonomies-configuration.xml,minhdv,Arnaud Héritier;examples/uiextension-framework/helloworld-optionblock/pom.xml,Franck Bassy,Arnaud Héritier;upgrade/publication-publication-nodetype/pom.xml,Franck Bassy,Arnaud Héritier;examples/uiextension-framework/manage-wcm-cache/pom.xml,Franck Bassy,Arnaud Héritier;core/publication-plugins/pom.xml,Franck Bassy,Arnaud Héritier;ext/xcmis/pom.xml,Franck Bassy,Arnaud Héritier;packaging/waiportal/ear/pom.xml,Franck Bassy,Arnaud Héritier;examples/uiextension-framework/helloworld-sidebar/src/main/resources/templates/sidebar/UIHelloSideBar.gtmpl,trungnq,Arnaud Héritier;packaging/ecmdemo/webapp/src/main/webapp/WEB-INF/conf/sample-portal/wcm/deployment/template-acme-deployment-configuration.xml,minhdv,Arnaud Héritier;apps/portlet-presentation/pom.xml,phuong_vu,Arnaud Héritier;packaging/wcm/config/pom.xml,Franck Bassy,Arnaud Héritier;delivery/module/pom.xml,Franck Bassy,Arnaud Héritier;core/services/pom.xml,Franck Bassy,Arnaud Héritier;delivery/server-tomcat/src/main/tomcat/gatein/conf/controller.xml,haquangtan,Arnaud Héritier;
fb752d749e8b4605f50df0ab893d0e60efd68ff1,1,1,0,0,0.0,pom.xml,Arnaud Heritier,Arnaud Héritier;
b1fa2131cd6ef298e8ededdcf54148ab2236d287,1,5,0,0,0.0,packaging/wcm/webapp/src/main/webapp/javascript/eXo/ecm/ECMUtils.js,Pham Duy Dong,Arnaud Héritier;core/publication-plugins/pom.xml,Pham Duy Dong,Arnaud Héritier;core/publication/pom.xml,Pham Duy Dong,Arnaud Héritier;apps/resources-wcm/src/main/webapp/javascript/eXo/wcm/backoffice/private/WCMUtils.js,Pham Duy Dong,Arnaud Héritier;pom.xml,Pham Duy Dong,Arnaud Héritier;
c049e2bca43960c9867a3e00026add5c6bc6d61b,1,3,1,1,0.3333333333333333,delivery/server-tomcat/src/main/tomcat/gatein/conf/controller.xml,Arnaud Héritier,haquangtan;
fb4c3ab835a4b62db996918a195325628c53494d,1,1,1,0,1.0,
0d61aee5681047f6a5909ae7d7d7d75cb7c46f95,1,5,2,1,0.4,packaging/ecmdemo/webapp/src/main/webapp/WEB-INF/webui-configuration.xml,Pham Duy Dong,haquangtan;delivery/server-tomcat/src/main/tomcat/gatein/conf/controller.xml,Pham Duy Dong,haquangtan;
5d692338fa1a82bd4a5abe8fe36f7c086552b9f2,1,99,0,0,0.0,examples/uiextension-framework/pom.xml,Philippe  Aristote,Minh Van Dang;examples/pom.xml,Philippe  Aristote,Minh Van Dang;ext/workflow/api/pom.xml,Philippe  Aristote,Minh Van Dang;ext/formgenerator/portlet/pom.xml,Philippe  Aristote,Minh Van Dang;ext/workflow/bp-bonita-holiday/pom.xml,Philippe  Aristote,Minh Van Dang;apps/pom.xml,Philippe  Aristote,Tu Ngoc Nguyen;delivery/wkf-wcm/product/pom.xml,Philippe  Aristote,Minh Van Dang;packaging/ecmdemo/pom.xml,Philippe  Aristote,Minh Van Dang;core/publication/pom.xml,Philippe  Aristote,Minh Van Dang;core/pom.xml,Philippe  Aristote,Minh Van Dang;core/webui-administration/pom.xml,Philippe  Aristote,Minh Van Dang;ext/authoring/webui/pom.xml,Philippe  Aristote,Minh Van Dang;delivery/wcm/server-tomcat/pom.xml,Philippe  Aristote,Minh Van Dang;ext/workflow/bp-content-plugin/pom.xml,Philippe  Aristote,Minh Van Dang;ext/workflow/facade-jbpm/pom.xml,Philippe  Aristote,Minh Van Dang;apps/portlet-administration/pom.xml,Philippe  Aristote,Minh Van Dang;core/webui-explorer/pom.xml,Philippe  Aristote,Minh Van Dang;delivery/dms-wcm/module/pom.xml,Philippe  Aristote,Minh Van Dang;delivery/wcm/jboss-package/pom.xml,Philippe  Aristote,Minh Van Dang;ext/deprecated/pom.xml,Philippe  Aristote,Minh Van Dang;ext/workflow/portlet-administration/pom.xml,Philippe  Aristote,Minh Van Dang;apps/resources-wcm/pom.xml,Philippe  Aristote,Minh Van Dang;delivery/wcm/server-jboss-ear/pom.xml,Philippe  Aristote,Minh Van Dang;delivery/dms-wcm/product/pom.xml,Philippe  Aristote,Minh Van Dang;ext/newsletter/pom.xml,Philippe  Aristote,Minh Van Dang;core/core-configuration/pom.xml,Philippe  Aristote,Minh Van Dang;testsuite/pom.xml,Philippe  Aristote,Minh Van Dang;ext/authoring/apps/pom.xml,Philippe  Aristote,Minh Van Dang;ext/formgenerator/pom.xml,Philippe  Aristote,Minh Van Dang;ext/xcmis/docs/admin/pom.xml,Philippe  Aristote,Minh Van Dang;pom.xml,Philippe  Aristote,Minh Van Dang;ext/authoring/pom.xml,Philippe  Aristote,Minh Van Dang;delivery/wkf-wcm/server-jonas/pom.xml,Philippe  Aristote,Minh Van Dang;packaging/pom.xml,Philippe  Aristote,Minh Van Dang;ext/newsletter/portlet/pom.xml,Philippe  Aristote,Minh Van Dang;delivery/wcm/server-jonas/pom.xml,Philippe  Aristote,Minh Van Dang;core/search/pom.xml,Philippe  Aristote,Minh Van Dang;packaging/ecmdemo/ear/pom.xml,Philippe  Aristote,Minh Van Dang;apps/resources-dms/pom.xml,Philippe  Aristote,Minh Van Dang;ext/workflow/facade-bonita/pom.xml,Philippe  Aristote,Minh Van Dang;packaging/workflow/pom.xml,Philippe  Aristote,Minh Van Dang;delivery/wkf-wcm/server-jboss/pom.xml,Philippe  Aristote,Minh Van Dang;examples/uiextension-framework/helloworld-optionblock/pom.xml,Philippe  Aristote,Minh Van Dang;apps/portlet-presentation/pom.xml,Philippe  Aristote,Minh Van Dang;packaging/wcm/config/pom.xml,Philippe  Aristote,Minh Van Dang;delivery/wcm/server-jboss/pom.xml,Philippe  Aristote,Minh Van Dang;ext/workflow/bp-jbpm-content/pom.xml,Philippe  Aristote,Minh Van Dang;ext/workflow/bp-jbpm-payraise/pom.xml,Philippe  Aristote,Minh Van Dang;ext/xcmis/docs/developer/pom.xml,Philippe  Aristote,Minh Van Dang;ext/workflow/bp-bonita-payraise/pom.xml,Philippe  Aristote,Minh Van Dang;packaging/wcm/webapp/pom.xml,Philippe  Aristote,Minh Van Dang;delivery/wkf-wcm/pom.xml,Philippe  Aristote,Minh Van Dang;ext/deprecated/portlet-browsecontent/pom.xml,Philippe  Aristote,Minh Van Dang;ext/workflow/bp-content-publication/pom.xml,Philippe  Aristote,Minh Van Dang;packaging/ecmdemo/config/pom.xml,Philippe  Aristote,Minh Van Dang;examples/uiextension-framework/helloworld-sidebar/pom.xml,Philippe  Aristote,Minh Van Dang;delivery/wkf-wcm/module/pom.xml,Philippe  Aristote,Minh Van Dang;packaging/wcm/ear/pom.xml,Philippe  Aristote,Minh Van Dang;ext/workflow/bp-bonita-content/pom.xml,Philippe  Aristote,Minh Van Dang;ext/workflow/pom.xml,Philippe  Aristote,Minh Van Dang;ext/webui/pom.xml,Philippe  Aristote,Minh Van Dang;packaging/ecmdemo/rest-webapp/pom.xml,Philippe  Aristote,Minh Van Dang;ext/pom.xml,Philippe  Aristote,Minh Van Dang;packaging/ecmdemo/webapp/pom.xml,Philippe  Aristote,Minh Van Dang;apps/resources-static/pom.xml,Philippe  Aristote,Minh Van Dang;ext/workflow/bp-jbpm-holiday/pom.xml,Philippe  Aristote,Minh Van Dang;delivery/wkf-wcm/server-bonita/pom.xml,Philippe  Aristote,Minh Van Dang;packaging/workflow/config/pom.xml,Philippe  Aristote,Minh Van Dang;delivery/wcm/pom.xml,Philippe  Aristote,Minh Van Dang;ext/workflow/resources/pom.xml,Philippe  Aristote,Minh Van Dang;ext/xcmis/docs/pom.xml,Philippe  Aristote,Minh Van Dang;delivery/pom.xml,Philippe  Aristote,Minh Van Dang;packaging/workflow/ear/pom.xml,Philippe  Aristote,Minh Van Dang;testsuite/selenium/pom.xml,Philippe  Aristote,Minh Van Dang;apps/gadget-publication/pom.xml,Philippe  Aristote,Minh Van Dang;core/connector/pom.xml,Philippe  Aristote,Minh Van Dang;packaging/wcm/pom.xml,Philippe  Aristote,Minh Van Dang;apps/portlet-search/pom.xml,Philippe  Aristote,Minh Van Dang;ext/authoring/services/pom.xml,Philippe  Aristote,Minh Van Dang;ext/deprecated/portlet-jcrconsole/pom.xml,Philippe  Aristote,Minh Van Dang;ext/workflow/bp-content-webui/pom.xml,Philippe  Aristote,Minh Van Dang;ext/workflow/webui/pom.xml,Philippe  Aristote,Minh Van Dang;packaging/workflow/webapp/pom.xml,Philippe  Aristote,Minh Van Dang;core/parser/pom.xml,Philippe  Aristote,Minh Van Dang;apps/portlet-explorer/pom.xml,Philippe  Aristote,Minh Van Dang;delivery/wcm/product/pom.xml,Philippe  Aristote,Minh Van Dang;ext/xcmis/sp/pom.xml,Philippe  Aristote,Minh Van Dang;docs/pom.xml,Philippe  Aristote,Minh Van Dang;core/viewer/pom.xml,Philippe  Aristote,Minh Van Dang;delivery/wkf-wcm/server-jboss-ear/pom.xml,Philippe  Aristote,Minh Van Dang;core/webui/pom.xml,Philippe  Aristote,Minh Van Dang;examples/uiextension-framework/manage-wcm-cache/pom.xml,Philippe  Aristote,Minh Van Dang;ext/newsletter/services/pom.xml,Philippe  Aristote,Minh Van Dang;core/publication-plugins/pom.xml,Philippe  Aristote,Minh Van Dang;ext/xcmis/pom.xml,Philippe  Aristote,Minh Van Dang;delivery/wcm/module/pom.xml,Philippe  Aristote,Minh Van Dang;delivery/wkf-wcm/server-tomcat/pom.xml,Philippe  Aristote,Minh Van Dang;delivery/dms-wcm/pom.xml,Philippe  Aristote,Minh Van Dang;core/services/pom.xml,Philippe  Aristote,Minh Van Dang;
d763fc79e3d26d39a58e186cd03790f158a9c5e8,1,461,130,112,0.28199566160520606,core/parser/src/main/java/org/exoplatform/services/html/refs/RefsDecoder.java,Tan Ha,Minh Van Dang;packaging/wcm/webapp/src/main/webapp/WEB-INF/conf/dms-extension/dms/jcr-component-plugins-configuration.xml,Tan Ha,Minh Van Dang;examples/pom.xml,Benjamin  Paillereau,Philippe  Aristote;core/parser/src/main/java/org/exoplatform/services/token/attribute/AttributeUtil.java,Tan Ha,Minh Van Dang;core/parser/src/main/java/org/exoplatform/services/chars/chardet/Big5Statistics.java,Tan Ha,Minh Van Dang;core/parser/src/main/java/org/exoplatform/services/chars/chardet/PSMDetector.java,Tan Ha,Minh Van Dang;core/parser/src/main/java/org/exoplatform/services/chars/chardet/Detector.java,Tan Ha,Minh Van Dang;ext/xcmis/sp/src/main/java/org/exoplatform/ecms/xcmis/sp/index/ContentEntryAdapter.java,Maxim Shaposhnik,Sergey  Kabashnyuk;core/parser/src/main/java/org/exoplatform/services/html/HTMLDocument.java,Tan Ha,Minh Van Dang;ext/authoring/webui/pom.xml,Benjamin  Paillereau,Philippe  Aristote;ext/workflow/bp-content-plugin/pom.xml,Benjamin  Paillereau,Philippe  Aristote;core/parser/src/main/java/org/exoplatform/services/common/DataReader.java,Tan Ha,Minh Van Dang;core/parser/src/main/java/org/exoplatform/services/xml/parser/XMLDocument.java,Tan Ha,Minh Van Dang;ext/workflow/facade-jbpm/pom.xml,Benjamin  Paillereau,Philippe  Aristote;apps/portlet-administration/pom.xml,Benjamin  Paillereau,Philippe  Aristote;core/webui-explorer/pom.xml,Benjamin  Paillereau,Philippe  Aristote;delivery/wcm/jboss-package/pom.xml,Arnaud  Héritier,Philippe  Aristote;ext/deprecated/pom.xml,Benjamin  Paillereau,Philippe  Aristote;ext/workflow/portlet-administration/pom.xml,Benjamin  Paillereau,Philippe  Aristote;apps/resources-wcm/pom.xml,Benjamin  Paillereau,Philippe  Aristote;core/webui-explorer/src/main/java/org/exoplatform/ecm/webui/component/explorer/popup/admin/UICategoriesAddedList.java,Vu Anh Nguyen,Minh Van Dang;testsuite/selenium/design/Test_SNF_ECMS_70_ManageTemplates,Nguyen Thi Dung,Linh Vu;core/webui/src/main/java/org/exoplatform/wcm/webui/selector/content/one/UIContentSelectorOne.java,Vu Anh Nguyen,Minh Van Dang;core/parser/src/main/java/org/exoplatform/services/token/Node.java,Tan Ha,Minh Van Dang;pom.xml,Arthur Peltier,Philippe  Aristote;delivery/wkf-wcm/server-jonas/pom.xml,Benjamin  Paillereau,Philippe  Aristote;packaging/pom.xml,Benjamin  Paillereau,Philippe  Aristote;ext/newsletter/portlet/pom.xml,Benjamin  Paillereau,Philippe  Aristote;apps/portlet-presentation/src/main/java/org/exoplatform/wcm/webui/clv/CategoryBean.java,Nguyen Van Chien,Benjamin  Paillereau;packaging/ecmdemo/ear/pom.xml,Benjamin  Paillereau,Philippe  Aristote;core/parser/src/main/java/org/exoplatform/services/xml/serialize/XMLSerialize.java,Tan Ha,Minh Van Dang;core/parser/src/main/java/org/exoplatform/services/xml/serialize/NodesMap.java,Tan Ha,Minh Van Dang;testsuite/selenium/design/Test_SNF_ECMS_36_LockUnlockNode,Nguyen Thi Dung,Linh Vu;core/parser/src/main/java/org/exoplatform/services/chars/chardet/EUCKRStatistics.java,Tan Ha,Minh Van Dang;core/parser/src/main/java/org/exoplatform/services/chars/StringTokenizer.java,Tan Ha,Minh Van Dang;docs/refguide/pom.xml,Benjamin  Paillereau,Philippe  Aristote;packaging/workflow/pom.xml,Benjamin  Paillereau,Philippe  Aristote;testsuite/selenium/design/Test_SNF_ECMS_56_ManagePermission,Nguyen Thi Dung,Linh Vu;core/parser/src/main/java/org/exoplatform/services/chars/chardet/UTF8Verifier.java,Tan Ha,Minh Van Dang;core/parser/src/main/java/org/exoplatform/services/common/util/Tree.java,Tan Ha,Minh Van Dang;testsuite/selenium/design/Test_SNF_ECMS_46_AddLanguageForDocument,Nguyen Thi Dung,Linh Vu;testsuite/selenium/design/Test_SNF_ECMS_67_ManageClipboard,Nguyen Thi Dung,Linh Vu;delivery/wcm/module/src/main/javascript/wcm.packaging.module.js,Tan Ha,Minh Van Dang;core/parser/src/main/java/org/exoplatform/services/chars/chardet/BIG5Verifier.java,Tan Ha,Minh Van Dang;core/parser/src/main/java/org/exoplatform/services/rss/parser/DefaultRSSItem.java,Tan Ha,Minh Van Dang;ext/xcmis/sp/src/main/java/org/exoplatform/ecms/xcmis/sp/DocumentOrderResultSorter.java,Maxim Shaposhnik,Sergey  Kabashnyuk;packaging/wcm/config/pom.xml,Phan Trong Lam,Philippe  Aristote;core/parser/src/main/java/org/exoplatform/services/html/path/NodePath.java,Tan Ha,Minh Van Dang;ext/workflow/bp-jbpm-content/pom.xml,Benjamin  Paillereau,Philippe  Aristote;testsuite/selenium/design/Test_SNF_ECMS_25_CreateEditDeleteArticle,Nguyen Thi Dung,Linh Vu;ext/xcmis/docs/developer/src/main/wikbook/en/en-US/xCMIS/WCMfeatures.wiki,Alexey Zavizionov,Maxim Shaposhnik;ext/xcmis/docs/admin/src/main/wikbook/en/en-US/bookinfo.ext,Alexey Zavizionov,Philippe  Aristote;delivery/wkf-wcm/pom.xml,Benjamin  Paillereau,Philippe  Aristote;core/parser/src/main/java/org/exoplatform/services/chars/chardet/SJISVerifier.java,Tan Ha,Minh Van Dang;core/parser/src/main/java/org/exoplatform/services/token/attribute/AttributeParser.java,Tan Ha,Minh Van Dang;testsuite/selenium/design/Test_SNF_ECMS_26_CreateEditDeleteFile,Nguyen Thi Dung,Linh Vu;core/parser/src/main/java/org/exoplatform/services/html/util/HyperLinkUtil.java,Tan Ha,Minh Van Dang;apps/portlet-presentation/src/main/webapp/skin/SingleContentViewer/DefaultSkin/Stylesheet.css,Vinh The Nguyen,Minh Van Dang;core/parser/src/main/java/org/exoplatform/services/html/Name.java,Tan Ha,Minh Van Dang;testsuite/selenium/design/Test_SNF_ECMS_68_ManageFolksonomy,Nguyen Thi Dung,Linh Vu;core/parser/src/main/java/org/exoplatform/services/xml/serialize/SetterMap.java,Tan Ha,Minh Van Dang;testsuite/selenium/design/Test_SNF_ECMS_49_ManagePublication,Nguyen Thi Dung,Linh Vu;ext/webui/pom.xml,Minh Van Dang,Philippe  Aristote;core/parser/src/main/java/org/exoplatform/services/html/Group.java,Tan Ha,Minh Van Dang;core/parser/src/main/java/org/exoplatform/services/xml/serialize/NodeMap.java,Tan Ha,Minh Van Dang;core/parser/src/main/java/org/exoplatform/services/token/TypeToken.java,Tan Ha,Minh Van Dang;core/parser/src/main/java/org/exoplatform/services/text/CharacterEncoder.java,Tan Ha,Minh Van Dang;testsuite/selenium/design/Test_SNF_ECMS_47_VoteDocument,Nguyen Thi Dung,Linh Vu;testsuite/selenium/design/Test_SNF_ECMS_58_ManageAuditting,Nguyen Thi Dung,Linh Vu;delivery/dms-wcm/assembly/pom.xml,Vinh The Nguyen,Philippe  Aristote;core/parser/src/main/java/org/exoplatform/services/html/refs/EncodeService.java,Tan Ha,Minh Van Dang;ext/pom.xml,Minh Van Dang,Philippe  Aristote;apps/resources-static/pom.xml,Benjamin  Paillereau,Philippe  Aristote;core/parser/src/main/java/org/exoplatform/services/xml/serialize/GetterMap.java,Tan Ha,Minh Van Dang;delivery/wkf-wcm/server-bonita/pom.xml,Benjamin  Paillereau,Philippe  Aristote;ext/xcmis/docs/developer/src/main/wikbook/en/en-US/xCMIS/Introduction.wiki,Alexey Zavizionov,Peter Nedonosko;apps/resources-static/src/main/webapp/eXoPlugins/insertPortalLink/js/portalLink.js,Lam Tuan Nguyen,Minh Van Dang;core/parser/src/main/java/org/exoplatform/services/rss/parser/RSSDocument.java,Tan Ha,Minh Van Dang;testsuite/selenium/pom.xml,Arthur Peltier,Philippe  Aristote;apps/gadget-publication/pom.xml,Benjamin  Paillereau,Philippe  Aristote;core/connector/pom.xml,Minh Van Dang,Philippe  Aristote;core/parser/src/main/java/org/exoplatform/services/chars/chardet/ICharsetDetectionObserver.java,Tan Ha,Minh Van Dang;ext/xcmis/sp/src/main/java/org/exoplatform/ecms/xcmis/sp/index/JcrPathSplitter.java,Alexey Zavizionov,Sergey  Kabashnyuk;testsuite/selenium/src/suite/org/exoplatform/selenium/candidate/Test_SNF_ECMS_33_CopyPasteNode_ecmdemo.html,Hanh Ly,Linh Vu;packaging/wcm/pom.xml,Benjamin  Paillereau,Philippe  Aristote;core/parser/src/main/java/org/exoplatform/services/html/NodeConfig.java,Tan Ha,Minh Van Dang;testsuite/selenium/design/Test_SNF_ECMS_62_ManageQueryInAdvanceSearch,Nguyen Thi Dung,Linh Vu;testsuite/selenium/design/Test_SNF_ECMS_79_ManageLockUnlock,Nguyen Thi Dung,Linh Vu;core/parser/src/main/java/org/exoplatform/services/chars/chardet/ISO2022CNVerifier.java,Tan Ha,Minh Van Dang;ext/xcmis/sp/pom.xml,Alexey Zavizionov,Philippe  Aristote;testsuite/selenium/design/Test_SNF_ECMS_61_AdvanceSearch,Nguyen Thi Dung,Linh Vu;apps/portlet-presentation/src/main/webapp/WEB-INF/classes/locale/portlet/SingleContentViewer/SingleContentViewer_fr.xml,Vinh The Nguyen,Vu Anh Nguyen;apps/resources-static/src/main/webapp/eXoPlugins/insertPortalLink/plugin.js,Lam Tuan Nguyen,Minh Van Dang;delivery/dms-wcm/pom.xml,Benjamin  Paillereau,Philippe  Aristote;core/parser/src/main/java/org/exoplatform/services/xml/parser/XMLNode.java,Tan Ha,Minh Van Dang;ext/xcmis/docs/developer/src/main/wikbook/en/en-US/book.wiki,Alexey Zavizionov,Minh Van Dang;ext/authoring/apps/src/main/webapp/groovy/authoring/UIDashboardForm.gtmpl,Vinh The Nguyen,Lam Tuan Nguyen;core/services/pom.xml,Tan Ha,Philippe  Aristote;core/parser/src/main/java/org/exoplatform/services/common/ThreadSoftRef.java,Tan Ha,Minh Van Dang;apps/portlet-presentation/src/main/webapp/WEB-INF/classes/locale/portlet/SingleContentViewer/SingleContentViewer_en.xml,Vinh The Nguyen,Vu Anh Nguyen;ext/workflow/api/pom.xml,Benjamin  Paillereau,Philippe  Aristote;core/parser/src/main/java/org/exoplatform/services/text/unicode/Normalizer.java,Tan Ha,Minh Van Dang;testsuite/selenium/design/Test_SNF_ECMS_51_ManageRelation,Nguyen Thi Dung,Linh Vu;ext/workflow/bp-bonita-holiday/pom.xml,Benjamin  Paillereau,Philippe  Aristote;testsuite/selenium/design/Test_SNF_ECMS_35_CutPasteNode,Nguyen Thi Dung,Linh Vu;core/parser/src/main/java/org/exoplatform/services/html/refs/CharRefs.java,Tan Ha,Minh Van Dang;core/parser/src/main/java/org/exoplatform/services/rss/parser/RSSParser.java,Tan Ha,Minh Van Dang;packaging/ecmdemo/webapp/src/main/webapp/WEB-INF/conf/sample-portal/wcm/artifacts/site-resources/classic/UsingACME.xml,Minh Van Dang,Benjamin  Paillereau;core/webui/src/main/java/org/exoplatform/ecm/webui/form/field/UIFormCalendarField.java,Vu Anh Nguyen,Minh Van Dang;delivery/wkf-wcm/product/pom.xml,Benjamin  Paillereau,Philippe  Aristote;ext/xcmis/docs/developer/src/main/wikbook/en/en-US/xCMIS/CodeExamples.wiki,Alexey Zavizionov,Maxim Shaposhnik;packaging/wcm/webapp/src/main/webapp/WEB-INF/conf/dms-extension/dms/artifacts/views/templates/ecm-explorer/ThumbnailsView.gtmpl,Nguyen Van Chien,Minh Van Dang;core/parser/src/main/java/org/exoplatform/services/chars/chardet/EUCTWVerifier.java,Tan Ha,Minh Van Dang;core/publication/pom.xml,Tan Ha,Philippe  Aristote;core/pom.xml,Tan Ha,Philippe  Aristote;core/webui-administration/pom.xml,Benjamin  Paillereau,Philippe  Aristote;core/parser/src/main/java/org/exoplatform/services/html/path/NodePathParser.java,Tan Ha,Minh Van Dang;core/parser/src/main/java/org/exoplatform/services/common/ClassConfig.java,Tan Ha,Minh Van Dang;testsuite/selenium/design/Test_SNF_ECMS_59_ShowHideLikeJCRStructure,Nguyen Thi Dung,Linh Vu;core/parser/src/main/java/org/exoplatform/services/chars/chardet/EUCTWStatistics.java,Tan Ha,Minh Van Dang;core/parser/src/main/java/org/exoplatform/services/chars/CharsDecoder.java,Tan Ha,Minh Van Dang;core/parser/src/main/java/org/exoplatform/services/xml/serialize/XMLMapper.java,Tan Ha,Minh Van Dang;core/parser/src/main/java/org/exoplatform/services/chars/chardet/CP1252Verifier.java,Tan Ha,Minh Van Dang;core/parser/src/main/java/org/exoplatform/services/common/DataBuffer.java,Tan Ha,Minh Van Dang;testsuite/selenium/design/Test_SNF_ECMS_75_ManageNodeType,Nguyen Thi Dung,Linh Vu;delivery/dms-wcm/product/pom.xml,Benjamin  Paillereau,Philippe  Aristote;core/parser/src/main/java/org/exoplatform/services/common/util/Stack.java,Tan Ha,Minh Van Dang;core/parser/src/main/java/org/exoplatform/services/rss/parser/DefaultRSSChannel.java,Tan Ha,Minh Van Dang;core/parser/src/main/java/org/exoplatform/services/xml/serialize/BeanMapper.java,Tan Ha,Minh Van Dang;core/parser/src/main/java/org/exoplatform/services/text/unicode/IntStringHashtable.java,Tan Ha,Minh Van Dang;ext/authoring/pom.xml,Benjamin  Paillereau,Philippe  Aristote;testsuite/selenium/design/Test_SNF_ECMS_66_QuickFilterByItemsType,Nguyen Thi Dung,Linh Vu;testsuite/selenium/design/Test_SNF_ECMS_45_ManagePublicTag,Nguyen Thi Dung,Linh Vu;delivery/wcm/assembly/pom.xml,Minh Van Dang,Philippe  Aristote;ext/authoring/apps/src/main/webapp/WEB-INF/conf/authoring/explorer-views-configuration.xml,Nguyen Van Chien,Benjamin  Paillereau;ext/workflow/facade-bonita/pom.xml,Benjamin  Paillereau,Philippe  Aristote;packaging/wcm/webapp/src/main/webapp/WEB-INF/conf/wcm-artifacts/views/templates/ecm-explorer/ContentView.gtmpl,Nguyen Van Chien,Minh Van Dang;apps/portlet-presentation/src/main/java/org/exoplatform/wcm/webui/clv/UICLVPresentation.java,Vinh The Nguyen,Benjamin  Paillereau;testsuite/selenium/design/Test_SNF_ECMS_77_ManageScript,Nguyen Thi Dung,Linh Vu;testsuite/selenium/design/Test_SNF_ECMS_37_RenameNode,Nguyen Thi Dung,Linh Vu;core/parser/src/main/java/org/exoplatform/services/text/unicode/IntHashtable.java,Tan Ha,Minh Van Dang;testsuite/selenium/design/Test_SNF_ECMS_54_ViewReferences,Nguyen Thi Dung,Linh Vu;ext/workflow/bp-jbpm-payraise/pom.xml,Benjamin  Paillereau,Philippe  Aristote;core/parser/src/main/java/org/exoplatform/services/rss/parser/IRSSChannel.java,Tan Ha,Minh Van Dang;ext/workflow/bp-bonita-payraise/pom.xml,Benjamin  Paillereau,Philippe  Aristote;packaging/wcm/webapp/pom.xml,Benjamin  Paillereau,Philippe  Aristote;ext/workflow/bp-content-publication/pom.xml,Benjamin  Paillereau,Philippe  Aristote;core/parser/src/main/java/org/exoplatform/services/chars/chardet/HZVerifier.java,Tan Ha,Minh Van Dang;testsuite/selenium/design/Test_SNF_ECMS_52_ViewNodePropertise,Nguyen Thi Dung,Linh Vu;core/parser/src/main/java/org/exoplatform/services/html/parser/NodeCreator.java,Tan Ha,Minh Van Dang;ext/xcmis/sp/src/main/java/org/exoplatform/ecms/xcmis/sp/ResultImpl.java,Maxim Shaposhnik,Sergey  Kabashnyuk;core/parser/src/main/java/org/exoplatform/services/html/util/ContentBuilder.java,Tan Ha,Minh Van Dang;core/parser/src/main/java/org/exoplatform/services/html/refs/RefsEncoder.java,Tan Ha,Minh Van Dang;core/parser/src/main/java/org/exoplatform/services/common/HttpClientImpl.java,Tan Ha,Minh Van Dang;testsuite/selenium/design/Test_SNF_ECMS_73_ManageDriver,Nguyen Thi Dung,Linh Vu;ext/workflow/bp-bonita-content/pom.xml,Benjamin  Paillereau,Philippe  Aristote;core/parser/src/main/java/org/exoplatform/services/chars/CharsUtil.java,Tan Ha,Minh Van Dang;testsuite/selenium/design/Test_SNF_ECMS_69_ManageTaxonomy,Nguyen Thi Dung,Linh Vu;ext/workflow/pom.xml,Benjamin  Paillereau,Philippe  Aristote;core/parser/src/main/java/org/exoplatform/services/token/attribute/Attributes.java,Tan Ha,Minh Van Dang;apps/resources-wcm/src/main/webapp/skin/DefaultSkin/Stylesheet.css,Vu Anh Nguyen,Benjamin  Paillereau;core/parser/src/main/java/org/exoplatform/services/chars/SpecChar.java,Tan Ha,Minh Van Dang;core/parser/src/main/java/org/exoplatform/services/xml/serialize/XML2Bean.java,Tan Ha,Minh Van Dang;ext/newsletter/services/src/test/java/conf/wcm/test-configuration.xml,Vinh The Nguyen,Benjamin  Paillereau;core/parser/src/main/java/org/exoplatform/services/chars/TextVerifier.java,Tan Ha,Minh Van Dang;testsuite/selenium/design/Test_SNF_ECMS_31_CreateEditDeletePictureHeadLayoutWebcontent,Nguyen Thi Dung,Linh Vu;ext/workflow/bp-jbpm-holiday/pom.xml,Benjamin  Paillereau,Philippe  Aristote;ext/xcmis/sp/src/main/java/org/exoplatform/ecms/xcmis/sp/index/IndexListener.java,Alexey Zavizionov,Sergey  Kabashnyuk;core/parser/src/main/java/org/exoplatform/services/xml/serialize/Bean2XML.java,Tan Ha,Minh Van Dang;packaging/workflow/config/pom.xml,Benjamin  Paillereau,Philippe  Aristote;delivery/wcm/pom.xml,Arnaud  Héritier,Philippe  Aristote;core/parser/src/main/java/org/exoplatform/services/common/DataWriter.java,Tan Ha,Minh Van Dang;ext/xcmis/docs/admin/src/main/wikbook/en/en-US/book.wiki,Alexey Zavizionov,Peter Nedonosko;apps/portlet-presentation/src/main/java/org/exoplatform/wcm/webui/clv/UICLVPortlet.java,Vinh The Nguyen,Benjamin  Paillereau;ext/workflow/resources/pom.xml,Benjamin  Paillereau,Philippe  Aristote;ext/xcmis/docs/pom.xml,Alexey Zavizionov,Philippe  Aristote;core/parser/src/main/java/org/exoplatform/services/chars/ValueVerifier.java,Tan Ha,Minh Van Dang;core/parser/src/main/java/org/exoplatform/services/html/parser/NodeSetter.java,Tan Ha,Minh Van Dang;core/parser/src/main/java/org/exoplatform/services/common/InitParams.java,Tan Ha,Minh Van Dang;core/parser/src/main/java/org/exoplatform/services/text/unicode/UTF16.java,Tan Ha,Minh Van Dang;core/parser/src/main/java/org/exoplatform/services/xml/parser/Services.java,Tan Ha,Minh Van Dang;packaging/workflow/webapp/pom.xml,Benjamin  Paillereau,Philippe  Aristote;core/services/src/main/java/org/exoplatform/ecm/ProductVersions.java,Vinh The Nguyen,Vu Anh Nguyen;testsuite/selenium/design/Test_SNF_ECMS_71_ManageMetadata,Nguyen Thi Dung,Linh Vu;delivery/wkf-wcm/server-jboss-ear/pom.xml,Benjamin  Paillereau,Philippe  Aristote;delivery/wcm/module/pom.xml,Benjamin  Paillereau,Philippe  Aristote;testsuite/selenium/design/Test_SNF_ECMS_44_ManagePrivateTag,Nguyen Thi Dung,Linh Vu;core/parser/src/main/java/org/exoplatform/services/chars/chardet/ICharsetDetector.java,Tan Ha,Minh Van Dang;core/parser/src/main/java/org/exoplatform/services/common/util/Queue.java,Tan Ha,Minh Van Dang;ext/formgenerator/portlet/src/main/java/org/exoplatform/wcm/webui/formgenerator/UIFormGeneratorTabPane.java,Phan Le Thanh Chuong,Lam Tuan Nguyen;core/parser/src/main/java/org/exoplatform/services/html/util/URLCreator.java,Tan Ha,Minh Van Dang;core/parser/src/main/java/org/exoplatform/services/html/HTMLNode.java,Tan Ha,Minh Van Dang;core/parser/src/main/java/org/exoplatform/services/chars/chardet/ISO2022KRVerifier.java,Tan Ha,Minh Van Dang;apps/pom.xml,Benjamin  Paillereau,Philippe  Aristote;core/parser/src/main/java/org/exoplatform/services/common/ServicesContainer.java,Tan Ha,Minh Van Dang;ext/authoring/services/src/main/java/org/exoplatform/services/wcm/extensions/publication/lifecycle/authoring/AuthoringPublicationPlugin.java,Vu Anh Nguyen,Benjamin  Paillereau;core/parser/src/main/java/org/exoplatform/services/chars/chardet/GB2312Statistics.java,Tan Ha,Minh Van Dang;core/parser/src/main/java/org/exoplatform/services/text/TextConfig.java,Tan Ha,Minh Van Dang;ext/xcmis/sp/src/main/java/org/exoplatform/ecms/xcmis/sp/QueryResultIterator.java,Maxim Shaposhnik,Sergey  Kabashnyuk;core/parser/src/main/java/org/exoplatform/services/chars/chardet/ISO2022JPVerifier.java,Tan Ha,Minh Van Dang;testsuite/selenium/design/Test_SNF_ECMS_27_CreateEditDeleteFilePlan,Nguyen Thi Dung,Linh Vu;testsuite/selenium/design/Test_SNF_ECMS_57_ViewMetadata,Nguyen Thi Dung,Linh Vu;delivery/dms-wcm/module/pom.xml,Benjamin  Paillereau,Philippe  Aristote;core/parser/src/main/java/org/exoplatform/services/xml/parser/XMLParser.java,Tan Ha,Minh Van Dang;core/parser/src/main/java/org/exoplatform/services/chars/CharsetSD.java,Tan Ha,Minh Van Dang;ext/newsletter/pom.xml,Benjamin  Paillereau,Philippe  Aristote;core/parser/src/main/java/org/exoplatform/services/chars/chardet/GB2312Verifier.java,Tan Ha,Minh Van Dang;ext/xcmis/sp/src/main/java/org/exoplatform/ecms/xcmis/sp/JcrCmisRegistry.java,Maxim Shaposhnik,Andrey Parfonov;core/parser/src/main/java/org/exoplatform/services/text/unicode/NormalizerData.java,Tan Ha,Minh Van Dang;testsuite/pom.xml,Arthur Peltier,Philippe  Aristote;core/parser/src/main/java/org/exoplatform/services/html/refs/CharRef.java,Tan Ha,Minh Van Dang;packaging/wcm/webapp/src/main/webapp/WEB-INF/conf/dms-extension/jcr/repository-configuration.xml,Minh Van Dang,Ha Viet Dang;ext/authoring/apps/pom.xml,Benjamin  Paillereau,Philippe  Aristote;ext/formgenerator/pom.xml,Benjamin  Paillereau,Philippe  Aristote;ext/xcmis/docs/developer/src/main/wikbook/en/en-US/xCMIS/CMISfeatures.wiki,Alexey Zavizionov,Peter Nedonosko;testsuite/selenium/design/Test_SNF_ECMS_55_ViewNodeType,Nguyen Thi Dung,Linh Vu;core/parser/src/main/java/org/exoplatform/services/common/ServiceConfig.java,Tan Ha,Minh Van Dang;core/parser/src/main/java/org/exoplatform/services/common/util/Node.java,Tan Ha,Minh Van Dang;core/parser/src/main/java/org/exoplatform/services/html/parser/ParserService.java,Tan Ha,Minh Van Dang;examples/uiextension-framework/helloworld-optionblock/pom.xml,Minh Van Dang,Philippe  Aristote;apps/portlet-presentation/pom.xml,Benjamin  Paillereau,Philippe  Aristote;delivery/wcm/server-jboss/pom.xml,Benjamin  Paillereau,Philippe  Aristote;apps/portlet-explorer/src/main/webapp/groovy/webui/component/explorer/sidebar/UITreeExplorer.gtmpl,Nguyen Van Chien,Benjamin  Paillereau;core/parser/src/main/java/org/exoplatform/services/html/parser/HTMLParser.java,Tan Ha,Minh Van Dang;core/parser/src/main/java/org/exoplatform/services/html/refs/DecodeService.java,Tan Ha,Minh Van Dang;delivery/wcm/server-tomcat/src/main/tomcat/conf/Catalina/localhost/authoring-apps.xml,Minh Van Dang,Philippe  Aristote;ext/xcmis/docs/developer/pom.xml,Alexey Zavizionov,Philippe  Aristote;apps/portlet-explorer/src/main/webapp/groovy/webui/component/explorer/upload/UIUploadContent.gtmpl,Minh Van Dang,Nguyen Van Chien;ext/xcmis/docs/admin/src/main/wikbook/en/en-US/xCMIS/xCMISfiles.wiki,Alexey Zavizionov,Peter Nedonosko;ext/deprecated/portlet-browsecontent/pom.xml,Benjamin  Paillereau,Philippe  Aristote;packaging/ecmdemo/config/pom.xml,Phan Trong Lam,Philippe  Aristote;delivery/wkf-wcm/module/pom.xml,Benjamin  Paillereau,Philippe  Aristote;packaging/wcm/ear/pom.xml,Tan Ha,Philippe  Aristote;core/parser/src/main/java/org/exoplatform/services/common/FileFilterByExt.java,Tan Ha,Minh Van Dang;core/parser/src/main/java/org/exoplatform/services/common/ServiceFactory.java,Tan Ha,Minh Van Dang;core/parser/src/main/java/org/exoplatform/services/common/Init.java,Tan Ha,Minh Van Dang;packaging/ecmdemo/webapp/pom.xml,Benjamin  Paillereau,Philippe  Aristote;core/parser/src/main/java/org/exoplatform/services/chars/chardet/UCS2BEVerifier.java,Tan Ha,Minh Van Dang;apps/portlet-presentation/src/main/webapp/WEB-INF/portlet.xml,Vinh The Nguyen,Vu Anh Nguyen;packaging/ecmdemo/webapp/src/main/webapp/WEB-INF/web.xml,Tan Ha,Minh Van Dang;testsuite/selenium/design/Test_SNF_ECMS_48_ManageComment,Nguyen Thi Dung,Linh Vu;core/parser/src/main/java/org/exoplatform/services/html/refs/Comparator.java,Tan Ha,Minh Van Dang;core/webui/src/main/java/org/exoplatform/wcm/webui/selector/content/multi/UIContentBrowsePanelMulti.java,Vinh The Nguyen,Tan Ha;packaging/wcm/webapp/src/main/webapp/WEB-INF/conf/dms-extension/dms/artifacts/views/templates/ecm-explorer/IconView.gtmpl,Nguyen Van Chien,Minh Van Dang;core/parser/src/main/java/org/exoplatform/services/xml/parser/XMLToken.java,Tan Ha,Minh Van Dang;delivery/pom.xml,Benjamin  Paillereau,Philippe  Aristote;delivery/wcm/jboss-package/src/main/assembly/jboss-zip.xml,Arnaud  Héritier,Benjamin  Paillereau;packaging/workflow/ear/pom.xml,Benjamin  Paillereau,Philippe  Aristote;apps/portlet-search/pom.xml,Benjamin  Paillereau,Philippe  Aristote;core/webui-explorer/src/main/java/org/exoplatform/ecm/webui/component/explorer/UIDrivesArea.java,Ha Viet Dang,Minh Van Dang;ext/deprecated/portlet-jcrconsole/pom.xml,Benjamin  Paillereau,Philippe  Aristote;apps/portlet-presentation/src/main/java/org/exoplatform/wcm/webui/clv/UICLVConfig.java,Vinh The Nguyen,Benjamin  Paillereau;ext/workflow/bp-content-webui/pom.xml,Benjamin  Paillereau,Philippe  Aristote;core/parser/pom.xml,Tan Ha,Philippe  Aristote;core/parser/src/main/java/org/exoplatform/services/text/unicode/NormalizerBuilder.java,Tan Ha,Minh Van Dang;delivery/wcm/product/pom.xml,Benjamin  Paillereau,Philippe  Aristote;ext/xcmis/docs/developer/src/main/wikbook/en/en-US/bookinfo.ext,Alexey Zavizionov,Philippe  Aristote;docs/pom.xml,Benjamin  Paillereau,Philippe  Aristote;testsuite/selenium/design/Test_SNF_ECMS_50_ManageCategory,Nguyen Thi Dung,Linh Vu;core/parser/src/main/java/org/exoplatform/services/chars/ConverterSD.java,Tan Ha,Minh Van Dang;core/viewer/pom.xml,Phan Trong Lam,Philippe  Aristote;core/parser/src/main/java/org/exoplatform/services/rss/parser/IRSSItem.java,Tan Ha,Minh Van Dang;examples/uiextension-framework/manage-wcm-cache/pom.xml,Tan Ha,Philippe  Aristote;apps/portlet-presentation/src/main/java/org/exoplatform/wcm/webui/clv/UICLVManualMode.java,Vinh The Nguyen,Benjamin  Paillereau;core/publication-plugins/pom.xml,Phan Trong Lam,Philippe  Aristote;core/parser/src/main/java/org/exoplatform/services/html/parser/DOMParser.java,Tan Ha,Minh Van Dang;apps/resources-wcm/src/main/webapp/WEB-INF/gatein-resources.xml,Hai Thanh Le,Minh Van Dang;core/parser/src/main/java/org/exoplatform/services/token/attribute/Attribute.java,Tan Ha,Minh Van Dang;core/parser/src/main/java/org/exoplatform/services/chars/Decoder.java,Tan Ha,Minh Van Dang;packaging/wcm/webapp/src/main/webapp/WEB-INF/conf/content-extended/friendly/configuration.xml,Nguyen Van Chien,Benjamin  Paillereau;examples/uiextension-framework/pom.xml,Ha Viet Dang,Philippe  Aristote;core/services/src/main/java/org/exoplatform/services/cms/impl/CmsServiceImpl.java,Minh Van Dang,Benjamin  Paillereau;core/parser/src/main/java/org/exoplatform/services/html/Tag.java,Tan Ha,Minh Van Dang;ext/formgenerator/portlet/pom.xml,Benjamin  Paillereau,Philippe  Aristote;core/parser/src/main/java/org/exoplatform/services/text/NamingConverter.java,Tan Ha,Minh Van Dang;core/parser/src/main/java/org/exoplatform/services/html/MoveType.java,Tan Ha,Minh Van Dang;packaging/ecmdemo/pom.xml,Benjamin  Paillereau,Philippe  Aristote;core/parser/src/main/java/org/exoplatform/services/chars/chardet/EUCJPVerifier.java,Tan Ha,Minh Van Dang;core/parser/src/main/java/org/exoplatform/services/chars/chardet/Verifier.java,Tan Ha,Minh Van Dang;delivery/wcm/server-tomcat/pom.xml,Minh Van Dang,Philippe  Aristote;core/parser/src/main/java/org/exoplatform/services/html/tidy/HTMLTidy.java,Tan Ha,Minh Van Dang;core/parser/src/main/java/org/exoplatform/services/xml/util/XMLProperties.java,Tan Ha,Minh Van Dang;delivery/wcm/server-jboss-ear/pom.xml,Benjamin  Paillereau,Philippe  Aristote;apps/portlet-presentation/src/main/java/org/exoplatform/wcm/webui/scv/UIPresentationContainer.java,Nguyen Van Chien,Benjamin  Paillereau;core/services/src/main/java/org/exoplatform/services/migration/SCVPortletPreferenceMigrationService.java,Vinh The Nguyen,Vu Anh Nguyen;packaging/ecmdemo/webapp/src/main/webapp/WEB-INF/conf/sample-portal/wcm/artifacts/site-resources/classic/Stylesheet.xml,Vu Anh Nguyen,Benjamin  Paillereau;testsuite/selenium/design/Test_SNF_ECMS_39_AddRemoveFavorite,Nguyen Thi Dung,Linh Vu;ext/xcmis/docs/admin/pom.xml,Alexey Zavizionov,Philippe  Aristote;core/parser/src/main/java/org/exoplatform/services/xml/serialize/ReflectUtil.java,Tan Ha,Minh Van Dang;packaging/wcm/webapp/src/main/webapp/fckeditor/exo/content/js/PluginUtils.js,Nguyen Van Chien,Minh Van Dang;core/parser/src/main/java/org/exoplatform/services/html/parser/NodeCloser.java,Tan Ha,Minh Van Dang;core/parser/src/main/java/org/exoplatform/services/html/refs/CharsSequence.java,Tan Ha,Minh Van Dang;core/parser/src/main/java/org/exoplatform/services/xml/parser/DOMParser.java,Tan Ha,Minh Van Dang;delivery/wcm/server-jonas/pom.xml,Benjamin  Paillereau,Philippe  Aristote;core/parser/src/main/java/org/exoplatform/services/common/Holder.java,Tan Ha,Minh Van Dang;core/search/pom.xml,Phan Trong Lam,Philippe  Aristote;apps/resources-dms/pom.xml,Benjamin  Paillereau,Philippe  Aristote;apps/portlet-presentation/src/main/webapp/WEB-INF/classes/locale/portlet/SingleContentViewer/SingleContentViewer_ar.xml,Vinh The Nguyen,Vu Anh Nguyen;delivery/wkf-wcm/server-jboss/pom.xml,Benjamin  Paillereau,Philippe  Aristote;core/parser/src/main/java/org/exoplatform/services/html/tidy/TidyToken.java,Tan Ha,Minh Van Dang;core/parser/src/main/java/org/exoplatform/services/chars/StringDecoder.java,Tan Ha,Minh Van Dang;core/services/src/main/java/org/exoplatform/services/cms/folksonomy/impl/NewFolksonomyServiceImpl.java,Nguyen Van Chien,Benjamin  Paillereau;core/parser/src/main/java/org/exoplatform/services/chars/chardet/EUCStatistics.java,Tan Ha,Minh Van Dang;ext/xcmis/docs/admin/src/main/wikbook/en/en-US/xCMIS/Configure.wiki,Alexey Zavizionov,Peter Nedonosko;testsuite/selenium/design/Test_SNF_ECMS_28_CreateEditDeleteSampleNode,Nguyen Thi Dung,Linh Vu;ext/xcmis/docs/admin/src/main/wikbook/en/en-US/xCMIS/Introduction.wiki,Alexey Zavizionov,Peter Nedonosko;core/parser/src/main/java/org/exoplatform/services/html/parser/HTML.java,Tan Ha,Minh Van Dang;core/parser/src/main/java/org/exoplatform/services/chars/chardet/EUCSampler.java,Tan Ha,Minh Van Dang;delivery/wkf-wcm/assembly/pom.xml,Minh Van Dang,Philippe  Aristote;core/parser/src/main/java/org/exoplatform/services/chars/chardet/UCS2LEVerifier.java,Tan Ha,Minh Van Dang;core/parser/src/main/java/org/exoplatform/services/chars/chardet/GB18030Verifier.java,Tan Ha,Minh Van Dang;ext/xcmis/docs/developer/src/main/wikbook/en/en-US/xCMIS/CMISspecification.wiki,Alexey Zavizionov,Peter Nedonosko;testsuite/selenium/design/Test_SNF_ECMS_64_SetBrowsingPreferences,Nguyen Thi Dung,Linh Vu;core/services/src/main/java/org/exoplatform/services/migration/TemplateMigrationService.java,Vinh The Nguyen,Benjamin  Paillereau;core/services/src/main/java/org/exoplatform/services/wcm/symlink/CreateLinkAction.java,Vu Anh Nguyen,Benjamin  Paillereau;ext/xcmis/sp/src/main/java/org/exoplatform/ecms/xcmis/sp/StorageImpl.java,Sergey  Kabashnyuk,Andrey Parfonov;packaging/ecmdemo/rest-webapp/pom.xml,Benjamin  Paillereau,Philippe  Aristote;testsuite/selenium/design/Test_SNF_ECMS_34_CopyPasteNode,Nguyen Thi Dung,Linh Vu;core/parser/src/main/java/org/exoplatform/services/common/util/Arrays.java,Tan Ha,Minh Van Dang;apps/portlet-presentation/src/main/webapp/WEB-INF/classes/locale/portlet/SingleContentViewer/SingleContentViewer_vi.xml,Vinh The Nguyen,Vu Anh Nguyen;core/parser/src/main/java/org/exoplatform/services/html/parser/CharsToken.java,Tan Ha,Minh Van Dang;core/parser/src/main/java/org/exoplatform/services/html/path/NodePathUtil.java,Tan Ha,Minh Van Dang;core/parser/src/main/java/org/exoplatform/services/html/NodeConfigs.java,Tan Ha,Minh Van Dang;core/ext/pom.xml,Phan Trong Lam,Arnaud  Héritier;apps/portlet-presentation/src/main/webapp/skin/ContentListViewer/DefaultStylesheet.css,Vinh The Nguyen,Tan Ha;core/parser/src/main/java/org/exoplatform/services/chars/chardet/EUCKRVerifier.java,Tan Ha,Minh Van Dang;core/parser/src/main/java/org/exoplatform/services/html/parser/NodeImpl.java,Tan Ha,Minh Van Dang;ext/authoring/services/pom.xml,Phan Trong Lam,Philippe  Aristote;core/parser/src/main/java/org/exoplatform/services/common/util/Iterator.java,Tan Ha,Minh Van Dang;ext/workflow/webui/pom.xml,Benjamin  Paillereau,Philippe  Aristote;apps/portlet-explorer/pom.xml,Benjamin  Paillereau,Philippe  Aristote;packaging/wcm/webapp/src/main/webapp/WEB-INF/conf/dms-extension/dms/artifacts/views/templates/ecm-explorer/ListView.gtmpl,Nguyen Van Chien,Minh Van Dang;core/parser/src/main/java/org/exoplatform/services/token/TokenParser.java,Tan Ha,Minh Van Dang;core/parser/src/main/java/org/exoplatform/services/chars/chardet/EUCJPStatistics.java,Tan Ha,Minh Van Dang;core/webui/pom.xml,Minh Van Dang,Philippe  Aristote;apps/portlet-presentation/src/main/java/org/exoplatform/wcm/webui/clv/UICLVFolderMode.java,Vinh The Nguyen,Tu Ngoc Nguyen;ext/newsletter/services/pom.xml,Tan Ha,Philippe  Aristote;delivery/wcm/server-tomcat/src/main/tomcat/gatein/conf/configuration.xml,Tan Ha,Minh Van Dang;ext/xcmis/pom.xml,Arnaud  Héritier,Philippe  Aristote;testsuite/selenium/design/Test_SNF_ECMS_38_AddSymlink,Nguyen Thi Dung,Linh Vu;delivery/wkf-wcm/server-tomcat/pom.xml,Benjamin  Paillereau,Philippe  Aristote;testsuite/selenium/design/Test_SNF_ECMS_63_SelectViewMode,Nguyen Thi Dung,Linh Vu;
