Hash,Devs intersection,Conflicted files,Conflicted files caused by same dev,Null files,Conflicted files caused by same dev / Conflicted files
b3f091a5139835f7183862951cf6b3f23b9f7901,1,1,0,0,0.0,src/main/java/org/jasig/portlet/emailpreview/dao/demo/DemoAccountService.java,James Wennmacher,Shawn Connolly;
17312c180f538d96b2e1c759fc21d83819dfdf79,0,1,0,0,0.0,
030958b95acb354a9b1926059f90db8f0918a23e,1,2,0,0,0.0,src/main/java/org/jasig/portlet/emailpreview/controller/EditPreferencesController.java,Drew Wills,Misagh Moayyed;src/main/webapp/WEB-INF/jsp/editPreferences.jsp,Drew Wills,Misagh Moayyed;
81199b57a7dcae5e8ca6e41b6ec49ec6d3b368fa,1,1,0,0,0.0,src/main/java/org/jasig/portlet/emailpreview/security/JasyptPBEStringEncryptionServiceImpl.java,Drew Wills,Misagh Moayyed;
90a6073382dafdfefb46a1261d640e48c04963e0,2,1,1,0,1.0,
