Hash,Devs intersection,Conflicted files,Conflicted files caused by same dev,Null files,Conflicted files caused by same dev / Conflicted files
5a9f91061907c4bf3614b295071ed814b9f8e9b7,0,1,0,0,0.0,
a1c34c30dd73da89d7ef859cf4fb11f3b120ae01,0,1,0,0,0.0,
4e6bfe633b70927f11eef9fbf43b02571aa9f659,0,3,0,0,0.0,
5b4c748444b38b90c9cc75cbde4618c03e9ca7ed,0,1,0,0,0.0,
1366d69a4f307088a4d20647a5e7f50ff8303721,0,1,0,0,0.0,
17930c9694750d7d1374910a29190805ea90ec2f,1,1,0,0,0.0,web/src/main/java/org/eurekastreams/web/client/ui/pages/activity/ActivityContent.java,kmmeureka,billwolckenlmco;
9158195433a9d24b14ca66ca66edc4deaeefdb69,0,2,0,0,0.0,
d1c2e3033746d0f84ca519a00ba51d6ec96035dc,0,1,0,0,0.0,
56849897597fac44674cd392a4cc1adbcc89bd50,0,2,0,0,0.0,
241b1260cbea1bb49ad1b5fe7e040786988673d2,0,2,0,0,0.0,
8a5eb5a3cc3589caba460d7e185ad955f34eba7b,0,1,0,0,0.0,
ee1c6b45b65e0a799fb8528c5d01655e4262374b,0,1,0,0,0.0,
a1a7818cd84225055879ec63f9ff16ee425240c3,0,2,0,0,0.0,
7e00c9b072999d79a9410cd836131ff5d7b80f97,0,3,0,0,0.0,
c087374b4405c00fd8a9eb0c1be7f0ecfcfc36ea,0,1,0,0,0.0,
424520eae0eae2ccb7619cd814dc0b865db87c58,0,1,0,0,0.0,
23fb9c80b0f5320d77abbe3aae65cd4b1219d05f,0,4,0,0,0.0,
f560beb92c088c1e08bf681458c8bb17c597e232,0,2,0,0,0.0,
fe06a6fa9d037f79f1be2b2c2dc5e928b42dcdc1,0,1,0,0,0.0,
a47701fee4f9d0391a6c724c93d4c4b644e2f1e7,0,1,0,0,0.0,
e941c818edaac407bbba6c8da076117a338afe4e,0,1,0,0,0.0,
c426c3b38d76f7bb0f034323470795723844c7c2,0,1,0,0,0.0,
fb796df11fc47406879dddbf9651130b35ca7c12,0,1,0,0,0.0,
c0d774f9f78f6d4311bb11b13067d693647e0bc5,0,3,0,0,0.0,
b56a829036527e22d89364c8f83fcf56341ebb16,0,1,0,0,0.0,
040a384b34531114cf771c1470f848a1775d2ce7,0,1,0,0,0.0,
a0418ce2a14635ca5d0b160100e91b1b4afd883f,0,2,0,0,0.0,
0e2c5b371d8285011033cecfc6d02ad12056d78e,0,2,0,0,0.0,
b741c654af0d91c1e39c2c1c2e34265fed8b4110,0,1,0,0,0.0,
cdab9dac8bb25ae6ad7fd6b938563894eaa008b4,0,1,0,0,0.0,
7f5b7bd0e7b7fd58fd77e8b29150712448409143,2,1,1,0,1.0,
