Hash,Merge timestamp,Branching time,Merge isolation time,Devs 1,Devs 2,Different devs,Same devs,Devs intersection,Commits 1,Commits 2,Changed files 1,Changed files 2,Changed files intersection,Has conflict?,Conflicted Files,Chunks
7386a81d6d4ea25485bb65c93ba59ed8291cee7d,2019-07-25 20:23:13 -0700,44.2612616,214.9292245,1,1,2,0,0,1,1,1,1,0,NO,0,0
5dc54378365a8a1660dd9ca561e9321a9f74af7a,2016-03-11 09:55:57 -0800,0.5331713,7.0123611,1,1,2,1,2,1,1,1,3,0,NO,0,0
cc567798819adcc01be4c3f76d74d5e6bfb164b4,2015-08-12 15:07:48 -0700,0.9584722,41.2669792,1,1,2,0,0,2,6,2,5,0,NO,0,0
d2e8c5d8da653e3f0f18c76164a50a0b44b8aeab,2014-12-08 15:25:08 -0800,0.0006597,0.0011227,1,1,2,1,2,1,1,1,28,0,NO,0,0
828463fab9059cbf925b246f384aee3e9d370c38,2010-10-26 20:00:28 -0700,1.3806713,2.2437847,1,1,2,1,2,2,1,6,2,1,YES,1,1
