Hash,Devs intersection,Conflicted files,Conflicted files caused by same dev,Null files,Conflicted files caused by same dev / Conflicted files
28c23d607aa5d4eee2982cf5c0ccbbce491db8db,1,1,1,0,1.0,
12b0fccda03139a635db99bf56c05ae7ef6898c9,1,2,2,0,1.0,
992a2279d583bbe8df23849912bbe20e7b9d8556,1,1,1,0,1.0,
685aa4f914a16db26cefa1e8e0f0a63a2e676298,1,3,3,0,1.0,
2b263a4a60529201b953a8400f073364156a90a1,1,1,1,0,1.0,
42a1c7e36bfb73f060784d0537ee04728e853c56,1,4,4,0,1.0,
da03b0d3b25b450bb3b3a992c94f3ba6b547a28f,1,3,3,0,1.0,
3927811efad0c635f978290d1ecdaec1a1a47728,1,1,1,0,1.0,
9d7d17a9692c78503d958cb4ec37ef9a9f274503,1,1,1,0,1.0,
1b85bbdda7d94b5e29a69b60068b0b79a0ab251f,1,1,1,0,1.0,
706c90bb28674af772bd2543633f9d793638f649,1,1,1,0,1.0,
6d5412e973f40ce9c27ae04a831857279d51b6ab,1,1,1,0,1.0,
1d6b9bf533f8489c5875d51ef11597b7e59f3e70,1,2,2,0,1.0,
3c1e9c05ef0c165c832b9ae8d4731175e6b32bef,1,3,3,0,1.0,
c9af1884c9949430ff5b1dfe1510450989d6ecfb,1,1,1,0,1.0,
26ee6c460eeb1b1fbb3c2a3f88f5b73786ca6965,1,1,1,0,1.0,
e771d321a0ad941504f7e7d24fc5ec7d7b8327ff,1,2,2,0,1.0,
bd5c35a6a18687a18d95a9b1a2d97686dff1e1af,1,4,4,0,1.0,
0c9c6a90d20b639ff526dc024b0f6f000c420d73,1,1,1,0,1.0,
272ad62b79726d38425178ce0e83b3d04d495832,1,1,1,0,1.0,
9033d36b8fbb075b970f1df42c77bdc6d292da62,1,1,1,0,1.0,
07b1509f0a0bd8c700adbb3d1e064a076b249bb8,1,1,1,0,1.0,
72fcde302fc8bc785534c323a983a31a75cf8d8f,1,1,1,0,1.0,
bd7ca7dd26072267f96bded2837cc2085a1db34a,1,1,1,0,1.0,
c997cd4c20a2d44e8b4937c1a5ff2ae8ab0e7ef2,1,1,1,0,1.0,
9cb389e546fc60acffc76ac1fb278cfc3c5f5f76,0,1,0,0,0.0,
7d5b88a772229ff084ba7d50a49ade19a104280f,1,1,1,0,1.0,
0bf4d1b0d5441eb5ccfa98aba07db9f7190a1a60,1,3,3,0,1.0,
039da679e4fc0fbb3742486a0c7aaccd79b4b65d,1,2,2,0,1.0,
c724787b17e167e0f8073e975f9408509c43a957,1,1,1,0,1.0,
83c070ce13ff01bfada3e2b94e6574acef5d06a7,1,10,10,0,1.0,
957620f88d9aabe5883a389b97de52dd1501666d,1,1,1,0,1.0,
daac7e67a567dcdd2a249e6d291d462e5b2c8113,1,1,1,0,1.0,
6931a61f1e00e1ee22a1d20741643c3c5a3f9d62,1,2,2,0,1.0,
25a6f06811f68d86924ecd21f2ef31a6b9ca7211,1,1,1,0,1.0,
6b471fe3059f55f3a46052dbb789bbeb40f336a8,1,1,1,0,1.0,
d09ce4713f1ead38d254822e981607eaf93b50d8,1,2,2,0,1.0,
d92fed539297e1ac08f2757a43762832a477fe89,1,1,1,0,1.0,
3bcefd794a1acf514407068a41f3854faa7479dd,1,1,1,0,1.0,
df6da3926d33d01b3283bb8e2feb66afc3b1fc71,1,2,2,0,1.0,
ba179de8d8863fa9859709a01bcab15611ed4bd4,1,1,1,0,1.0,
f77972194627ab0e659cb5d9e3f7e705b71ff2f2,1,1,1,0,1.0,
dfd96878303b58937aa3fdfd8b2075e34783a9a4,1,1,1,0,1.0,
67c878cbbb64aeca85ed9d0d3045d6b72337d737,1,1,1,0,1.0,
549b68b49b66ecd0fe238507f41d1477f1b88a87,1,2,2,0,1.0,
e2d0efba2eaa3dd7503024857d2a742f48644f11,1,4,4,0,1.0,
29bef0d1fd80ce5f533848e93c822677aa9e3f9c,1,1,1,0,1.0,
5c25614dc650fcd5761f6552a67512b0215f5989,1,2,2,0,1.0,
9c35fd83e241aa6b7c1ced5497704ce807507a9e,1,4,4,0,1.0,
e809510aee1ef369bc9194db957cdfbef9b2eec4,1,2,2,0,1.0,
4649e2ccf2836d66d93bf27ef3d558e6752eb8bb,1,1,1,0,1.0,
dbdbddc216624d7f07919c8d619b3a0cfba057f4,1,1,1,0,1.0,
3cf992a27011fe57b0e009231f0ce3c837ec867c,1,2,1,1,0.5,
c3cb76ddcf2e9064fc9e7bcc636b016cf961b09c,1,2,2,0,1.0,
b579a3f00c94510193f1328ca283fb40cc3f0e77,1,1,1,0,1.0,
7ad65dfcf5a64fb5525bd8198e77ac6bc100b910,1,1,1,0,1.0,
b6d009a9039304acc6ff9334f3c5bcfd3150502c,1,2,2,0,1.0,
da26bfb31bb671145600e34fdf704464901855e8,1,4,4,0,1.0,
1f2095e5bbca08baeec4df602c27a4937938142c,1,1,0,1,0.0,
7a024e048883d1d87922061d43e373a39019b653,1,1,1,0,1.0,
d58fb047ab5a91c583ff5fa1c4f6d776e16c0736,1,2,2,0,1.0,
b09311e5b2edcffcdeefa8fb2e44c47ee9fd960c,1,4,4,0,1.0,
cc824ee40fb741dfee732ead92ea93aad228c047,1,1,1,0,1.0,
cb1659e50d31da5eeba90a7d4c0806089a2d4619,1,2,0,0,0.0,src/main/java/com/mebigfatguy/fbcontrib/utils/SignatureUtils.java,Dave Brosius,antuarc;src/main/java/com/mebigfatguy/fbcontrib/utils/Values.java,Dave Brosius,antuarc;
5daab918a32590466fb056694585991c38286c83,1,1,1,0,1.0,
478dcf83afb9e22994307969854655b4af800e80,1,2,2,0,1.0,
2111df9dc174f6532e06e7aa94c7849b7ef88fb7,1,1,1,0,1.0,
079333063c40a14c0dcde7f2ac7993010d0d3281,1,1,1,0,1.0,
478ec12215ed841d4d66e72337e878858fe53ff9,1,1,1,0,1.0,
9825722547037495dfe277b9cab353633cbd2c09,1,1,1,0,1.0,
c22d1ecaf1705d803afadd727eb5e4f7cd0bc152,1,1,1,0,1.0,
f61f7f292d652e50bc2617c45d272b0f8a6cd8b8,1,2,2,0,1.0,
d3f8a09bb55236a3482f7bbf728ba71c6e90b65c,1,1,1,0,1.0,
7a201b423a20f1796e714de1e34058fea5629f1d,1,1,1,0,1.0,
8d9fb850a9f1874f39d419f576bbda29fe5525d6,1,1,1,0,1.0,
f6faab6165587b5f2ea10fc866103a1f6f700024,1,2,2,0,1.0,
b86f103d91d209e4cd3f017e85faa166015cc5a3,1,1,1,0,1.0,
082145d6536b7584000ddf0a4cd502efb8055dad,1,2,2,0,1.0,
e2957dc4ba8e953c79553642748b4ca04fb7052a,1,1,1,0,1.0,
7c1c91c413d3489dd159982198952c8597e032e9,1,1,1,0,1.0,
a62a492c6f59e0cae6e7863f7db8aaea8c9bf7a5,1,4,4,0,1.0,
3706c51a77a740de56e27e822f64df7e0ecf89f2,1,1,1,0,1.0,
5e2b9eadfa48da27ff5b9f77134e944b15610c7a,1,1,1,0,1.0,
57d66dbd6bc821f95219eac1a812011047b477f1,1,1,1,0,1.0,
df127333f02f69e7edc6396ca73ba40ad7dcc9e1,1,1,1,0,1.0,
a5a3853b626a50b16c336e232a1467e161d1dbd0,1,1,1,0,1.0,
d3e90116c387d90c793c67f0c18d62a264dad110,1,3,3,0,1.0,
c221b81fa38431a74fc5fc43911b77c7ddc6b1dc,1,3,3,0,1.0,
6499bb3b90303a499ae00231f4241e9fcab786cb,1,4,4,0,1.0,
b7be75bfd8ac1890c1b0912b96f6d32136369e78,1,6,6,0,1.0,
a4d450a883bb8eb7b2295182a27f860d6d549fd0,1,1,1,0,1.0,
facff4dcd1a48e80df705eb7d3f8df1bc449e5f9,1,21,21,0,1.0,
83bc7701d39e156c5efd93c0abcf788b07d5c489,1,2,2,0,1.0,
ac49523f0bb4358804ff6e65db819e69f88756b7,1,4,4,0,1.0,
4a6930c77749c11be3227074da6464bfa95a85a1,1,1,1,0,1.0,
16dfdca4fb0e10ff7a8e09e81d28184526f6d9e5,1,2,2,0,1.0,
f1bd3cc1ce76460c1412b228f0c78fe40beae815,1,2,1,1,0.5,
72c6098fe4de67b733e23b8e45a46aef6bf245d0,1,1,1,0,1.0,
eba185fecf31c6bd3f7e4c8845f8962702f3d9b6,1,1,1,0,1.0,
f37bd9676e0bf1eb1525192201afae6de87d3862,1,1,0,1,0.0,
9f6919072ee32ab43df62a42329a93ca576790f2,1,1,1,0,1.0,
2e793df58323ef651fdd7cacc6c719aa1da4b3ea,1,1,1,0,1.0,
a95f191551427b7ecfa6d8f891c9c076def2470a,1,1,1,0,1.0,
4a668f55d3edc03261575e5eb14a5dc901fe6569,1,1,1,0,1.0,
dc80266c3d79177daafcc9df79a56e21b1967d4c,1,1,1,0,1.0,
9f6d336e579ffc6355028ef035e5b1fa930f81d5,1,2,1,1,0.5,
290cb21d99644557eba83b397dbbb5918db183bb,1,1,1,0,1.0,
674295bd4f6e6903b0ef5d8d71ee25c733e5afbd,1,5,5,0,1.0,
f5de1cd4ccf4372e2b6a519b207c1d2c12e12599,1,3,3,0,1.0,
73505c3f573b55af970090bc450e3afbf4e6acca,1,1,1,0,1.0,
5712656343d69f85bf1cfc45cb1be5e34f0c2e82,1,1,1,0,1.0,
d58166a1241591b5128a6f2fd89add4e81198f95,1,2,2,0,1.0,
a806028f760607a6ab6c42a9d40b7a843c82e609,1,3,3,0,1.0,
503d1d9f5202f4ab79604ccefb0a65754980a87e,1,2,2,0,1.0,
11eac7f7533e1ed997f3dffb6d39621c29a765f1,1,1,1,0,1.0,
56a58934a58bf6f9884e139d7175440b57b03700,1,1,1,0,1.0,
24dc3f0091b4ea6899756bea01fef308d7496b72,1,3,3,0,1.0,
0830c9ef39eb7c03174dc8d20934c18c81b66673,2,2,0,0,0.0,src/main/java/com/mebigfatguy/fbcontrib/utils/SignatureUtils.java,Dave Brosius,thrawnca;src/main/java/com/mebigfatguy/fbcontrib/detect/InefficientStringBuffering.java,Dave Brosius,thrawnca;
7553ca8ac568c8c86616f2f014b6f4096ef71a5c,0,2,0,0,0.0,
4be575b9a31fc21bdf8edc6dfef27d3edd003ee6,2,2,2,0,1.0,
b7dee9440061b77d5e9dafae647a075ca2968626,0,1,0,0,0.0,
ca9c78a8e1250a4ba65a385e4cc8c8b3f0495904,0,1,0,0,0.0,
fe3de21eeb720117f69faca86f44c69918cb52fd,1,1,0,0,0.0,src/com/mebigfatguy/fbcontrib/detect/UseCharacterParameterizedMethod.java,Dave Brosius,Kevin Lubick;
2303be84df654e838c4aefd8628b01578aafdd98,0,2,0,0,0.0,
d8d21b82e87ee7a2e621b617a8f8916848ea5893,0,1,0,0,0.0,
f51c97d9f72917d844b9871694ddbd9a57262a0c,0,2,0,0,0.0,
3efe32fd1769a1ad1b17831c4e5495e78272ee1b,0,2,0,0,0.0,
fb649572e5617565b1c76d3b4f88d7f65482ddb8,0,1,0,0,0.0,
77bca7f48a70349a51f96d67e3a670b9bb0c4e2e,0,3,0,0,0.0,
330a5c0b459a3b19833eebeb998eb164a0cbf477,0,3,0,0,0.0,
5ce58d0daf6aa2e6802e9c4b4957adea7967b6a2,2,5,5,0,1.0,
