Hash,Merge timestamp,Branching time,Merge isolation time,Devs 1,Devs 2,Different devs,Same devs,Devs intersection,Commits 1,Commits 2,Changed files 1,Changed files 2,Changed files intersection,Has conflict?,Conflicted Files,Chunks
3a020463e3de4280fe1e35e658be123e63d1815c,2012-06-26 20:04:08 +0200,10.8450810,10.8686690,1,1,2,0,0,19,7,26,18,1,YES,11,24
993cf351e3c7cdaf9161575132e84dcfbb8c866a,2012-06-14 23:21:26 -0700,0.8041667,1.2518634,1,1,2,0,0,2,3,1,4,1,YES,1,2
2804af46e034d1e86ff447fdc28f0393a0932689,2012-07-16 21:56:14 +0200,20.0658565,20.0765278,1,1,2,0,0,2,42,3,29,1,YES,3,14
dd7038ee0c1d80d51511bfc316ab3329899b2a65,2012-06-14 22:15:58 +0200,0.7305787,1.9176389,1,1,2,0,0,1,1,3,2,1,YES,1,1
