Hash,Merge timestamp,Branching time,Merge isolation time,Devs 1,Devs 2,Different devs,Same devs,Devs intersection,Commits 1,Commits 2,Changed files 1,Changed files 2,Changed files intersection,Has conflict?,Conflicted Files,Chunks
ea31714834cb4014128e07fd1d4d8451552394da,2012-02-22 10:59:27 -0500,7.5150463,7.8147801,1,3,4,1,1,1,48,16,215,1,YES,1,1
1b86d936d920cc6cee9614395013b8eebcd08412,2011-08-29 23:49:45 -0400,0.1477431,0.5500926,1,1,2,1,2,1,2,6,89,1,YES,1,1
373a99131ed17bc6984dfbaaa28c6027b546a4ce,2012-03-07 21:10:00 -0800,85.7739005,86.6675694,5,9,14,1,1,64,341,151,936,1,YES,126,166
29962ecd374df1f13ef294baae29d85828357694,2012-05-24 01:23:51 +0200,7.3660301,7.4561343,1,1,2,1,2,15,1,27,7,1,YES,1,4
