Hash,Devs intersection,Conflicted files,Conflicted files caused by same dev,Null files,Conflicted files caused by same dev / Conflicted files
d1fef984c9676464b3a91eea4bd22e6f82ccfef2,0,1,0,0,0.0,
c0e91e5f310d589b145ae2ecb318f55b73f80cc0,0,1,0,0,0.0,
3b51a12803480a1f8ee2de0e5584f6839e8792ab,0,2,0,0,0.0,
23a4a96e5c7cff86362099b2814229d43f5f9f94,0,1,0,0,0.0,
156b6b52e73ec8f216df051bdf245ea4c8106128,0,1,0,0,0.0,
887d67845f6eb8600341ad83da13f02d1d2775cf,0,1,0,0,0.0,
86c807247c6906a83452a98c33b57a6c7188ffef,0,4,0,0,0.0,
f8147057c178f3681f484ca6310eaccbc1adcfd8,0,1,0,0,0.0,
