Hash,Merge timestamp,Branching time,Merge isolation time,Devs 1,Devs 2,Different devs,Same devs,Devs intersection,Commits 1,Commits 2,Changed files 1,Changed files 2,Changed files intersection,Has conflict?,Conflicted Files,Chunks
bcbb56a74855052c86f6e17f4612e7b774a181be,2013-03-07 12:16:52 +0100,8.9690625,9.6331366,3,1,4,1,1,7,2,7,3,1,YES,1,1
3430b53ed97862a2161773797dd778fa3cf1b052,2015-03-13 14:23:44 +0100,380.0715509,393.6648958,2,2,4,2,2,14,37,15,251,1,YES,12,28
7662034bbb0b089b49786eb08741dac58864bee1,2012-12-20 23:00:35 +0100,0.0712963,40.9719676,1,1,2,1,2,2,1,28,4,1,YES,1,2
b54b9c5d0bb75fb033044fd9827fe60009599a6f,2015-04-10 15:39:20 +0200,28.0056366,162.6868171,1,2,3,1,1,2,61,3,351,1,YES,2,2
c91da0dd0b7efe5e30fa9460bb63e8d82e105255,2015-03-10 21:55:32 +0100,0.0518750,4.9469560,1,1,2,1,2,5,1,80,2,1,YES,2,3
9f559a9b69f8311ba766b5d197b651efc82e3598,2012-08-03 12:45:26 +0200,3.0594560,8.9533912,1,1,2,0,0,4,2,27,23,1,YES,1,2
