Hash,Merge timestamp,Branching time,Merge isolation time,Devs 1,Devs 2,Different devs,Same devs,Devs intersection,Commits 1,Commits 2,Changed files 1,Changed files 2,Changed files intersection,Has conflict?,Conflicted Files,Chunks
7b323749e27f41c49786cd37e5357a357483ae60,2012-05-02 12:06:06 +0200,0.0001852,0.7951042,1,1,2,0,0,1,1,5,8,1,YES,2,5
cff474f853fdc3567451c4d689267dbfded6f3b2,2012-05-28 13:54:33 +0200,11.9599884,11.9735301,1,1,2,1,2,5,4,5,3,1,YES,3,12
af18ad9edcd3b990460f9349036678b087d493c2,2012-06-05 19:58:29 +0200,6.3728472,6.3962963,2,1,3,1,1,12,4,22,11,1,YES,2,5
b9c89415532e97a8507f26914328d76111382e27,2012-06-05 19:25:18 +0200,7.9560880,8.2296875,1,1,2,0,0,11,3,21,6,1,YES,4,11
