Hash,Devs intersection,Conflicted files,Conflicted files caused by same dev,Null files,Conflicted files caused by same dev / Conflicted files
7d4b18401ff0a1a6b72237f8c482007fbd2623dd,2,1,0,0,0.0,src/java/com/jogamp/common/os/NativeLibrary.java,Sven Gothel,Xerxes Rånby;
95dad44d1e825382bc5895f76c21f24bc5776501,0,3,0,0,0.0,
e37c383c4a09432fff009e81d572c8a92b42eef6,0,5,0,0,0.0,
69fe372b874d913e2d1c27f1d103e1fced668ecf,0,7,0,0,0.0,
e75e4e7870e5d2943d8a67c299e26ea52f2000b1,2,1,1,0,1.0,
45ef1faaecdb809d8724fbe6762dd3c23976b526,0,1,0,0,0.0,
