Hash,Devs intersection,Conflicted files,Conflicted files caused by same dev,Null files,Conflicted files caused by same dev / Conflicted files
7ad6940b6506b0b1ae66d1ac68b84ad28b35b760,1,1,1,0,1.0,
40f121bf996c5dfd2157a9d2be216bef13faa1a9,2,1,1,0,1.0,
7113a8ba56842ea6b18cfcf1c5e5c12620d9236b,1,1,0,0,0.0,tests/org.eclipse.gmf.tests/src/org/eclipse/gmf/tests/AllTests.java,mgolubev,ghillairet;
a3f113449d0c6d21f32c11e845394d923a62533e,1,1,1,0,1.0,
61c153d1e3f15ed32d8e3ba0ff38a663caa53349,1,1,0,0,0.0,plugins/org.eclipse.gmf.tooling.runtime/META-INF/MANIFEST.MF,skovalsky,mgolubev;
b4fbefc95903e6517081f8f238ac528825110b6f,2,1,1,0,1.0,
