Hash,Devs intersection,Conflicted files,Conflicted files caused by same dev,Null files,Conflicted files caused by same dev / Conflicted files
470074f10495dfbe335a5ded25dd69ee9b31f525,2,1,1,0,1.0,
a1cbc4059109e9f1935f93def3263b7dce1d191c,2,1,0,0,0.0,test/org/jschema/parser/JSONParserTest.java,Rick Kitts,Carson Gross;
91069dbb586f4b24a9778f2c231d70139ebc4a41,1,10,4,2,0.4,src/org/jschema/util/JSchemaUtils.java,Carson Gross,JP Camara;test/org/jschema/util/JSONUtilTest.java,Carson Gross,JP Camara;src/org/jschema/typeloader/rpc/JSchemaRPCTypeInfoBase.java,Carson Gross,JP Camara;src/org/jschema/typeloader/JsonType.java,Carson Gross,JP Camara;
560468d6d57cbde19a2f2d2a1ad0dee39cf295a6,0,5,0,0,0.0,
5f6ab20cb54804da7a8eb8c9473bfaab75e49188,0,1,0,0,0.0,
fc1a35dcbb2b45da126abe3dbe7d1ae5265425f8,0,2,0,0,0.0,
d6186ffb3ce9b06f607fd5090fafe236b38a7a59,2,7,7,0,1.0,
38dcf1935112f4985d1323e794494c85571570ef,1,4,0,2,0.0,src/org/jschema/parser/JSONParser.java,Carson Gross,JP Camara;test/org/jschema/parser/JSONParserTest.java,Carson Gross,JP Camara;
3d30f91dfc48ff04b4dc67756cc9ee3f31990292,0,1,0,0,0.0,
2249eacc0a10a8c3c2840b7265fd927e8631a3ea,0,21,0,0,0.0,
709cb89fab0f4dc9c5aa4ed206c3660d00baed0b,0,3,0,0,0.0,
