Hash,Merge timestamp,Branching time,Merge isolation time,Devs 1,Devs 2,Different devs,Same devs,Devs intersection,Commits 1,Commits 2,Changed files 1,Changed files 2,Changed files intersection,Has conflict?,Conflicted Files,Chunks
72d7a3331f4501f1393f612d783a6ebe0eaf36a6,2012-05-29 22:43:48 +0200,7.0996181,7.1588079,1,1,2,0,0,1,1,1,2,1,NO,0,0
38d6c995592a3f97dd7f73425355573fee613c52,2012-05-22 14:44:39 +0200,18.0836111,18.1831019,1,2,3,0,0,2,6,1,1,0,NO,0,0
6690d2910c920263aae7a54733fd8b90682cf884,2012-05-04 15:57:45 +0200,0.0376968,0.0876157,1,1,2,0,0,1,1,1,1,2,NO,0,0
e91075c76a96ca75a4b0e590c9ca49f91e5a7cf9,2012-05-04 08:13:47 +0200,0.5069907,0.9167708,1,1,2,0,0,1,3,6,2,1,YES,1,1
