Hash,Devs intersection,Conflicted files,Conflicted files caused by same dev,Null files,Conflicted files caused by same dev / Conflicted files
67a8e48a204845360f2554dc763f480811b91900,1,1,1,0,1.0,
89ef7c54012f4b7a54139875e13ab019ff0a890b,0,1,0,0,0.0,
b08f65ed1f15382ba5cb6fb181abf57d157479bc,1,1,0,0,0.0,src/main/org/codehaus/groovy/transform/DelegateASTTransformation.java,Cedric Champeau,Paul King;
e52a6cd0c668c66ab70511eb2afa93361bb2da99,0,1,0,0,0.0,
fc1af5315e627c43a3cdd3eb2366a31533b4feb4,1,1,1,0,1.0,
9b2cbf72b997fa1395b31109d772d79d2d7546a0,1,21,3,15,0.14285714285714285,gradlew,Paul King,Cedric Champeau;gradle/wrapper/gradle-wrapper.properties,Paul King,Cedric Champeau;src/test/org/codehaus/groovy/ant/GroovycTest.xml,Paul King,Cedric Champeau;
9661d0c5c8e313720e6caf99ffb3dba8510bb960,0,3,0,0,0.0,
3daa485e8e8bd31c921175948157e3e3ce49bf70,1,1,1,0,1.0,
7ec7b7a05aa311d3163fd4df8e0687f263227ab0,1,2,2,0,1.0,
d6010e63a456cce212978d0b66009beb88da746f,1,2,1,0,0.5,src/main/org/codehaus/groovy/transform/stc/StaticTypeCheckingVisitor.java,Paul King,Cedric Champeau;
4994631f15839673cf8643371c72ee1506d5e32d,1,7,0,0,0.0,src/test/org/codehaus/groovy/classgen/asm/AbstractBytecodeTestCase.groovy,Jochen Theodorou,Cedric Champeau;src/main/org/codehaus/groovy/ast/tools/WideningCategories.java,René Scheibe,Cedric Champeau;src/main/org/codehaus/groovy/classgen/AsmClassGenerator.java,René Scheibe,Cedric Champeau;src/main/org/codehaus/groovy/classgen/asm/BinaryExpressionMultiTypeDispatcher.java,Jochen Theodorou,Paul King;src/main/groovy/inspect/swingui/ScriptToTreeNodeAdapter.groovy,Jochen Theodorou,Cedric Champeau;src/main/org/codehaus/groovy/transform/stc/StaticTypeCheckingVisitor.java,René Scheibe,Cedric Champeau;src/main/org/codehaus/groovy/ant/Groovyc.java,Jochen Theodorou,Cedric Champeau;
c96c22290ada55e05a5abf3c6a4041469f1a6ba1,2,1,1,0,1.0,
7dc72218df5e3a5fe84e15c8a05b8aa027db31bf,1,2,2,0,1.0,
8f0052bf40bcc45f16eece29bf78bf21de2e327a,1,1,0,0,0.0,src/main/org/codehaus/groovy/classgen/ExtendedVerifier.java,Paul King,Guillaume Laforge;
467b089777a2ebafba7601991649786ccec9dea9,1,1,0,0,0.0,src/main/org/codehaus/groovy/transform/stc/StaticTypeCheckingVisitor.java,Paul King,Cedric Champeau;
44af10d0fe62cb8ee9c720ea397629444dabba0e,1,1,1,0,1.0,
8ba08069685dacf6409c7390ba0f2fc84dcc27af,1,1,1,0,1.0,
5e6fa9226d7ee88e2bf82e48683b5255f3194caf,0,2,0,0,0.0,
42186ec2070775b05f4925182b1885eb87030d96,0,1,0,0,0.0,
8c8b24038b93e77c24128fc075d59a20bb3860ad,1,1,0,0,0.0,src/main/org/codehaus/groovy/transform/stc/StaticTypeCheckingVisitor.java,Paul King,Cedric Champeau;
6b05dfc4b8595c35d83d34796949dd5d68bba23f,1,11,0,0,0.0,src/test/groovy/transform/stc/ArraysAndCollectionsSTCTest.groovy,Guillaume Laforge,PascalSchumacher;src/main/org/codehaus/groovy/transform/ConditionalInterruptibleASTTransformation.groovy,Guillaume Laforge,PascalSchumacher;gradle/utils.gradle,Guillaume Laforge,Cedric Champeau;src/test/groovy/lang/IntRangeTest.groovy,Guillaume Laforge,Cédric Champeau;src/test/org/codehaus/groovy/classgen/asm/sc/StaticCompileClosureCallTest.groovy,Guillaume Laforge,Cedric Champeau;build.gradle,Guillaume Laforge,Pascal Schumacher;src/test/groovy/util/logging/CommonsTest.groovy,Guillaume Laforge,PascalSchumacher;src/main/org/codehaus/groovy/transform/stc/StaticTypeCheckingVisitor.java,Guillaume Laforge,Cedric Champeau;src/test/groovy/GroovyMethodsTest.groovy,Guillaume Laforge,PascalSchumacher;subprojects/groovy-groovydoc/src/test/groovy/org/codehaus/groovy/tools/groovydoc/GroovyDocToolTest.java,Guillaume Laforge,PascalSchumacher;gradle.properties,Guillaume Laforge,PascalSchumacher;
660911d932f8bd9e532aaab0da1487f527bb9594,1,1,0,0,0.0,src/main/org/codehaus/groovy/classgen/ExtendedVerifier.java,Paul King,PascalSchumacher;
d9c7147d7a46b3dd6d2df0bf4dae1c10467c4cb0,0,2,0,0,0.0,
11c8d4e132a6a99fea1aac13556d07193ac99050,1,1,1,0,1.0,
dbf8dfd213c94e7eec5ca974397fe79aa08df143,1,1,1,0,1.0,
8e35e901f7b459ef030904c1115de6f9c5cf4176,1,3,3,0,1.0,
34b1cb0b67e9b59f37ac4d62c89da8e01a2ab0a9,1,1,0,0,0.0,subprojects/groovy-nio/src/main/java/org/codehaus/groovy/runtime/NioGroovyMethods.java,Cedric Champeau,Pascal Schumacher;
2517e1f3897e9299e096da50f77956bdf26b0aa4,1,1,1,0,1.0,
a5dd4346c35a0254106e4c7206c22255f23fea10,1,1,1,0,1.0,
322578724aac0b5d7a60e85313471e1046c766ba,1,3,0,0,0.0,build.gradle,Paul King,Jochen Theodorou;src/main/org/codehaus/groovy/vmplugin/VMPluginFactory.java,Paul King,Jochen Theodorou;config/codenarc/codenarc.groovy,Paul King,Jochen Theodorou;
4f86352904623e2ce0b3bac7768b074a95604432,1,2,2,0,1.0,
9cad65425bcc788a20d70582fc68af9af02c3b74,1,1,1,0,1.0,
