Hash,Devs intersection,Conflicted files,Conflicted files caused by same dev,Null files,Conflicted files caused by same dev / Conflicted files
9e4c7f002418e6205c0a8ddc827dbc6450d377a6,1,1,0,0,0.0,engine/src/test/java/org/archive/crawler/selftest/StatisticsSelfTest.java,Noah Levitt,Adam Miller;
4e50c325780c634cfee0fbfb89f799ad16979f78,1,1,1,0,1.0,
2e5af085bc166bdc572d0cfd9672ee43e745801e,2,2,2,0,1.0,
f23a59a918aef2a8403764807a4b1278759e4ecc,0,5,0,0,0.0,
40eae4cbceaa17fd0f4ebc5872cfaafca545eab7,1,1,0,0,0.0,modules/src/main/java/org/archive/modules/writer/WARCWriterProcessor.java,Noah Levitt,vonrosen;
e92e5f2bb38f8861695b1eb0127df9b6c32566d7,1,1,0,0,0.0,modules/src/main/java/org/archive/modules/forms/HTMLForm.java,Noah Levitt,Hunter;
3a429ffa44cb9caec3e534ffe5f22b6d389851e3,1,10,9,0,0.9,modules/src/main/java/org/archive/modules/extractor/ExtractorHTTP.java,Noah Levitt,Ilya Kreymer;
a20824aea732eafe3dbea3a29e4bfb174461d8a4,1,5,1,0,0.2,modules/src/main/java/org/archive/modules/fetcher/FetchHTTP.java,Noah Levitt,gojomo;modules/pom.xml,Noah Levitt,gojomo;modules/src/test/java/org/archive/modules/fetcher/FetchHTTPTest.java,Noah Levitt,gojomo;engine/pom.xml,Noah Levitt,gojomo;
d9fd66878b4297bd759c88c2d0e2d77b61132f7e,1,2,2,0,1.0,
c7813938e0df07c225a0f9120723dcf6bb65ec34,1,3,3,0,1.0,
93c3a706ddddac5ed2ee064430672d9d2bd51eb2,2,1,1,0,1.0,
6eb1e4cefd9eb0256db886227ceb0caabed3ebc2,1,8,8,0,1.0,
82c983d2b3d96a26becaebab6995b759d6c8a353,0,1,0,0,0.0,
750a68867015fed6a9228967eb5aaf1214e72199,1,6,4,0,0.6666666666666666,modules/src/main/java/org/archive/modules/deciderules/NotMatchesStatusCodeDecideRule.java,Noah Levitt,Adam Miller;modules/src/main/java/org/archive/modules/deciderules/MatchesStatusCodeDecideRule.java,Noah Levitt,Adam Miller;
f0b4cfeeac6646870bd59c6b03493daf52cf68f4,1,2,2,0,1.0,
