Hash,Devs intersection,Conflicted files,Conflicted files caused by same dev,Null files,Conflicted files caused by same dev / Conflicted files
ecc50a2b5aa63b99e6817d31f300bf766b32b570,0,1,0,0,0.0,
21b223873084fb1af2cde8c67a44c09de2a32c26,1,1,0,0,0.0,src/com/sam/hex/RegularPolygonGameObject.java,Nicholas Jeffrey,Silverdev(Sam);
66726a7f6fbf36e81d7c69bcf60c0dc4a4ee2172,0,1,0,0,0.0,
5881e75905eb03fdf8073bd00ba5d8553a62e6e8,0,1,0,0,0.0,
5e084e5f2150b3b4e031fbd169ee101e3f090839,0,1,0,0,0.0,
a158cc42a1624e7b3b87a0b71c1ec44db9847d05,0,1,0,0,0.0,
8e17f2460d71c1b3a6f8593e58bb63cb1df71824,0,1,0,0,0.0,
8e12e9d016c3da6bfc8eaeea94bd1574c5d771d8,0,3,0,0,0.0,
f5c52b5937519fa28518eb0d43464a982c42d0a0,0,3,0,0,0.0,
