Hash,Devs intersection,Conflicted files,Conflicted files caused by same dev,Null files,Conflicted files caused by same dev / Conflicted files
7e4ba4eb3175d16c4db8248cde17f8548dfe114a,0,1,0,0,0.0,
61d2e3c2087e163cc3ca0e50ccd21c2453f8b7a1,1,1,0,0,0.0,router/java/src/net/i2p/router/RouterVersion.java,zzz,slumlord;
73ab3e834c039dc0380f60f01fa825f3ede9bd79,2,1,1,0,1.0,
bf42cc1594aea4c950e574824a1ba446932a5f77,0,1,0,0,0.0,
dc46f00a358f6c5655a4663ac225756eb1c05f79,0,1,0,0,0.0,
a3e146a8146332cc2dde856dfea2d8c7d9ed78a5,0,3,0,0,0.0,
74151b06ef903e105e966b781f589de9224eb844,0,1,0,0,0.0,
c66559ff8479df0b55012616600f56ecd208a681,1,2,2,0,1.0,
14bacc272e89d1f44fc537333dde146506c245fd,1,16,2,0,0.125,apps/susidns/src/jsp/addressbook.jsp,zzz,str4d;apps/i2ptunnel/jsp/wizard.jsp,zzz,str4d;installer/resources/themes/console/light/i2ptunnel.css,zzz,str4d;apps/i2ptunnel/jsp/editServer.jsp,zzz,str4d;apps/routerconsole/jsp/configlogging.jsp,zzz,str4d;apps/routerconsole/java/src/net/i2p/router/web/SybilRenderer.java,zzz,str4d;apps/i2ptunnel/jsp/index.jsp,zzz,str4d;apps/routerconsole/java/src/net/i2p/router/web/LogsHelper.java,zzz,str4d;apps/routerconsole/java/src/net/i2p/router/web/HomeHelper.java,zzz,str4d;apps/susimail/src/src/i2p/susi/webmail/WebMail.java,zzz,str4d;apps/routerconsole/jsp/configpeer.jsp,zzz,str4d;apps/i2ptunnel/jsp/register.jsp,zzz,str4d;apps/i2ptunnel/jsp/editClient.jsp,zzz,str4d;apps/routerconsole/jsp/configi2cp.jsp,zzz,str4d;
b38f3b56f83c41713a6eaa3fd67e793559b755d9,1,2,0,0,0.0,apps/routerconsole/jsp/configclients.jsp,zzz,str4d;apps/routerconsole/jsp/logs.jsp,zzz,str4d;
38b930cd0328ae6e5c063992a9703c0f22554646,1,2,2,0,1.0,
63260aac59fe19e0599d7803bf0046409ea3426a,1,1,0,0,0.0,apps/routerconsole/java/src/net/i2p/router/web/ConfigUIHelper.java,zzz,str4d;
61be47504424f92957cba1187a6f3004458f7b29,0,1,0,0,0.0,
6bfd39d5c0315a8bfe89cab21ee50c638d49e229,0,1,0,0,0.0,
9f31b1fe97b4f247ff707fd66a4c792056ae3146,1,3,1,0,0.3333333333333333,core/java/src/freenet/support/CPUInformation/IntelInfoImpl.java,zzz,str4d;core/java/src/net/i2p/util/NativeBigInteger.java,dev,zzz;
a493a2842ae28375c90e447903ea005fe1688bb4,1,1,1,0,1.0,
9ce8fced0291f1a5e014a95fa8d3c0f901f6781b,1,4,4,0,1.0,
099515adffeda6ca7a4a4f8e00fbd2282d6485cc,1,3,3,0,1.0,
6a644dd0e5b3061f2f0b4f1557485f0ff8b04c9e,1,3,3,0,1.0,
bc0a7ebbbc7beeb3467b37d95884123e28bd6eea,1,1,1,0,1.0,
ec62bcbf8e0923a59e8290ce89eba91a1b6e4054,0,1,0,0,0.0,
188bd6db7b336a4616358de4bcb7079cbc93ff1c,1,4,4,0,1.0,
c79e4aeaea6349ea20e3f99d98e63ee612b064f3,1,13,13,0,1.0,
8b6a86e391e5ec786b683dfa6bbf1d3e026bf691,1,9,9,0,1.0,
0ff87ef8cb5e7ea944e5c786aabdaffa6df1bc11,0,1,0,0,0.0,
449ce3176eced4bf8d3e95d0a7322d920188e4f7,1,1,1,0,1.0,
7d6d801943c263a692366db11bb7be4910c9e8d2,0,1,0,0,0.0,
49118b8bf1e3d6c9fc618002fae9129ecd3904cb,1,2,1,1,0.5,
3b9549c2c18f54efd88cfa6048cf0090bc936455,1,1,1,0,1.0,
2f7eb56790fd272df8c48f8d1c8c5f4d803c1131,1,3,3,0,1.0,
855cae0a456c4f89b129551c512a5d58de23e033,1,1,1,0,1.0,
0db13145954411408c8cde8e5e32e125167b54e2,1,1,1,0,1.0,
9e4d5c0e61a59d13d451072a53711f24d765c02f,1,2,0,0,0.0,apps/routerconsole/java/src/net/i2p/router/web/ConfigUIHelper.java,zzz,str4d;core/java/src/net/i2p/util/Translate.java,zzz,str4d;
45a579403a4ddd60a4870e47304130aee254ed53,1,1,1,0,1.0,
4802b1e2cd3a71a5f0381c722b48f56709da209f,1,2,1,0,0.5,router/java/src/net/i2p/router/tunnel/pool/ExpireJob.java,zzz,zab2;
a87fc68cfdc12b55b8f284c646564a7ba1c4cc24,1,2,2,0,1.0,
90cc71d14dbd37bdc8b70d32077454dfe644e70a,1,1,1,0,1.0,
70bb81bcc3ac428b985ee50ec2518cae941236da,2,2,2,0,1.0,
fb93609d8bcf2ded4cfd18334af7748d906d1a9e,1,2,2,0,1.0,
79f8e88e5ff002b89330e2ff79b760504663f827,1,1,1,0,1.0,
e0cd71069f06eaeb02a2c6554ac33bf851a612d4,1,1,0,0,0.0,router/java/src/net/i2p/router/transport/TransportImpl.java,dev,zzz;
31531ee8828d05c8c1284086b3a2e5d8dc1b012a,1,1,1,0,1.0,
37ff4090b47b6a536ea02c84f42af5443c5eba23,1,1,0,0,0.0,installer/c/i2pExe/i2p.c,zzz,str4d;
5e48331eae754be219c82e46ff8935f3cce7af37,1,2,2,0,1.0,
943e2d7fe78c3de5e75bdfe4be0e8eb57ff5c754,1,2,1,0,0.5,router/java/src/net/i2p/router/transport/ntcp/NTCPConnection.java,zzz,meeh;
4db4010abfce34c334b3a72ca2a1c224ba807ba3,1,3,3,0,1.0,
b03b4745db5133ccd408fec61b22b692d39ecf66,1,1,1,0,1.0,
336420cf502eb065080a2111840441ba791474f6,1,1,1,0,1.0,
afad77af1933336457248ab0db876d34d2e74f60,1,2,2,0,1.0,
4a1b83961ddd2a051f94b7f449065c3afc8c9c7f,1,4,1,1,0.25,apps/routerconsole/java/src/net/i2p/router/web/UnsignedUpdateHandler.java,zzz,str4d;apps/routerconsole/java/src/net/i2p/router/web/UpdateHandler.java,zzz,str4d;
a1cfacd8da747dddfcbb5a3ad5cb720d1c948ec9,0,1,0,0,0.0,
c853337d41ec1731e048e3ae836889fe6e7816be,0,1,0,0,0.0,
a4064190dd18cbb87458e43b61d8a44c57b65c4f,0,38,0,0,0.0,
77d40f8d312186d3d68cf44bd505c4b7554f7860,0,1,0,0,0.0,
c6d1c552f83038332bc9239b54cc9ad4f9fc1626,2,2,2,0,1.0,
fe2b97c941b0fb35704c6d04bf746665f2438f18,1,2,2,0,1.0,
a8424e59b0ae0f2bb4be20dd94793cda611fa21c,0,1,0,0,0.0,
26846d592c8642ebe8f1d947da00ef9e82095ebf,1,6,6,0,1.0,
d18e4d430c5262e69cb7addb6103b8f7a44eabbd,1,8,7,0,0.875,router/java/src/org/cybergarage/upnp/ControlPoint.java,zzz,z3d;
79ab065500c760f76f2d59834467f52947047637,1,1,0,0,0.0,build.xml,str4d,kytv;
d29da5597f9eab8f26a08d0f9b88c4bd1f9c88c5,0,1,0,0,0.0,
2b81cee65366bbca41494865e8da237cba7f9bf2,1,2,2,0,1.0,
21ce36db9c9452d54832973cd97f666715aef051,0,62,0,0,0.0,
1f9ab5d880fa52af949ebab1d706bab3f0820f75,1,1,0,0,0.0,apps/routerconsole/jsp/index.jsp,zzz,str4d;
1997be371c00b06c899a4b68304668be01a77ef7,1,1,0,0,0.0,apps/routerconsole/jsp/index.jsp,kytv,zzz;
6107e38e561ab522621fc1bee8c669f425fbd221,2,1,1,0,1.0,
38dba5d19a396263669c7ddeb77a54d995582511,0,1,0,0,0.0,
23ca49ea8e0d0de46ef44aab32c3d7fdb562133a,2,1,1,0,1.0,
8e20e7a5b5a6070ff8f9c132d25bfffb9bfbe0f2,1,1,0,0,0.0,debian/patches/series,zzz,kytv;
69bbb8840734f2592b1bfb347f26eaf659206d76,2,4,2,0,0.5,debian/rules,kytv,zzz;debian/patches/series,kytv,zzz;
f0eb5663f708b411579ebfab93c304cbfdf4de84,1,1,1,0,1.0,
dd9cae57a8ac7e1aa62b9069c75da95b4ff2501f,0,1,0,0,0.0,
6d064270fcd5ab07f3172b66d552dc637ca910c0,1,1,0,0,0.0,apps/streaming/java/src/net/i2p/client/streaming/MessageHandler.java,hiddenz,zzz;
88b86333f47038995c7d24fc6157ce17151f0f75,0,1,0,0,0.0,
150270b14f373f1a1d7a961bb376b0635f22065a,0,2,0,0,0.0,
41fa06e8711c4172113582825857446fe42c23a9,0,1,0,0,0.0,
ec6084cd3719155b160596cc5cebddf180d5c1ed,0,1,0,0,0.0,
e2c98ac13438235fd9d9b2df710086f67281b2bf,1,1,1,0,1.0,
ff520b74dcf157f630fc99f26a80faf08791682e,1,1,0,0,0.0,build.xml,zzz,HungryHobo;
541ff01fd152afeb270b81aeca4753d347288afd,0,2,0,0,0.0,
b0daab601a7df0d9f682a133f47f97feb58a9c3d,0,3,0,0,0.0,
36cbae2d7fed5ab2570fb5d7953dc18d0dd19e6a,0,10,0,0,0.0,
f97402b141433ae72fdc4da027d77aef1350006b,0,2,0,0,0.0,
e721ddd3a40ac8e9a1c8b9a3b3cb5f31b4610a6e,1,1,1,0,1.0,
0e1d9787740b67c321bba87460dc7f481d095fb1,1,1,0,0,0.0,router/java/src/net/i2p/router/networkdb/kademlia/PersistentDataStore.java,m1xxy,zzz;
5ee08c4b9a1e3c9dc1c1c9a4a5a916abea73c5f5,1,1,1,0,1.0,
f225c1cca08fe907e8ba0a42ad52308fcc162fe2,1,1,0,0,0.0,installer/resources/themes/console/light/console.css,hiddenz,zzz;
4e3effa7e5f784792d13257a950f7f999128986a,1,2,0,0,0.0,router/java/src/net/i2p/router/RouterVersion.java,z3d,zzz;history.txt,z3d,zzz;
c7c7731f9193167641cb6620932a2fb6dd24b33c,1,1,0,0,0.0,apps/i2ptunnel/java/src/net/i2p/i2ptunnel/I2PTunnelHTTPServer.java,z3d,zzz;
35a72e8a97d9c53dc7e4d762e1959615c1cc50e6,0,1,0,0,0.0,
9158ce9ae2368b1b97c3659422996a818787423c,0,1,0,0,0.0,
df55494c589dc2cf9ba4fe68fa946d792bbc10c9,0,1,0,0,0.0,
b0ae907a869a1e0d189c68fe7050dc57c4cb7aba,0,1,0,0,0.0,
283e9155145a151344415378f06d7cb59156c844,0,1,0,0,0.0,
77e0cb94d30162535d9e42a2c830592021a2faae,1,3,0,0,0.0,router/java/src/net/i2p/router/RouterVersion.java,HungryHobo,zzz;apps/i2psnark/java/src/org/klomp/snark/web/I2PSnarkServlet.java,HungryHobo,zzz;history.txt,HungryHobo,zzz;
be308a0444829890991eafa0e059cc4063745638,1,3,0,0,0.0,router/java/src/net/i2p/router/RouterVersion.java,z3d,zzz;apps/i2psnark/java/src/org/klomp/snark/web/I2PSnarkServlet.java,z3d,zzz;history.txt,z3d,zzz;
853f941d888562cf45f284f1608c01cb21f1b9e0,1,3,0,0,0.0,router/java/src/net/i2p/router/RouterVersion.java,zzz,z3d;apps/i2psnark/java/src/org/klomp/snark/web/I2PSnarkServlet.java,zzz,HungryHobo;history.txt,zzz,z3d;
618275b1f9a4f6ff256ec4fafed5dc52cfa01053,1,1,1,0,1.0,
014063700f83aed59c69891df23413f719f519ee,0,1,0,0,0.0,
5689fa85128d3b243d612c472a97d211ec7b8c0c,1,1,0,0,0.0,router/java/src/net/i2p/data/i2np/I2NPMessageImpl.java,zzz,dev;
15d1b005f5c547af459913da2a6f11e6650d3e29,0,1,0,0,0.0,
865116b3f42580d4a6bb1a9e5c71f9cf79dc5134,0,2,0,0,0.0,
4562254862495f7d355f0258c373f68b259de9c5,1,1,1,0,1.0,
c644c128c015961fe99387d8a9b6d3be601f8629,0,1,0,0,0.0,
9cbf9d04226382d9f8ebf5fab6ff33aaab80b3b8,1,1,0,0,0.0,apps/routerconsole/jsp/configui.jsp,zzz,z3d;
aeb711acde4a071c05e62e2e8e4e0ebab56e6e0c,0,1,0,0,0.0,
5eccc01de643c142a1c3a137859f4a21343b3996,0,1,0,0,0.0,
47c8389419a48c46252e37a02616f7382883c5aa,1,1,1,0,1.0,
7782970d519ca00761bda4da51124e47b73aa0dd,0,9,0,0,0.0,
9a18955de31a52a0396fc7087418fd027ca386aa,0,2,0,0,0.0,
631a367b1cad62bc036311be62c548321c611466,1,1,1,0,1.0,
089572befd335d0959ba94638ccd74e56f19f9d9,1,1,1,0,1.0,
819efc132b04a03f34441890ba9388f72a889014,0,11,0,0,0.0,
135f8c1be2883bdf5f7c685e2506f35dd6543756,0,1,0,0,0.0,
4b1eabf1fcc3507c3f1d47984a3506a7dc67f31a,0,1,0,0,0.0,
d2c52e5c94aa316f328181a3b07be1a9fe0868d1,0,1,0,0,0.0,
206e45b9e80e47c234c5d7b196a9e7960d62ca84,1,9,9,0,1.0,
f1bb8910cb3242a3c6228a030bd1cf92d7201684,1,3,3,0,1.0,
4a9b567ebd9638b8080919c7c3d8b26cca806a2b,0,1,0,0,0.0,
71b708b0f2d3b7fe8364d19b0bbc4252681b5e5b,0,2,0,0,0.0,
a267fcc9ccb16a91df69b7653117a66c5f53df0a,0,1,0,0,0.0,
54b80d67245642d4c003916c241a987b6918a8cc,0,1,0,0,0.0,
64ada538f4f8575977b7e514ffb6e089b9bc9204,1,1,1,0,1.0,
bc086a78eb32751ba29b4ff754ca0565e761e7b9,0,1,0,0,0.0,
c5ac0981b54a2e0cfa988fe1abc5715584f44099,1,1,1,0,1.0,
eae67a44f0184a7a230c15efeaa242c8a5ecf5c3,0,1,0,0,0.0,
87b933fd3a716f57ce212a51204f65ed649d04cc,1,2,0,0,0.0,router/java/src/net/i2p/router/RouterVersion.java,zzz,complication;history.txt,zzz,complication;
b1beb46ca25308a68544734871bb59c958f5f2c8,1,2,0,0,0.0,router/java/src/net/i2p/router/RouterVersion.java,zzz,complication;history.txt,zzz,complication;
