Hash,Devs intersection,Conflicted files,Conflicted files caused by same dev,Null files,Conflicted files caused by same dev / Conflicted files
106a418c8febfd814a1e25391501c447213186f2,1,6,6,0,1.0,
0cc0b55b30fb52eff24ddbf7e440e3f70667fe56,0,1,0,0,0.0,
27ac04aef984d2c26fa0e3681d49a977334be6f3,1,1,1,0,1.0,
66779fb0e6b6df45e747dfaacd033311dcaf46cf,2,4,4,0,1.0,
aad579c930d95f3927a9c5bb9cf6376f8c5332fd,1,1,0,0,0.0,src/org/eclipse/iee/editor/monitoring/views/PadsMonitoringView.java,gashmish,khavrenko;
54557d69242bc20e450b0690aff1b7146aa9a9fd,1,15,15,0,1.0,
f035e0677e9286da4bb63e8cfe456cbd5b670270,1,3,0,0,0.0,org.eclipse.iee.sample.formula/src/org/eclipse/iee/sample/formula/FormulaPadManager.java,qnox,sid;org.eclipse.iee.sample.formula/src/org/eclipse/iee/sample/formula/pad/FormulaPad.java,qnox,khavrenko;org.eclipse.iee.editor.jdt/src/org/eclipse/iee/editor/jdt/editors/ExtendedJavaEditor.java,qnox,khavrenko;
74abb501bed0484b33364993adb832ae3cba708c,0,4,0,0,0.0,
