Hash,Merge timestamp,Branching time,Merge isolation time,Devs 1,Devs 2,Different devs,Same devs,Devs intersection,Commits 1,Commits 2,Changed files 1,Changed files 2,Changed files intersection,Has conflict?,Conflicted Files,Chunks
a00d11a7e5871e38a9766a23a2f9e19a061d21fd,2012-01-20 19:41:45 +0100,7.3311227,8.0822454,1,1,2,1,2,1,4,6,21,1,YES,2,3
c2fb315f262471d96d347a2edc6b62e5969a4ff2,2012-01-12 17:43:19 +0100,0.0151389,1.0620949,1,1,2,1,2,1,2,13,14,1,YES,6,10
e3fd291ca113f93bcf382df4380b2f7987683b7a,2011-09-27 17:57:36 +0200,0.2960532,11.7470833,1,1,2,0,0,1,1,20,4,1,YES,2,3
83f88523ac596546bf6cf0534decb034ee84d1f2,2011-09-09 10:01:24 +0200,0.1981366,5.3238310,1,2,3,1,1,1,3,3,9,1,YES,2,2
