Hash,Devs intersection,Conflicted files,Conflicted files caused by same dev,Null files,Conflicted files caused by same dev / Conflicted files
a89d3b655792f3d3f1655b4a3b3b418bbc70c4d6,0,1,0,0,0.0,
f840344c87c93eddf3c947508b2c8590cfc00876,1,2,2,0,1.0,
84531caf33564ddb41c6592a4c5c0081245005d3,1,1,0,0,0.0,src/org/witness/informacam/transport/GlobaleaksTransport.java,harlo,n8fr8;
ea0832e8bb0e95cd8b91296681254658af9e4ff8,1,2,1,0,0.5,.gitmodules,n8fr8,Hans-Christoph Steiner;
57d919369ea0837e3949006869d434173e910384,1,2,0,0,0.0,src/org/witness/securesmartcam/ImageEditor.java,LvH,Nathan Freitas;src/org/witness/securesmartcam/filters/ConsentTagger.java,LvH,Nathan Freitas;
fcdec2c9eaa00ebbcdf52990ea39b8b65757208e,0,8,0,0,0.0,
d9d199e5c84eb4812158637c6d62f42b1c348c32,1,1,0,0,0.0,AndroidManifest.xml,LvH,Harlo Holmes;
afbd42ed1addd3b1247070dd7d4d187010869f2b,0,1,0,0,0.0,
2e28ad6334536bdeec8d2ffccfcb6c30a167df6f,1,2,0,0,0.0,AndroidManifest.xml,Harlo Holmes,Nathan Freitas;src/org/witness/sscphase1/ImageEditor.java,Harlo Holmes,Nathan Freitas;
add9071d3b1fd660777f3abd9703931384780cce,0,1,0,0,0.0,
20cd8b168f432ef43c1cb52cf7b1d2a705e8dd3b,0,1,0,0,0.0,
5ffb5790d48e208aaf8c0bcfb364cd9500f63568,0,1,0,0,0.0,
07cccdf0a69920e99d7ea7aed237709bf2ef8cde,0,1,0,0,0.0,
c4e5713fe4beff4d1dfadbb7e4993a36a68fc595,0,1,0,0,0.0,
73e03b771a864f4dc7fba0160643b02bc7c532fd,0,1,0,0,0.0,
49090e8f229f719bf4151174cd756aeea4671c48,1,1,1,0,1.0,
