Hash,Devs intersection,Conflicted files,Conflicted files caused by same dev,Null files,Conflicted files caused by same dev / Conflicted files
9e73bc6d802dd7be611d6ebb78a95bb677bb5e3f,0,1,0,0,0.0,
79254c7176a6284a124a1ba5a7935c985ab5c9a2,0,1,0,0,0.0,
e5dcf6ee6caf6a7d1a51fdafa9707b87eb78d202,0,8,0,0,0.0,
460bf663074a00b54f0d16897059cee39b3fd19a,0,2,0,0,0.0,
1b7a11d9db9c6c80134ae4770fa13efad053d81f,0,2,0,0,0.0,
a426c14873f000cf28adaa5a928336735a4df69b,0,1,0,0,0.0,
285b1c499f4e75f6aadeb8120291cf995308f47e,1,1,1,0,1.0,
52755cfb267e3bbcd094bd3c9cd5c9e0bfb53c56,0,1,0,0,0.0,
99d9ff57a9f934a777a934a32118e178b1d60090,0,2,0,0,0.0,
1736596b2042c0a785e3697d0ce264acdcf7028d,0,1,0,0,0.0,
5a4700367c794a5d14b67158228c8b4bc800b335,0,1,0,0,0.0,
157243e16e0216f649d003b560d1b79a45b4ba58,0,2,0,0,0.0,
47e55db5b911dbd2ebb471d59be2539a21d98d12,1,4,0,0,0.0,common/src/main/resources/startup.properties,Shwetha GS,shaik.idris;webapp/src/test/resources/org/apache/ivory/cli/process.xml,Shwetha GS,shaik.idris;prism/src/main/java/org/apache/ivory/resource/AbstractInstanceManager.java,Shwetha GS,shaik.idris;oozie/src/main/java/org/apache/ivory/workflow/engine/OozieWorkflowEngine.java,Shwetha GS,shaik.idris;
de3bd51eb275b8dd2ac2eef5fec5196b662aeee2,0,3,0,0,0.0,
f83d1f018611808fc99a144e1bf49e1372c8f3fa,0,3,0,0,0.0,
aa36c463c134556a67e2995c029da3229bbe1285,2,1,1,0,1.0,
3220e6a9643ad35d0721bec086194a01925ffd9f,0,1,0,0,0.0,
c2c30b74b87b520daffa42f67b2f3842849aab3b,1,2,2,0,1.0,
77f22923095fe6d244c7f697094f1bfada08495c,2,1,1,0,1.0,
11bf6f92949c9fd46a0f47b1c41950ab7a879f8b,1,3,0,0,0.0,client/src/main/java/org/apache/ivory/entity/v0/Entity.java,Shwetha GS,shaik.idris;webapp/src/main/java/org/apache/ivory/resource/EntityManager.java,Shwetha GS,shaik.idris;oozie/src/main/java/org/apache/ivory/workflow/engine/OozieWorkflowEngine.java,Shwetha GS,shaik.idris;
97ea8b039d2abc64398f825234f46132960af252,0,4,0,0,0.0,
5dba4bdba4b24668bb73c91afec0e5e1e68376e9,2,1,1,0,1.0,
a2d358173b29fc1244291bf62d249fff438d1803,0,1,0,0,0.0,
