Hash,Devs intersection,Conflicted files,Conflicted files caused by same dev,Null files,Conflicted files caused by same dev / Conflicted files
bf94d45bf5495d5443a0cb5c2f791e728929af46,0,1,0,0,0.0,
4ed575d65672de4e95430f00fd1298406e7a0068,0,5,0,0,0.0,
29bb26acb3f8afc9a3a7824a71f4d7571ba6284e,0,1,0,0,0.0,
2a3fea1c470ef60934cf41fcc5ebb8763399433e,2,1,0,0,0.0,src/test/java/com/notnoop/apns/PayloadBuilderTest.java,froh42,Justin Plock;
e101e3c56fcd9c273aaa9c31007e879e9f1cfe44,1,1,1,0,1.0,
b98f2e1a956f0a00193aa22f7365a0b01cd2dfbe,0,1,0,0,0.0,
9181f8cdbd0935d3fcd9ba031896cbce2dd40bc8,0,3,0,0,0.0,
0931de422f748dc3ba5480fb85eb9f5500da2616,0,1,0,0,0.0,
