Hash,Merge timestamp,Branching time,Merge isolation time,Devs 1,Devs 2,Different devs,Same devs,Devs intersection,Commits 1,Commits 2,Changed files 1,Changed files 2,Changed files intersection,Has conflict?,Conflicted Files,Chunks
d6be046cd27e49c96f6572fccaaae372bf681db2,2012-07-27 14:35:16 +0200,10.6569444,11.1663079,1,3,4,1,1,20,4,104,6,1,YES,2,7
de11f41c237c0390c95ef24988c04d894e79894d,2013-02-09 10:55:22 +0100,0.3995023,0.4388542,1,1,2,1,2,1,8,2,17,1,YES,2,2
decd7256446ab8b7a2713991b579457688689096,2015-02-02 17:13:44 +0100,60.1329861,70.2303588,2,1,3,0,0,2,1,2,2,1,YES,1,1
8b78012c584c0c4eb52c609109e7f71e3d7a9f44,2012-07-16 20:54:31 +0200,3.5549653,4.0383218,1,3,4,1,1,4,4,48,7,1,YES,5,10
aa988ff7746f3ea0740acaa9fda47444e3fd7400,2014-11-23 18:39:05 +0100,7.7869444,39.1477894,1,1,2,0,0,14,12,25,10,1,YES,1,2
