Hash,Merge timestamp,Branching time,Merge isolation time,Devs 1,Devs 2,Different devs,Same devs,Devs intersection,Commits 1,Commits 2,Changed files 1,Changed files 2,Changed files intersection,Has conflict?,Conflicted Files,Chunks
11dbda3b999d82bff61833d416da8ab0a92db492,2015-10-08 11:20:15 +0200,0.3597222,1.5012500,1,1,2,0,0,1,1,3,3,2,YES,2,2
6c30062bd7e9a59b57ce31e9badddb1c5708fc4c,2013-10-09 00:22:19 +0200,19.0651042,21.0229167,1,1,2,1,2,12,4,5,11,1,YES,2,2
b2eff8b0e0e79767f65f6226136dd2d20f0fe66a,2013-01-04 10:31:12 +0100,227.2201042,399.0909028,4,1,5,0,0,54,1,113,5,1,YES,2,2
bf5d17f1594c7ca797bfa3756d0d4dd0e0c69aec,2012-10-12 22:11:30 +0200,315.0196065,391.5088773,5,1,6,0,0,42,1,44,3,1,YES,2,2
