Hash,Devs intersection,Conflicted files,Conflicted files caused by same dev,Null files,Conflicted files caused by same dev / Conflicted files
0d71c00ae048a851bc81be52dc0ff44d2e31263c,1,3,3,0,1.0,
72b771d99122402340ed62f95d3dd48464323c1e,1,4,2,2,0.5,
3581af6c0f04a33236ea3b32635e6b653e582c5c,2,1,1,0,1.0,
154eda5ccc300b34850de33b351d2e472da65152,2,1,1,0,1.0,
20cc9ac27788e564ce70f23c24a7fae0c377dd98,2,2,2,0,1.0,
1f8381f82e03ca451ddd4c0c7b732a33e6b7ce6b,0,1,0,0,0.0,
15de9051f56943e62ea4f35ab72513c53f8244ce,0,8,0,0,0.0,
f7166be2af82f03f266ed3bcb418578297192918,1,1,1,0,1.0,
12e9075a3247f05e018d30289321fe5a662105e4,2,2,2,0,1.0,
df0e992a76292a4c333b04982fd5c71b47d4815f,2,2,2,0,1.0,
421a4b3b190c83488b05be894542a1011f16a1d2,2,1,1,0,1.0,
ed0d8fe17a1c75fd92c550f936e30fa2b806e8f7,2,3,2,1,0.6666666666666666,
