Hash,Devs intersection,Conflicted files,Conflicted files caused by same dev,Null files,Conflicted files caused by same dev / Conflicted files
b82a9f36c87c426ad220a7d95de5c5ca219c8ecc,0,1,0,0,0.0,
24613ab35a8a5bf74dbbc8c0be0c96069cdffbfc,1,1,0,0,0.0,src/winterwell/jtwitter/Status.java,Roscoe,Daniel Winterstein;
304098c989c138babb15ffe6b7acd18eac62e9c3,0,1,0,0,0.0,
9be907596aef12d5967432ce17705c2471b15dcc,0,1,0,0,0.0,
1aaf4c5b3c6e8ee6d23f8549ec10566783c69180,0,1,0,0,0.0,
518280f6f0542361afadbf21dbf1b6a868d91e0f,0,1,0,0,0.0,
