Hash,Devs intersection,Conflicted files,Conflicted files caused by same dev,Null files,Conflicted files caused by same dev / Conflicted files
bd3c49a5836237228aea680ab6be3fb014c7f78f,1,2,0,0,0.0,src/kundera-mongo/src/test/java/com/impetus/client/crud/PersonMongoTest.java,Viktor Adam,ubuntu;src/kundera-mongo/src/main/java/com/impetus/client/mongodb/MongoDBClient.java,Viktor Adam,ubuntu;
409ab2de694c54c71eadacc3adb318ec904d4095,0,1,0,0,0.0,
5230a5bb117b1ad0ddba7750cb12124977d8f279,1,1,0,0,0.0,src/kundera-redis/src/main/java/com/impetus/client/redis/RedisIndexer.java,Amit Kumar,Pragalbh Garg;
6dbcf99c4967a7d5746c458a075a9505dd86a7c4,0,1,0,0,0.0,
ee45ca5f3dc6cea2cbf3f114fb33eba230777a96,0,3,0,0,0.0,
a34e4ed8e865c2f2c4ad0239654131af76d1c20e,0,1,0,0,0.0,
cf6162438973c9fd0831f6ac5c47797b1915b7f2,0,1,0,0,0.0,
0e1b5e50f5f7a5d178ddb38c898d2ef81ae12c9f,0,2,0,0,0.0,
909b4f6ac6e4b414eef6b5b05c907f3d4e7eac3f,0,1,0,0,0.0,
123a84661596222974eeaa79b30de0d44491277a,0,5,0,0,0.0,
8aa399844756c5cec35d082641517f2814ec3c51,0,9,0,0,0.0,
2ff0651a43312f15c119ca3f2a6906be7bdb116e,0,2,0,0,0.0,
b412639b2ba81289c7206c552d63c488e1b8ad59,1,2,1,0,0.5,src/jpa-engine/core/src/main/java/com/impetus/kundera/persistence/EntityManagerImpl.java,kuld.cs.mishra@gmail.com,Vivek Mishra;
c7b9cf9d6a6d4fe7207d49c951b7e037eb4bad5e,0,1,0,0,0.0,
3491e737287d25fbbfc28edbef947b3464611040,0,7,0,0,0.0,
7e7feae259260ea6c539d7e5cd1674402c4aa5e3,0,2,0,0,0.0,
d4b5652f7a571a3d4196175b082333f394ca5f71,0,7,0,0,0.0,
4f02648268d4817072c5f812d97f9c914f34efbf,0,3,0,0,0.0,
e6a1aeb321fa8112ad787232011c4929ac8381ff,0,1,0,0,0.0,
4b0f9c0310e542b5a9e1a2c23925e9c32b6cbf38,0,1,0,0,0.0,
5bf1cce2aa782547d67a4456390b795955de058a,0,1,0,0,0.0,
c9fcba6b96e007f44df0d1e51cd0c11af26c342a,0,2,0,0,0.0,
9fe036b963dd7b8ef0ee55cfa24405284087e191,0,1,0,0,0.0,
11fc0be6f40856edb4001654c8f19a4f7cf0ce48,0,1,0,0,0.0,
cf23a3bf8e8cfac80592f452425f4309c7d5889d,0,3,0,0,0.0,
4f988169b0467303726183597d48d6f82b793670,0,1,0,0,0.0,
1c08dc080b6c3bec3d231349d6c711e97212aca0,0,4,0,0,0.0,
2f9ba86df7f90aaed45e98a23299118df7bcb0f2,0,2,0,0,0.0,
dde506cf5db949aba74debebe7d11ff828b1a63f,0,1,0,0,0.0,
b11a9d0407ed6ddc52195164391619f3704229f2,0,1,0,0,0.0,
af04b8a3270d37120bcf2bb00634831d8377700c,0,3,0,0,0.0,
b46e76de97ce31be4d619dbdff78c12f4bb7af5b,0,4,0,0,0.0,
9020414b64d265a2ca3bb7e5cbf68bfae3fc18c2,0,4,0,0,0.0,
0fccfe7f5ac786efb975dc78a706f3d448b255d9,0,4,0,0,0.0,
4879647aa7f708bcf9091007efcdf07e976623fc,0,1,0,0,0.0,
a5b7b4a45d3c50a93d79484b3ce27db1b5b7cdf1,0,11,0,0,0.0,
8429318c41c4bbb70a4d7bb468fd58fb796866d0,1,1,1,0,1.0,
4993835a686b4fbf7f50e13a0cd6a3350d70402b,0,1,0,0,0.0,
6369d582fb65d617b516c4e532564a4ade55bbc6,0,1,0,0,0.0,
4e3464f2c85bdd03b28c116472ca77dbd12ff123,0,1,0,0,0.0,
df7152998ad8e2a035d682dec9614bfd747ec6a6,0,1,0,0,0.0,
389f0fd2a3c1d0084e1ec7db3743b3f9529d5bfa,0,1,0,0,0.0,
dc0ac2ed43d6a1edeea31c9be2da2c849a3097c6,0,1,0,0,0.0,
728900a0968095e3e503a5da03155ae865225f71,0,1,0,0,0.0,
d40b2e665df5d0120c1daff6a0b824f2dcf822b5,0,1,0,0,0.0,
317b5e1044a1badd0aeead3b387c01476d62ece3,0,1,0,0,0.0,
3104738155ebcde9d60d42f1b2e08e509fa2fdfa,0,8,0,0,0.0,
fc34d05d57c78f747fc848c2e6d1c2b2df3f19ef,0,1,0,0,0.0,
daa13b10b1504d08e8ab0f282ef813b97d82d564,0,1,0,0,0.0,
3eb41e3740e8ee7bdef05606fd4676e9523ace7a,0,1,0,0,0.0,
0130d5416a3e1e51f3b3a820f09f8af994f9c681,0,1,0,0,0.0,
6b386c3e315e622ea7a66d540e9ca96269ce078a,0,2,0,0,0.0,
7d2058a806440bb7a7f03a8600c66380b2b12473,0,1,0,0,0.0,
bdf9ecf248a1ed4c4e275f37c4841c3f68faca7c,0,1,0,0,0.0,
5a9782355d54574185c49c69ecc7f8738a12911d,0,1,0,0,0.0,
c8418979a9d7c61342e0d3a99ce6dedd4b79e468,0,1,0,0,0.0,
f873c91467f0d4443ebd3af967609b06388783b3,0,1,0,0,0.0,
4b8fdc534b074b4c8646e9a9120d0e3386aeffff,0,3,0,0,0.0,
d183c5b497b1938a52677709b15da07a65cbc45a,0,5,0,0,0.0,
f5d9f63a49c6cc5b7e97c86f6291a5ddb9431364,0,1,0,0,0.0,
ea107d9bb60ef35b44aced9474d09860ba6726be,0,2,0,0,0.0,
904ea19322d1c6586c3afcc1a958f446ade8d5ee,0,1,0,0,0.0,
8843d5565aed5a7199c851adc547ed7343a0f016,0,1,0,0,0.0,
ed0127f57e2945c7f03b851e9767291e5a4ad7f5,0,1,0,0,0.0,
066acde62f6df42c7c20f612b4d75a61f768d582,0,1,0,0,0.0,
20c957bc7f25f8839dc541d4b53ba35549600999,0,2,0,0,0.0,
e0f36e055535e95f9ff7cb255941a1f4f3ff713e,0,1,0,0,0.0,
0fad90808aae606f808420a656f1ae011d6e19c6,0,3,0,0,0.0,
7a82cf0d6094db160605240b012d0d7f253d0aa3,0,17,0,0,0.0,
5d7edfec1e71e7db8c85fee10cc833c50570990d,0,11,0,0,0.0,
bc31c0720c450a31eed4fda80b1625df724750c1,0,1,0,0,0.0,
cfca245aa997f37933b3e8297a69014cbc6e0300,0,2,0,0,0.0,
8f4f1c5e6061afc1f70f81652c4fff27d493c8d1,0,1,0,0,0.0,
4e00325dda9fe5112138f39e61fff08e596935d8,2,1,1,0,1.0,
d3959b35b6eb04d41e552bb9def6973f0fc12537,0,3,0,0,0.0,
a5dcaeff7a700a117321a880837a8ee37847b8d6,0,1,0,0,0.0,
8ed04d5d2ab35c1157e499fd199701e3292764af,0,1,0,0,0.0,
fec5ce5549c56a8d1651afd9f15ee8662e0274f9,0,1,0,0,0.0,
b6546e7ef379855aedab8ad329717ca6668ba0e6,0,1,0,0,0.0,
aa0cb2b86acbf881dff7130132154249abb3b112,0,1,0,0,0.0,
ad1d432f2244632b3cee037230522e1637f9b248,2,3,3,0,1.0,
8e0f9b7f135b4dfc0215f9504711a13ceeb4634c,0,1,0,0,0.0,
d7b044e6495d94530c43edaecafe6309f9fc3b4d,0,1,0,0,0.0,
2b937bfa43323cdcae5be4597ef5e56acc20fdcc,0,7,0,0,0.0,
a0ef596ad3f94ef28fb100bf4b8c7fa0ee03cfb6,1,2,2,0,1.0,
ddd970984fc5e184b67c4e97aa08f18c8ddbca7c,0,6,0,0,0.0,
1ba13db7d6b711a291344a6b26db37ec47c5fe2c,2,2,0,0,0.0,kundera-cassandra/src/main/java/com/impetus/client/cassandra/pelops/PelopsClientFactory.java,Vivs,xamry;kundera-cassandra/src/main/java/com/impetus/client/cassandra/pelops/PelopsDataHandler.java,Vivs,xamry;
995255aed5b79695eaa971c80425ef7b0c08be17,0,2,0,0,0.0,
50780fdadc69774542d09588fa1916b920111220,0,2,0,0,0.0,
5399c5b4567311b3ecdcddda9aa74eb90a35db43,0,4,0,0,0.0,
b485c0117bc70449e49349b66f4e0657c61886ec,0,2,0,0,0.0,
5fb1da5f461e62e863086a0d369f8a1e8ddcc784,0,1,0,0,0.0,
f3b619c580b2e8b295bcdde277e908807921a391,0,2,0,0,0.0,
a5e1bfbcd6ffd0005c35aee0f303d1a7c9dd9d12,0,1,0,0,0.0,
0ca65375ea04b68fd6ab7bd35bab8db8fbd7372a,2,2,2,0,1.0,
