Hash,Devs intersection,Conflicted files,Conflicted files caused by same dev,Null files,Conflicted files caused by same dev / Conflicted files
608124db45c00bb6d90e9b31ed1e0969f397b251,2,4,3,0,0.75,ledge-web/src/main/java/org/objectledge/web/rest/JerseyRestAuthenticationFilter.java,Rafał Krzewski,Marek Lewandowski;
2d2030f41b5ede57e0a96955f5db357ea4dbcd1e,1,2,0,0,0.0,ledge-components/src/main/java/org/objectledge/authentication/DirectoryUserManager.java,Marek Lewandowski,Tomasz Matuszewski;ledge-components/src/main/java/org/objectledge/authentication/DummyUserManager.java,Marek Lewandowski,Tomasz Matuszewski;
2d3ae43609297ad34b274d94a3ba20ca5667070a,0,1,0,0,0.0,
d52ea8e7bcc65525cdac67a34a71d55cf40fc511,0,1,0,0,0.0,
30be4fd664f4128d77cd8c4bbd66e8823795a7eb,2,2,0,0,0.0,ledge-components/src/main/java/org/objectledge/authentication/DirectoryUserManager.java,Marek Lewandowski,Rafał Krzewski;ledge-components/src/main/java/org/objectledge/authentication/DummyUserManager.java,Marek Lewandowski,Rafał Krzewski;
e7df150b67a143b7470f69fdb866e8232c902e2e,1,1,0,0,0.0,ledge-web/src/main/java/org/objectledge/authentication/sso/LocalSingleSignOnService.java,Marek Lewandowski,Lukasz Urbanski;
6f7f77de91029411e4d3ab9a57eed9f3ad6c09d6,1,11,9,0,0.8181818181818182,ledge-components/src/main/java/org/objectledge/collections/ImmutableHashSet.java,Rafał Krzeswski,Rafał Krzewski;ledge-components/src/main/java/org/objectledge/collections/ImmutableHashMap.java,Rafał Krzeswski,Rafał Krzewski;
