Hash,Devs intersection,Conflicted files,Conflicted files caused by same dev,Null files,Conflicted files caused by same dev / Conflicted files
21cf08b1afc533e96fb470bf66d418cc67cbe9ce,2,7,0,0,0.0,global/hbase-authz-public-client/pom.xml,Paul Focke,Benny Colyn;cr/indexer/integrationtest/src/test/java/org/lilyproject/indexer/batchbuild/test/BatchBuildTest.java,Paul Focke,Karel Vervaeke;cr/indexer/master/src/main/java/org/lilyproject/indexer/master/IndexerMaster.java,Paul Focke,Karel Vervaeke;cr/server-test-fw/src/main/java/org/lilyproject/lilyservertestfw/LilyServerProxy.java,Paul Focke,Benny Colyn;cr/fake-repository/src/main/java/org/lilyproject/repository/fake/FakeLTable.java,Bruno Dumon,Steve Kaeser;cr/fake-repository/pom.xml,Paul Focke,Steve Kaeser;cr/indexer/master/src/main/java/org/lilyproject/indexer/master/BatchIndexBuilder.java,Paul Focke,Karel Vervaeke;
4111a51fc03982d3d877eeaff1ecc7f2f5a73dbf,1,1,0,0,0.0,dist/pom.xml,Jan Van Besien,Bruno Dumon;
78f91061fd44e910fa0205f26335e33d629499b2,1,4,0,0,0.0,cr/process/server/rest-module/src/main/java/org/lilyproject/rest/FieldTypeByIdResource.java,Jan Van Besien,Bruno Dumon;cr/indexer/engine/src/test/java/org/lilyproject/indexer/engine/test/IndexerTest.java,Jan Van Besien,Gabriel Reid;cr/process/server/rest-module/src/main/java/org/lilyproject/rest/RecordTypeByIdResource.java,Jan Van Besien,Bruno Dumon;cr/repository-api-tutorial/src/test/java/org/lilyproject/repository/api/tutorial/TutorialTest.java,Jan Van Besien,Karel Vervaeke;
e209c708c598a87d6fc2642aeaad51656bf1a29f,0,2,0,0,0.0,
ee4c003543487efbbcb6bcf48648e17c35667d46,1,10,0,0,0.0,cr/indexer/batchbuild/src/main/java/org/lilyproject/indexer/batchbuild/IndexingMapper.java,Paul Focke,Bruno Dumon;global/hbase-client/pom.xml,Paul Focke,Jan Van Besien;cr/indexer/engine/src/main/java/org/lilyproject/indexer/engine/SolrDocumentBuilder.java,Paul Focke,Bruno Dumon;cr/indexer/engine/src/test/java/org/lilyproject/indexer/engine/test/IndexerApiTest.java,Paul Focke,Jan Van Besien;cr/indexer/engine/src/test/java/org/lilyproject/indexer/engine/test/RecordMatcherTest.java,Paul Focke,Jan Van Besien;cr/indexer/derefmap-indexfilter/src/test/java/org/lilyproject/indexer/derefmap/DerefMapSerializationUtilTest.java,Paul Focke,Jan Van Besien;cr/indexer/engine/src/test/java/org/lilyproject/indexer/engine/test/IndexerTest.java,Paul Focke,Bruno Dumon;cr/indexer/model/src/main/java/org/lilyproject/indexer/model/util/IndexesInfoImpl.java,Paul Focke,Bruno Dumon;cr/standalone-launcher/pom.xml,Paul Focke,Bruno Dumon;cr/indexer/engine/src/test/java/org/lilyproject/indexer/derefmap/DerefMapBasicTest.java,Paul Focke,Jan Van Besien;
9cdd3de282ef586be0a1a7d65c73985114e4ebf2,1,2,1,0,0.5,cr/indexer/batchbuild/src/main/java/org/lilyproject/indexer/batchbuild/hbasemr_patched/TableInputFormat.java,Bruno Dumon,Karel Vervaeke;
0415bbde1708b2004e0ffdda1fcc9c120cd6a4bd,1,3,1,1,0.3333333333333333,cr/indexer/engine/src/test/java/org/lilyproject/indexer/engine/test/IndexerTest.java,Paul Focke,Bruno Dumon;
9f5aa148442c4a32ccb84e7357efabd5dc66a727,0,1,0,0,0.0,
b76d3f03c136267a5b6dadd54f55ea3c62a52baf,0,2,0,0,0.0,
85bd1332d7d90809b51d22b700bf549d3432af83,0,4,0,0,0.0,
4404656506354c273c09e95372fd40e9096a9082,1,5,1,0,0.2,cr/indexer/batchbuild/src/main/java/org/lilyproject/indexer/batchbuild/IndexingMapper.java,Jan Van Besien,Bruno Dumon;cr/indexer/engine/src/main/java/org/lilyproject/indexer/engine/Indexer.java,Jan Van Besien,Bruno Dumon;cr/repository/impl/src/main/java/org/lilyproject/repository/impl/HBaseRepository.java,Bruno Dumon,Paul Focke;cr/repo-util/src/main/java/org/lilyproject/util/repo/RecordEvent.java,Bruno Dumon,Paul Focke;
6e1b063c5f4c23f473dd3c7f9b89cc4fb79e597b,0,2,0,0,0.0,
da7cacfa2eb56f1cb309982f558a93f7f435379b,0,1,0,0,0.0,
a019ff400f2c3d0598606e24a96175d09a5ae0b8,2,1,1,0,1.0,
d6368e147f6381eb59e32538265ec6b6c1488a6e,0,3,0,0,0.0,
f94e58adc7c17268f8a8c30c8177f2d19034290c,2,75,74,0,0.9866666666666667,cr/repository/impl/src/main/java/org/lilyproject/repository/impl/RecordTypesCache.java,Bruno Dumon,Evert Arckens;
4961f84753b94b97024f4da24f70eefeec35650f,1,19,18,0,0.9473684210526315,cr/repository/test/src/test/java/org/lilyproject/repository/impl/test/AbstractRepositoryTest.java,Bruno Dumon,Evert Arckens;
9144b7aeee2bf39bcc0264b6a3d09930cb92fd1f,2,1,1,0,1.0,
