Hash,Merge timestamp,Branching time,Merge isolation time,Devs 1,Devs 2,Different devs,Same devs,Devs intersection,Commits 1,Commits 2,Changed files 1,Changed files 2,Changed files intersection,Has conflict?,Conflicted Files,Chunks
4312f220ca75bcae3d79c4a4f6e0200ec462fe60,2015-04-20 11:04:37 +0200,0.9354861,5.7056250,0,1,1,0,0,0,3,0,5,0,NO,0,0
397e23f5f00948ceb35a9ab4cccdd34ff9543f01,2014-07-31 17:35:27 +0200,56.1174653,244.3574537,1,1,2,0,0,6,1,21,10,1,YES,3,3
6595d9487b0b97c8bf32cce0951e95763d4962a8,2013-06-07 18:03:05 +0200,4.2922685,4.7839931,1,1,2,1,2,1,15,26,7,1,YES,3,6
669bc38e918cee19021d91b98e44ffd4e6a942b8,2012-10-29 20:53:18 +0100,4.0687616,4.0845023,1,1,2,1,2,1,6,2,38,1,YES,1,1
c4ff9593e108526b4a381e800f993ddf2247fbde,2012-03-08 09:20:37 +0100,0.1812616,0.8890278,1,1,2,1,2,3,1,5,1,1,NO,0,0
9e16099cb2293cbb9350a51806ebe8cb7fcfc3dc,2012-03-05 21:01:15 +0100,0.0217130,0.0255093,1,1,2,0,0,3,1,2,1,1,NO,0,0
36723c99c8a87a14dc5f6cdc6c320d98a32cb167,2012-03-05 20:24:31 +0100,0.4224306,0.4271296,1,1,2,1,2,1,1,1,17,1,NO,0,0
