Hash,Devs intersection,Conflicted files,Conflicted files caused by same dev,Null files,Conflicted files caused by same dev / Conflicted files
2fe89579a97cb374396ae2d28b3288558ff86951,0,5,0,0,0.0,
e93333dafe4bc0b9e6affd787655898b27241578,1,8,0,7,0.0,src/org/pentaho/marketplace/domain/services/PluginService.java,Guilherme Raimundo,Pedro Vale;
0c5e9f2e97ba15172495d9fb6c64dd8bcedfa5ab,0,5,0,0,0.0,
3f735f6f5f0a4c3075103cda58f6aea6f4c2ca63,1,2,0,0,0.0,src/org/pentaho/marketplace/MarketplaceService.java,diogofscmariano,Will Gorman;src/org/pentaho/marketplace/PluginVersion.java,Pedro Vale,Will Gorman;
