Hash,Devs intersection,Conflicted files,Conflicted files caused by same dev,Null files,Conflicted files caused by same dev / Conflicted files
33a92b36824a72d81cac50d3d3c129489e982a5f,0,39,0,0,0.0,
103603031832f59c43caad86e843f9463e7a642d,0,4,0,0,0.0,
15596d93fe96fe00462bef8430ac9094e6488d7b,0,5,0,0,0.0,
39341357eb2e3a271f8a68688417c9fa93b71363,1,4,0,0,0.0,test/it/randomtower/test/entity/AngleAlphaScaleMoveTest.java,thaaks,Gornova;src/it/randomtower/engine/World.java,thaaks,Gornova;test/it/randomtower/test/entity/AngleAlphaScaleMoveEntity.java,thaaks,Gornova;src/it/randomtower/engine/entity/Entity.java,thaaks,Gornova;
