Hash,Devs intersection,Conflicted files,Conflicted files caused by same dev,Null files,Conflicted files caused by same dev / Conflicted files
930534865c739d58b870a6361d02f17867180f72,1,1,0,0,0.0,src/main/java/org/apache/maven/report/projectinfo/ModulesReport.java,Karl Heinz Marbaise,Michael Osipov;
3e111df2f43b2bd9371adc33036492bacc14d16d,1,23,0,23,0.0,
8f089b5af9b84df908b87234367333169aadcb19,2,1,1,0,1.0,
799e00636f50b6578a9669bed5b09f8d9bafc0ae,1,1,1,0,1.0,
78941478b8116399d226a16986d03d246c389555,1,10,1,0,0.1,src/test/java/org/apache/maven/plugin/checkstyle/CheckstyleResultsTest.java,Nicolas De Loof,Jason van Zyl;src/main/resources/config/maven_checks.xml,Nicolas De Loof,Benjamin Bentmann;src/main/resources/config/avalon_checks.xml,Nicolas De Loof,Dennis Lundberg;src/main/java/org/apache/maven/plugin/checkstyle/CheckstyleReport.java,Nicolas De Loof,Dennis Lundberg;src/main/resources/config/turbine_checks.xml,Nicolas De Loof,Dennis Lundberg;src/main/java/org/apache/maven/plugin/checkstyle/CheckstyleViolationCheckMojo.java,Nicolas De Loof,Herve Boutemy;src/main/resources/config/sun_checks.xml,Nicolas De Loof,Dennis Lundberg;src/main/java/org/apache/maven/plugin/checkstyle/CheckstyleReportGenerator.java,Nicolas De Loof,Dennis Lundberg;src/test/java/org/apache/maven/plugin/checkstyle/CheckstyleReportListenerTest.java,Nicolas De Loof,Jason van Zyl;
de8889626311051c764a62af30f61321616ded8e,1,10,1,0,0.1,src/test/java/org/apache/maven/plugin/checkstyle/CheckstyleResultsTest.java,Nicolas De Loof,Jason van Zyl;src/main/resources/config/maven_checks.xml,Nicolas De Loof,Benjamin Bentmann;src/main/resources/config/avalon_checks.xml,Nicolas De Loof,Dennis Lundberg;src/main/java/org/apache/maven/plugin/checkstyle/CheckstyleReport.java,Nicolas De Loof,Dennis Lundberg;src/main/resources/config/turbine_checks.xml,Nicolas De Loof,Dennis Lundberg;src/main/java/org/apache/maven/plugin/checkstyle/CheckstyleViolationCheckMojo.java,Nicolas De Loof,Herve Boutemy;src/main/resources/config/sun_checks.xml,Nicolas De Loof,Dennis Lundberg;src/main/java/org/apache/maven/plugin/checkstyle/CheckstyleReportGenerator.java,Nicolas De Loof,Dennis Lundberg;src/test/java/org/apache/maven/plugin/checkstyle/CheckstyleReportListenerTest.java,Nicolas De Loof,Jason van Zyl;
2d186fefd58d7e7baa1b486596f2162bf3ad5486,2,1,1,0,1.0,
c30f92dd149ab549b867dbcded8975c4b49d493c,2,1,1,0,1.0,
75a67683d008bd97da78770fcd7df4cc16852ee1,2,1,1,0,1.0,
7a88904c84915bbfc9d9f2e6220dac35aaf92891,2,1,1,0,1.0,
9b9f20252d88d054fb64f062c579fba3979da633,1,3,2,0,0.6666666666666666,src/it/ant-1.7-features/verify.bsh,Barrie Treloar,Benjamin Bentmann;
676f4eeca5683ed53f43a7e5fc676bf522977c68,1,1,0,0,0.0,pom.xml,Wendy Smoak,Benjamin Bentmann;
cbc9989a0c90cec69f0ee96430f7a5b94bb9d043,1,1,0,0,0.0,pom.xml,Dennis Lundberg,Vincent Siveton;
a1c2591a89e362234c0c87b95275f750bd3841b1,1,1,0,0,0.0,pom.xml,Carlos Sanchez Gonzalez,Dennis Lundberg;
4f738ca3f9ef6d19724bfbfe7b7971c92518ad12,1,1,1,0,1.0,
110672886710986a1be61134cf3644a9094402e5,2,1,1,0,1.0,
73e595433ff935c21b8a9e7f6236b61b93f72f71,1,1,1,0,1.0,
c6abebf37ae258f1453d01bdfc6bbc00e2a3d9d2,2,2,2,0,1.0,
d2ea790b39b771c2c6b3b4e3eb43dbf65b31b09b,0,1,0,0,0.0,
c881cb77aa56de7951fba1615c3fee479f730703,1,1,0,0,0.0,pom.xml,Stephane Nicoll,Dennis Lundberg;
28e4a59acedee41c616093fd3b0fa3067d81c517,1,2,2,0,1.0,
4f22ad56f1f6d0b370850d6b6a73aace9ec05b9e,1,1,0,0,0.0,pom.xml,Stephane Nicoll,Maria Odea B. Ching;
41d7bf0be56c8d58d04b127771bb19440fb44816,2,1,1,0,1.0,
815640c9428499c9a0a6302cbca2e40dce33361c,1,2,2,0,1.0,
