Hash,Devs intersection,Conflicted files,Conflicted files caused by same dev,Null files,Conflicted files caused by same dev / Conflicted files
650c77918f96c558251850b8f3726ccd1e84f1f2,2,1,1,0,1.0,
feeb1d1df2eeee3d54ed6ae0730f66bc669ab844,0,1,0,0,0.0,
78557e0ee0bb2cd87cfe6a5cc35e20459bd8009f,2,1,1,0,1.0,
86cfcf9968e9c4d746365e17f4f1e4e39b17ea5e,0,1,0,0,0.0,
4a85aa11fc6885c247c9bc027048b979a9e1a544,0,1,0,0,0.0,
86411dc71444cc7e53a5b8ff533a69324cc331bd,1,1,0,0,0.0,MCU-API/src/org/smbarbour/mcu/util/MCUpdater.java,Ammon Lauritzen,Scott M. Barbour;
2eec7681f2e3c3d605b66d7dc6da403b6b40629e,1,27,8,18,0.2962962962962963,MCU-API/src/customization.properties,Scott Barbour,Scott M. Barbour;MCU-API/src/org/smbarbour/mcu/MCUApp.java,Scott Barbour,Scott M. Barbour;MCU-API/ServerPack.xsd,Scott Barbour,Scott M. Barbour;MCU-API/src/version.properties,Scott Barbour,Scott M. Barbour;
4ef069fb7c12ae9e29067d4d9b9dbfcc1fab3cb9,1,2,2,0,1.0,
