Hash,Devs intersection,Conflicted files,Conflicted files caused by same dev,Null files,Conflicted files caused by same dev / Conflicted files
dfafa2e5cd5d080bea4f360d9d08f12ebf85a0e4,0,8,0,0,0.0,
0e502922cee11e0e6768ca07045a3e4e1ba90999,0,1,0,0,0.0,
4c3704278fb53ad8295c1792aff23ba799d8f94d,0,1,0,0,0.0,
b53b4e31c8cf3ddc3782a4e0476c62d5bd01ca9b,0,2,0,0,0.0,
9f2af01c0eaecb51c5de5a78340a20d98f9f9fe9,0,1,0,0,0.0,
af36d1aa84fcbae00ef41cbe7263dcbbfd96a301,0,1,0,0,0.0,
809f5f5f741f0cf812657b8e913d9d635265f3f7,0,1,0,0,0.0,
6632f0a9abb2aa630af89d807566856b1d5c9369,1,1,1,0,1.0,
5cdf3f8da7ec4a2a15c416b1ab84b546358d9041,0,2,0,0,0.0,
acf46a47c5da0a8c3222f3293b25cf4ba5b6ebfd,0,1,0,0,0.0,
0d9ab0a9fa15386d391a4910bd4e3f8f3d7e77a4,0,2,0,0,0.0,
c31c5c9da926b168c287785646cc76363b2b844d,0,1,0,0,0.0,
d3f76d2a9658fc1e78fffec0fadacf8ce1b533f0,0,7,0,0,0.0,
c76c8c86f83ffbd138e60a8a9095b503a086efca,0,2,0,0,0.0,
d93e6901b12c532a5f534bf35323a07aefd4b93e,0,1,0,0,0.0,
7e824190e200d1755c87f34b8805f1e1feb15362,0,2,0,0,0.0,
206226926857d120cf73d89554aa96d373684bc7,1,11,6,0,0.5454545454545454,mes-plugins/mes-plugins-production-counting-with-costs/src/main/resources/productionCountingWithCosts/view/tabExtensions/productionBalanceDetails.xml,Lukasz Poniewierski,ksiwonia;mes-plugins/mes-plugins-production-counting/src/main/java/com/qcadoo/mes/productionCounting/states/listener/ProductionRecordBasicListenerService.java,lponiewierski,ksiwonia;mes-plugins/mes-plugins-production-counting/src/main/resources/productionCounting/model/productionRecord.xml,Marcin Kubala,ksiwonia;mes-plugins/mes-plugins-production-counting-with-costs/src/main/java/com/qcadoo/mes/productionCountingWithCosts/hooks/ProductionBalanceDetailsViewHooks.java,Marcin Kubala,ksiwonia;mes-plugins/mes-plugins-production-counting/src/main/java/com/qcadoo/mes/productionCounting/internal/ProductionRecordService.java,Marcin Kubala,ksiwonia;
43f94b857febb1d9990bbd61b8fd356c73a68305,0,2,0,0,0.0,
2fd7f4b8eed5ffa79a93583c689b5d5b62dc3ffd,0,1,0,0,0.0,
8e48264dac270dc2c204b7e1136df4e14cf704b6,0,2,0,0,0.0,
865499f5c8d0805e9521fbe5a85fe95a457aeb94,0,1,0,0,0.0,
e4df25603ba9ea6d6565454b6a0c8404730f80ff,0,4,0,0,0.0,
293c43f0b9a978644b52ee7d47addb48608a7a2e,0,1,0,0,0.0,
7058d66842f443874c1e5766ae04f9168c27427c,0,1,0,0,0.0,
714a87e5fe711c0e8e7da1f9093632fe34c69361,0,1,0,0,0.0,
b52be60284f729c3fab310bf2cd8b7f6b242034e,0,1,0,0,0.0,
c4aa367935f595beb912d5fe10ad18316b024413,0,1,0,0,0.0,
e9b5e27b53a66fa05b80dfa2d12039b7c02718fc,0,2,0,0,0.0,
20583ee7a8d23847de067e042a9eca8af80c2ae1,1,2,2,0,1.0,
26292706a2380bfbbd99b4ddcf57aca9419e0428,0,1,0,0,0.0,
62514c1dca2882f7086db729dfdefaa6b08260c5,0,1,0,0,0.0,
970b84b0fb1c7d8e92344651b21bfbabe604a8ad,0,1,0,0,0.0,
1664ce7e41c19d3782b9067b2bb1f9a6e7c2af55,0,2,0,0,0.0,
042c1830b0bac2f7da808416368426f505783cd1,0,2,0,0,0.0,
fc4572741fd5b95937b91119db5d565d880e5a7f,0,2,0,0,0.0,
938e9990003c6c1c6c2ae260417ccb6d4dd166ad,2,5,0,3,0.0,mes-plugin/src/main/java/com/qcadoo/plugin/manager/DefaultPluginDependencyManager.java,Michal Nawalany,Krzysztof Nadolski;mes-plugin/src/main/java/com/qcadoo/plugin/PluginDependencyManager.java,Michal Nawalany,Krzysztof Nadolski;
c8420926a81123881568070d20d3ecbfb504f7d3,0,1,0,0,0.0,
153f5ee626418de47dab5079a647d3c36cbb8d45,0,1,0,0,0.0,
43a88e89d40f9665baaf3b2c5fe4ef009e852355,0,2,0,0,0.0,
7a9929ee93b7e1c33adf4eeab2d28a29d621dd77,0,1,0,0,0.0,
c480ffccfdfb650f82950354b8e15b912e10fbab,0,2,0,0,0.0,
38b88ae5c1c0262162327d22ff681fdc7db8dd18,0,3,0,0,0.0,
d918de336af5b2146acec4088c23b3a8fcfa4c3f,0,1,0,0,0.0,
cd3a33ff9412eb3444e4514e4a4f4c27718b0403,0,2,0,0,0.0,
2e2e026f2e9036fbc993eadbec7d9ffd5b40b631,0,2,0,0,0.0,
97a2ccdcf975caec820f1ac22c0825b33a5484ce,1,17,15,0,0.8823529411764706,mes-plugins/mes-plugins-production-lines/src/main/resources/qcadoo-plugin.xml,ksiwonia,Katarzyna Małyszek;mes-plugins/mes-plugins-production-lines/src/main/resources/productionLines/view/tabExtensions/divisionDetails.xml,ksiwonia,Katarzyna Małyszek;
78b1953eec816109c44cfef8dfb811c337879f97,0,1,0,0,0.0,
3c96e0b3239e1ee937f6199b3927555fee795821,0,1,0,0,0.0,
fc61ba10c001af0804f5e31ff4a988c0b598d7f4,0,1,0,0,0.0,
a494b54aaa02f37b00e7796c7c15439cf06e57cf,0,1,0,0,0.0,
fdd05a8ce5b71c48a74027c2bea1067922fd7985,0,2,0,0,0.0,
facf5aec68abccd99d900ead67455f87f645fdf6,0,1,0,0,0.0,
a7be151706c21888f599e0ada803d52a922862ac,0,1,0,0,0.0,
65373dab949874a186639972b946f9798df58086,1,5,0,0,0.0,mes-plugins/mes-plugins-material-flow-resources/src/main/resources/materialFlowResources/view/resourcesList.xml,ksiwonia,Paweł Kochanowski;mes-plugins/mes-plugins-basic/src/main/resources/basic/locales/basic_en.properties,Tomasz Woliński,Paweł Kochanowski;mes-plugins/mes-plugins-basic/src/main/resources/basic/public/js/multiuploadfunctions.js,ksiwonia,Paweł Kochanowski;mes-application/sql/1.5/upgrade_mes-dev.sql,Tomasz Woliński,Paweł Kochanowski;mes-plugins/mes-plugins-material-flow-resources/src/main/java/com/qcadoo/mes/materialFlowResources/hooks/DocumentDetailsHooks.java,ksiwonia,Paweł Kochanowski;
1a22fd5cf069de32339358193b693ff6eea0c082,0,3,0,0,0.0,
5b69bda3b0a7d564e6aed10482466ff48cf1f569,0,5,0,0,0.0,
56a639b8664f542d36b516bb59b9845cf3f53ded,0,3,0,0,0.0,
4f9ab07f3c206cfa221918005d5eea8f853feb63,0,2,0,0,0.0,
febac4c69bf494c5de1409d6ba51980a497eabeb,0,1,0,0,0.0,
5f3c44f33d2c3586b7288fb2f2bdbf99309c07a9,0,1,0,0,0.0,
aba704792cac58886f037a62d2df858c795735a6,0,2,0,0,0.0,
e1abb402b8cbf65151e134426941c3831df120cd,0,2,0,0,0.0,
655d5d5764a5fb21e3340139224664fab42c64fd,0,1,0,0,0.0,
5f665dc1ea2f5f0a047cbc7a858620fd2f120c44,0,1,0,0,0.0,
8bef85dd1291290d0b5ebf0f74aa34428b508b10,0,1,0,0,0.0,
aa10e24770c13ce0badd7c6896f82779164f3ec0,0,2,0,0,0.0,
01171c78f095f4617decb22ad2de558ea763d05b,0,1,0,0,0.0,
4545f3bf82fb98cd9ecf93f84161bacdad7e6f06,0,1,0,0,0.0,
305dd06fb0e1c1d5290e03ed725e2aa8cd04b7f8,0,14,0,0,0.0,
85f8c8e179451c3c32f3260e6a8628727a3adcea,0,1,0,0,0.0,
a5232a8e084dcf83cbeb91785cbca8f00cdf17bb,0,1,0,0,0.0,
cc974da75fa99730907c0ac3dcfc069442f810c3,0,2,0,0,0.0,
69d0a881bdf260915448d81b7eec0eebb7642e44,0,2,0,0,0.0,
b8206a10fc1a70971cc1f77c978e9d19588b8a6f,0,1,0,0,0.0,
d0ea004cbd2429ef4124b7479a07b7f2768bbc8a,1,1,0,0,0.0,mes-application/src/main/java/com/qcadoo/mes/application/TranslatedMessageExceptionResolver.java,Michal Nawalany,Krzysztof Nadolski;
99443fec9f4538538d0a6f814fc4e3cf20a8a93e,0,9,0,0,0.0,
6443a84310ec90a43e19e0e6db1fb98aaf93dd68,0,3,0,0,0.0,
4342604b37111f74a96eb92d0ae7a68d2f42233b,0,1,0,0,0.0,
ddec19d5e7afd30b656ce3733bd746990bf8f701,0,1,0,0,0.0,
e15a2c7683e9cb9655e7a98317ab11661ca5d0c3,1,4,0,0,0.0,mes-plugins/mes-plugins-work-plans/src/main/java/com/qcadoo/mes/workPlans/print/WorkPlanPdfService.java,Lukasz Poniewierski,Marcin Kubala;mes-plugins/mes-plugins-basic/src/main/java/com/qcadoo/mes/basic/hooks/ProductHooks.java,Lukasz Poniewierski,Marcin Kubala;mes-plugins/mes-plugins-work-plans/src/main/java/com/qcadoo/mes/workPlans/listeners/WorkPlanDetailsListeners.java,Lukasz Poniewierski,Marcin Kubala;mes-plugins/mes-plugins-work-plans/src/main/java/com/qcadoo/mes/workPlans/WorkPlansServiceImpl.java,Lukasz Poniewierski,Marcin Kubala;
7f566b0f1e087e44a8b5ab9cf0499ab738db7479,0,1,0,0,0.0,
3f37ccb15f0b02187eac439b78cbec8c566a236d,0,2,0,0,0.0,
11202ccd67f0250c380c3217672c4810eb7982be,0,1,0,0,0.0,
15ba7f58c82dd05c7714da781e9ad29033e55ba8,0,1,0,0,0.0,
b8e68c7781ef8101aa919db437838be5386e0c8f,0,1,0,0,0.0,
1d014e88687685ba77fc707fa159e56effd3c0d0,0,1,0,0,0.0,
d562754e148e6a76a208a712c681bd849d439873,0,1,0,0,0.0,
901dfce1dfaa522829adbbcf6bc7d73498bde3f6,0,1,0,0,0.0,
4fac1f5530737b53b3f1d8653bb76f26ddd78fc4,1,7,1,0,0.14285714285714285,mes-plugins/mes-plugins-cmms-machine-parts/src/main/resources/cmmsMachineParts/locales/cmmsMachineParts_en.properties,Katarzyna Małyszek,ksiwonia;mes-plugins/mes-plugins-cmms-machine-parts/src/main/resources/cmmsMachineParts/locales/cmmsMachineParts_pl.properties,Katarzyna Małyszek,ksiwonia;mes-plugins/mes-plugins-cmms-machine-parts/src/main/resources/cmmsMachineParts/model/plannedEvent.xml,Katarzyna Małyszek,ksiwonia;mes-application/sql/1.4/upgrade_mes-dev.sql,Katarzyna Małyszek,ksiwonia;mes-plugins/mes-plugins-cmms-machine-parts/src/main/java/com/qcadoo/mes/cmmsMachineParts/constants/PlannedEventFields.java,Katarzyna Małyszek,ksiwonia;mes-plugins/mes-plugins-cmms-machine-parts/src/main/java/com/qcadoo/mes/cmmsMachineParts/states/aop/listeners/PlannedEventStateChangeListenerAspect.java,Katarzyna Małyszek,Paweł Kochanowski;
bfb0e6e7d35b714329d4f58c321c73e73628ecf4,0,1,0,0,0.0,
a9fee64d60e1e68eadb228e8d20f8da50f81dd3e,0,2,0,0,0.0,
730bf6121d6b42d6b1dd6539e6b90f52708fcf47,0,1,0,0,0.0,
ae396eb23f53a7396bb5457bdcd69578d7ddafc2,0,1,0,0,0.0,
5ef52bcfdc7c3226031628c7f63530b5cbbb81d5,0,4,0,0,0.0,
3558c76194575e70bab6c4222f3df0f2a1894e07,0,1,0,0,0.0,
eaa73f351080a30e0cc9d135b455e83d92e62efd,0,1,0,0,0.0,
0906fd1a32cd72b83dcdb248b0a3a06c65c2a63b,0,1,0,0,0.0,
79276bd405811486e64e8bda2d97165a72d208c9,0,1,0,0,0.0,
23b6fb0a7f541dcbcf4731a3d0452c8002e9dfb2,0,1,0,0,0.0,
e3b637f55b57a99b5509d61d5d620927e8c0a6af,1,24,16,7,0.6666666666666666,mes-plugins/mes-plugins-production-counting/src/main/java/com/qcadoo/mes/productionCounting/states/listener/ProductionRecordBasicListenerService.java,Lukasz Poniewierski,Marcin Kubala;
925a05ad6190b36188cd061bb14ba700bf7a4f9d,0,1,0,0,0.0,
85807dce4f7417746f5fc2c11224d11e418a6c43,0,5,0,0,0.0,
3ce5b025d85d8b92fa71f09a1adc39561c7a7929,0,1,0,0,0.0,
2fbe6620658412c76abfd71f43487e7172c58f32,0,1,0,0,0.0,
8ef0b5112a63bd501f618e2a7feefc6d4485b49a,0,2,0,0,0.0,
ac84cbeca3d0ac5c33e87adaf156fc050287098b,1,2,1,0,0.5,mes-plugins/mes-plugins-orders/src/main/java/com/qcadoo/mes/orders/TechnologyServiceO.java,ksiwonia,Marcin Kubala;
0b6543c54ea93382f4b226680468139e56e685c8,0,23,0,0,0.0,
4e16574bdabb178b0230d792e12d7e1b57b95a0d,1,2,2,0,1.0,
79584273878c8ccb3d80580798da5407b928cb39,0,3,0,0,0.0,
84ce1bccb4f53d5a08fae57c18116cab63a5cdc5,0,3,0,0,0.0,
395cb2920c9f65f8270a09f41e263015bcb88740,0,1,0,0,0.0,
ed1be4cbe744e6ab24cecf408b6de7b43891e49f,0,3,0,0,0.0,
f70013f60a824fb22a5dc3e04bbca83f92eabd09,0,4,0,0,0.0,
15a40631f620fc4c7ac08d9964d49e9966a5b413,0,1,0,0,0.0,
3399ac07829a8bedec9445f5d4cf42c67d3f4b64,0,1,0,0,0.0,
dc8904b843555cc13d34d15e9d5c41575ecba868,0,1,0,0,0.0,
50ed7f6715b7ef6539e83ea30f23acfcce3d7679,0,2,0,0,0.0,
c7efded18686552a6c5ec7041024bf24c650caa2,1,6,0,0,0.0,mes-plugins/mes-plugins-material-flow-resources/src/main/resources/materialFlowResources/locales/materialFlowResources_pl.properties,ksiwonia,Katarzyna Małyszek;mes-plugins/mes-plugins-material-flow-resources/src/main/resources/materialFlowResources/locales/materialFlowResources_en.properties,ksiwonia,Katarzyna Małyszek;mes-plugins/mes-plugins-orders/src/main/resources/orders/locales/orders_en.properties,ksiwonia,Marcin Kubala;mes-plugins/mes-plugins-orders/src/main/resources/orders/locales/orders_pl.properties,ksiwonia,Marcin Kubala;mes-plugins/mes-plugins-work-plans/src/main/java/com/qcadoo/mes/workPlans/hooks/WorkPlansListHooks.java,ksiwonia,Marcin Kubala;mes-plugins/mes-plugins-cost-norms-for-materials/src/main/java/com/qcadoo/mes/costNormsForMaterials/CostNormsForMaterialsService.java,ksiwonia,Marcin Kubala;
97a8ad3da03010e5bd74064f1278ec6701f4f6b2,0,1,0,0,0.0,
e94bfb7ac90f7959d0a79562d367ac8aa06a3a0b,0,1,0,0,0.0,
c79d9fc703b18a65105695bc2edd8cd575aa5526,0,8,0,0,0.0,
168307c3edb63a8066828beb3eb8b4da1f968054,0,1,0,0,0.0,
01b2179275e0197f50a29677d239fa4728050f4b,0,1,0,0,0.0,
5ac098db60cab55b3d754b06e9027458dc6bba06,0,3,0,0,0.0,
ca93ce5614b6ee321f15d4f6ffba0033532459fb,0,1,0,0,0.0,
25f08217f360bb8a4bc0ca9176161ed05528d3b8,0,1,0,0,0.0,
1dcc6244339c9bf445a127e545c7b9fddb23ad2f,0,1,0,0,0.0,
fa5639fd96d1dc1df2c04d34fbdd437f248a0731,0,2,0,0,0.0,
452405c2d7454bc38b190c749427728be111c891,0,14,0,0,0.0,
93ef64754eb5d623eb93682da6df7d14489e5f6f,0,6,0,0,0.0,
90e1c7adcccc0f0a9cd1524711002cb977f75492,0,1,0,0,0.0,
424c565db12537ea754a8027a47a5632d16b6baf,0,1,0,0,0.0,
81b795093e36728e91a6ac126691b7e3997e7c99,0,1,0,0,0.0,
4f1b5b3f38f75d239a66767bd62064447e4aa492,0,1,0,0,0.0,
cdab6986e6cacfa34a11c71f748ff4c5a9a6b59c,0,2,0,0,0.0,
26057c6a5b4f919f9dab649c9570498bb7992c61,0,2,0,0,0.0,
bb63dd661108607a3192831b102dcb697080cbe9,0,3,0,0,0.0,
12353d4e429ac631ded69cd8e7add63c209ed8c8,0,1,0,0,0.0,
b978e6a7113d72d6bdd9c61fdd30291295fdb915,0,1,0,0,0.0,
0ad35c77078b9faa804a29abae25a7fca9c09779,0,1,0,0,0.0,
416e0b704c302c8fbdbcb3bbc7837cc48b6ec07c,1,92,17,17,0.18478260869565216,mes-plugins/mes-plugins-time-norms-for-operations/src/main/java/com/qcadoo/mes/timeNormsForOperations/listeners/OperationDetailsListenersTNFO.java,Lukasz Poniewierski,Marcin Kubala;mes-plugins/mes-plugins-tech-subcontracting/src/main/java/com/qcadoo/mes/techSubcontracting/aop/ProductQuantitiesServiceImplTSOverrideAspect.java,Marcin Kubala,ksiwonia;mes-plugins/mes-plugins-work-plans/src/main/resources/workPlans/model/workPlan.xml,Marcin Kubala,ksiwonia;mes-plugins/mes-plugins-time-norms-for-operations/src/main/java/com/qcadoo/mes/timeNormsForOperations/hooks/TechnologyOperationComponentDetailsHooks.java,Lukasz Poniewierski,Marcin Kubala;mes-plugins/mes-plugins-technologies/src/main/resources/qcadoo-plugin.xml,ksiwonia,Marcin Kubala;mes-application/pom.xml,Lukasz Poniewierski,ksiwonia;mes-plugins/mes-plugins-deliveries/src/main/java/com/qcadoo/mes/deliveries/hooks/CompanyHooksD.java,Lukasz Poniewierski,Marcin Kubala;mes-plugins/mes-plugins-production-counting-with-costs/src/main/java/com/qcadoo/mes/productionCountingWithCosts/pdf/ProductionBalanceWithCostsPdfService.java,Lukasz Poniewierski,ksiwonia;mes-plugins/mes-plugins-time-norms-for-operations/src/main/java/com/qcadoo/mes/timeNormsForOperations/hooks/OperationDetailsHooksTNFO.java,Lukasz Poniewierski,Marcin Kubala;mes-plugins/mes-plugins-production-counting/src/main/resources/productionCounting/view/productionRecordDetails.xml,Marcin Kubala,plistkiewicz;mes-plugins/mes-plugins-technologies/src/main/java/com/qcadoo/mes/technologies/print/TechnologiesTechnologyDetailsPdfView.java,Lukasz Poniewierski,ksiwonia;mes-plugins/mes-plugins-technologies/src/main/java/com/qcadoo/mes/technologies/constants/TechnologiesConstants.java,Lukasz Poniewierski,Marcin Kubala;mes-plugins/mes-plugins-production-counting/src/main/java/com/qcadoo/mes/productionCounting/listeners/ProductionRecordDetailsHooks.java,lponiewierski,Marcin Kubala;mes-plugins/mes-plugins-production-counting-with-costs/src/main/resources/qcadoo-plugin.xml,Lukasz Poniewierski,ksiwonia;mes-plugins/mes-plugins-time-norms-for-operations/src/main/java/com/qcadoo/mes/timeNormsForOperations/hooks/TechnologyOperationComponentHooksTNFO.java,Lukasz Poniewierski,Marcin Kubala;mes-plugins/mes-plugins-basic/src/main/java/com/qcadoo/mes/basic/StaffService.java,ksiwonia,Marcin Kubala;mes-plugins/mes-plugins-operation-time-calculations/pom.xml,Lukasz Poniewierski,Marcin Kubala;mes-plugins/mes-plugins-basic-production-counting/src/main/java/com/qcadoo/mes/basicProductionCounting/BasicProductionCountingServiceImpl.java,Lukasz Poniewierski,Marcin Kubala;mes-plugins/mes-plugins-time-norms-for-operations/src/main/java/com/qcadoo/mes/timeNormsForOperations/listeners/TechnologyOperCompDetailsListenersTNFO.java,Lukasz Poniewierski,Marcin Kubala;mes-plugins/mes-plugins-technologies/src/main/resources/technologies/view/operationDetails.xml,ksiwonia,plistkiewicz;mes-plugins/mes-plugins-production-counting/src/main/java/com/qcadoo/mes/productionCounting/listeners/ProductionRecordDetailsListeners.java,lponiewierski,Marcin Kubala;mes-plugins/mes-plugins-deliveries/src/main/java/com/qcadoo/mes/deliveries/print/OrderReportPdf.java,Lukasz Poniewierski,ksiwonia;mes-plugins/mes-plugins-work-plans/src/main/resources/workPlans/view/workPlanDetails.xml,Lukasz Poniewierski,plistkiewicz;mes-plugins/mes-plugins-basic/src/main/java/com/qcadoo/mes/basic/constants/WorkstationTypeFields.java,lponiewierski,Marcin Kubala;mes-plugins/mes-plugins-basic-production-counting/src/main/java/com/qcadoo/mes/basicProductionCounting/BasicProductionCountingService.java,Lukasz Poniewierski,Marcin Kubala;mes-application/conf/muffinka/log4j.xml,Lukasz Poniewierski,Marcin Kubala;mes-plugins/mes-plugins-deliveries/src/main/resources/qcadoo-plugin.xml,Lukasz Poniewierski,Marcin Kubala;mes-plugins/mes-plugins-deliveries/src/main/java/com/qcadoo/mes/deliveries/states/constants/DeliveryStateChangeFields.java,Lukasz Poniewierski,Marcin Kubala;mes-plugins/mes-plugins-work-plans/src/main/java/com/qcadoo/mes/workPlans/constants/ParameterFieldsWP.java,Marcin Kubala,ksiwonia;mes-plugins/mes-plugins-production-counting/src/test/java/com/qcadoo/mes/productionCounting/internal/ProductionRecordViewServiceTest.java,lponiewierski,Marcin Kubala;mes-plugins/mes-plugins-orders/src/main/java/com/qcadoo/mes/orders/constants/OrderFields.java,Lukasz Poniewierski,ksiwonia;mes-plugins/mes-plugins-work-plans/src/main/resources/qcadoo-plugin.xml,lponiewierski,ksiwonia;mes-plugins/mes-plugins-cost-calculation/src/main/java/com/qcadoo/mes/costCalculation/print/CostCalculationPdfService.java,Lukasz Poniewierski,ksiwonia;mes-plugins/mes-plugins-production-counting/src/main/resources/productionCounting/locales/productionCounting_pl.properties,Lukasz Poniewierski,ksiwonia;mes-plugins/mes-plugins-simple-material-balance/src/main/java/com/qcadoo/mes/simpleMaterialBalance/internal/print/SimpleMaterialBalancePdfService.java,Marcin Kubala,ksiwonia;mes-plugins/mes-plugins-technologies/src/main/resources/technologies/view/technologyDetails.xml,Lukasz Poniewierski,plistkiewicz;mes-plugins/mes-plugins-material-requirements/src/main/resources/materialRequirements/view/materialRequirementDetails.xml,Marcin Kubala,plistkiewicz;mes-plugins/mes-plugins-production-counting-with-costs/src/main/resources/productionCountingWithCosts/locales/productionCountingWithCosts_pl.properties,Lukasz Poniewierski,Marcin Kubala;mes-plugins/mes-plugins-master-orders/src/main/java/com/qcadoo/mes/masterOrders/listeners/MasterOrderDetailsListeners.java,ksiwonia,Łukasz Poniewierski;mes-plugins/mes-plugins-production-counting/src/main/java/com/qcadoo/mes/productionCounting/internal/ProductionRecordViewService.java,lponiewierski,Marcin Kubala;mes-plugins/mes-plugins-work-plans/src/main/java/com/qcadoo/mes/workPlans/hooks/WorkPlanViewHooks.java,Marcin Kubala,ksiwonia;mes-plugins/mes-plugins-production-counting-with-costs/src/main/java/com/qcadoo/mes/productionCountingWithCosts/constants/ProductionBalanceFieldsPCWC.java,Lukasz Poniewierski,Marcin Kubala;mes-plugins/mes-plugins-production-counting-with-costs/src/main/resources/productionCountingWithCosts/locales/productionCountingWithCosts_en.properties,Lukasz Poniewierski,ksiwonia;mes-plugins/mes-plugins-orders/src/main/resources/orders/view/ordersList.xml,Lukasz Poniewierski,Marcin Kubala;mes-plugins/mes-plugins-basic/src/main/java/com/qcadoo/mes/basic/CompanyService.java,Lukasz Poniewierski,Marcin Kubala;mes-plugins/mes-plugins-technologies/src/main/resources/technologies/locales/technologies_en.properties,Lukasz Poniewierski,Marcin Kubala;mes-plugins/mes-plugins-production-counting/src/main/java/com/qcadoo/mes/productionCounting/states/aop/listener/ProductionCountingOrderStatesListenerAspect.java,ksiwonia,Marcin Kubala;mes-plugins/mes-plugins-deliveries/src/main/java/com/qcadoo/mes/deliveries/hooks/DeliveryDetailsHooks.java,Lukasz Poniewierski,Marcin Kubala;mes-plugins/mes-plugins-production-counting/src/main/java/com/qcadoo/mes/productionCounting/internal/ProductionRecordService.java,Marcin Kubala,ksiwonia;mes-plugins/mes-plugins-production-counting/src/main/resources/qcadoo-plugin.xml,Lukasz Poniewierski,ksiwonia;mes-plugins/mes-plugins-technologies/src/main/resources/technologies/locales/technologies_pl.properties,ksiwonia,Marcin Kubala;mes-plugins/mes-plugins-work-plans/src/test/java/com/qcadoo/mes/workPlans/print/WorkPlanPdfServiceTest.java,lponiewierski,ksiwonia;mes-plugins/mes-plugins-deliveries/src/main/java/com/qcadoo/mes/deliveries/print/DeliveryReportPdf.java,Lukasz Poniewierski,ksiwonia;mes-plugins/mes-plugins-production-counting/src/main/java/com/qcadoo/mes/productionCounting/internal/print/ProductionCountingPdfService.java,Marcin Kubala,ksiwonia;mes-plugins/mes-plugins-time-norms-for-operations/src/main/java/com/qcadoo/mes/timeNormsForOperations/NormService.java,Lukasz Poniewierski,Marcin Kubala;mes-plugins/mes-plugins-samples/src/main/java/com/qcadoo/mes/samples/loader/TestSamplesLoader.java,ksiwonia,Marcin Kubala;mes-plugins/mes-plugins-production-scheduling/src/main/java/com/qcadoo/mes/productionScheduling/OrderTimePredictionService.java,Lukasz Poniewierski,Marcin Kubala;mes-plugins/mes-plugins-production-per-shift/src/main/java/com/qcadoo/mes/productionPerShift/hooks/ProductionPerShiftDetailsHooks.java,Lukasz Poniewierski,Marcin Kubala;mes-plugins/mes-plugins-technologies/src/main/java/com/qcadoo/mes/technologies/states/listener/TechnologyValidationService.java,Lukasz Poniewierski,Marcin Kubala;mes-application/conf/muffinka/mail.properties,Lukasz Poniewierski,Marcin Kubala;
0bc92939362bd28de84baced50e0d7de1110307f,1,40,11,2,0.275,mes-plugins/mes-plugins-crud/src/main/resources/META-INF/js/crud/qcd/components/elements/grid/gridHeader.js,Michal Nawalany,Maciej Szczytowski;mes-plugins/mes-plugins-crud/src/test/java/com/qcadoo/mes/crud/CrudControllerTest.java,Michal Nawalany,Maciej Szczytowski;mes-plugins/mes-plugins-products/src/main/resources/locales/products_en.properties,Michal Nawalany,Maciej Szczytowski;mes-plugins/mes-plugins-crud/src/main/resources/META-INF/WEB-INF/jsp/crud/components/elements/checkBox.jsp,Michal Nawalany,Maciej Szczytowski;mes-core/src/main/java/com/qcadoo/mes/api/ViewDefinitionService.java,Michal Nawalany,Maciej Szczytowski;mes-plugins/mes-plugins-crud/src/main/resources/META-INF/js/crud/qcd/components/containers/form.js,Michal Nawalany,Maciej Szczytowski;mes-core/src/main/resources/com/qcadoo/mes/core/web-context.xml,Michal Nawalany,Maciej Szczytowski;mes-plugins/mes-plugins-user-management/src/main/resources/view.xml,Michal Nawalany,Maciej Szczytowski;mes-plugins/mes-plugins-crud/src/main/resources/META-INF/WEB-INF/jsp/crud/components/elements/textArea.jsp,Michal Nawalany,Maciej Szczytowski;mes-plugins/mes-plugins-plugin-management/src/main/resources/locales/plugins_pl.properties,Michal Nawalany,Maciej Szczytowski;mes-plugins/mes-plugins-plugin-management/src/main/java/com/qcadoo/mes/plugins/controller/PluginManagementController.java,Michal Nawalany,Maciej Szczytowski;mes-core/src/main/java/com/qcadoo/mes/internal/MenuServiceImpl.java,Michal Nawalany,Maciej Szczytowski;mes-core/src/main/java/com/qcadoo/mes/view/ViewDefinition.java,Michal Nawalany,Maciej Szczytowski;mes-plugins/mes-plugins-plugin-management/src/main/resources/locales/plugins_en.properties,Michal Nawalany,Maciej Szczytowski;mes-plugins/mes-plugins-plugin-management/src/main/resources/view.xml,Michal Nawalany,Maciej Szczytowski;mes-plugins/mes-plugins-products/src/main/java/com/qcadoo/mes/products/ProductService.java,Michal Nawalany,Maciej Szczytowski;mes-plugins/mes-plugins-user-management/src/main/java/com/qcadoo/mes/users/UserService.java,Michal Nawalany,Maciej Szczytowski;mes-application/src/main/webapp/WEB-INF/locales/messages_en.properties,Michal Nawalany,Maciej Szczytowski;mes-plugins/mes-plugins-menu-management/src/main/java/com/qcadoo/mes/menu/MenuService.java,Michal Nawalany,Maciej Szczytowski;mes-application/src/main/webapp/WEB-INF/locales/messages_pl.properties,Michal Nawalany,Maciej Szczytowski;mes-application/src/main/java/com/qcadoo/mes/application/DatabasePreparationService.java,Michal Nawalany,Maciej Szczytowski;mes-plugins/mes-plugins-dictionary-management/src/main/resources/locales/dictionaries_en.properties,Michal Nawalany,Maciej Szczytowski;mes-plugins/mes-plugins-products/src/main/resources/locales/products_pl.properties,Michal Nawalany,Maciej Szczytowski;mes-plugins/mes-plugins-crud/src/main/resources/META-INF/WEB-INF/jsp/crud/components/component.jsp,Michal Nawalany,Maciej Szczytowski;mes-plugins/mes-plugins-crud/src/main/resources/META-INF/WEB-INF/jsp/crud/components/containers/form.jsp,Michal Nawalany,Maciej Szczytowski;mes-plugins/mes-plugins-crud/src/main/resources/META-INF/WEB-INF/jsp/crud/components/elements/lookup.jsp,Michal Nawalany,Maciej Szczytowski;mes-plugins/mes-plugins-crud/src/main/resources/META-INF/WEB-INF/jsp/crud/components/elements/calendar.jsp,Michal Nawalany,Maciej Szczytowski;
e80a8eb10301fa233c080ff40e5cecde152d6ad8,0,2,0,0,0.0,
65fdfe6ba12957a8fee1cf685392ead059a07a8f,0,1,0,0,0.0,
b17be29aee3fb75adb78fe0addb3165f64adfb4a,0,4,0,0,0.0,
36cfdde63d65e2bd4d47e2e9be644d75669b68c6,0,10,0,0,0.0,
59f2d2a925570dfe564c12a6858b451bb43bcc94,0,1,0,0,0.0,
5f06e24d4d20ff54bc21c7bdb2cc1a41051156f1,0,1,0,0,0.0,
1d5d6b1a8b422ad2c3b8bd4091cb821be13f5a7d,0,1,0,0,0.0,
663b6c47d2d6565da8c304ddcdcd075de50f3c41,0,2,0,0,0.0,
6c63bdd27356aee63067fa7a0a94a957e56e9dd3,0,2,0,0,0.0,
6a7048b8a1b3ab26360d5f72403830d90e044378,0,2,0,0,0.0,
9e0464a3d8aebab98bc01b9f68296b4d20c814cf,0,1,0,0,0.0,
3eeb113204fd2a242ec1d2bcb2883f24c2e4ebf9,0,1,0,0,0.0,
0b6e3434734a90ae3edb4327f3b9f5d149fa9838,0,1,0,0,0.0,
c92e64705cd0b35f732db3a08e7c8ab590143e51,0,1,0,0,0.0,
fba80d71b8d9fbe6cf6fb238288d76c3766d7df1,0,1,0,0,0.0,
fdb57d8a972a86c9160cc4901dfbfe363d821d64,2,43,5,7,0.11627906976744186,mes-plugins/mes-plugins-production-counting/src/main/java/com/qcadoo/mes/productionCounting/internal/ProductionBalanceViewService.java,Alina Brauer,Lukasz Poniewierski;mes-plugins/mes-plugins-orders/src/main/resources/orders/report/order.jrxml,Alina Brauer,Marcin Kubala;mes-plugins/mes-plugins-production-counting/src/main/resources/productionCounting/locales/productionCounting_en.properties,Kamil Siwonia,Lukasz Poniewierski;mes-plugins/mes-plugins-orders/src/main/resources/orders/locales/orders_en.properties,Lukasz Poniewierski,Marcin Kubala;mes-application/sql/1.2.1/upgrade_mes2.sql,Alina Brauer,Lukasz Poniewierski;mes-plugins/mes-plugins-cost-calculation/src/main/java/com/qcadoo/mes/costCalculation/print/CostCalculationPdfService.java,Marcin Kubala,Kamil Siwonia;mes-plugins/mes-plugins-production-counting/src/main/resources/productionCounting/locales/productionCounting_pl.properties,Kamil Siwonia,Lukasz Poniewierski;mes-plugins/mes-plugins-production-counting-with-costs/src/main/java/com/qcadoo/mes/productionCountingWithCosts/pdf/ProductionBalanceWithCostsPdfService.java,Kamil Siwonia,Lukasz Poniewierski;mes-plugins/mes-plugins-simple-material-balance/src/main/java/com/qcadoo/mes/simpleMaterialBalance/internal/print/SimpleMaterialBalancePdfService.java,Kamil Siwonia,Marcin Kubala;mes-plugins/mes-plugins-samples/src/main/java/com/qcadoo/mes/samples/loader/MinimalSamplesLoader.java,Kamil Siwonia,Lukasz Poniewierski;mes-plugins/mes-plugins-basic-production-counting/src/main/resources/basicProductionCounting/model/basicProductionCounting.xml,Lukasz Poniewierski,Kamil Siwonia;mes-plugins/mes-plugins-production-counting/src/test/java/com/qcadoo/mes/productionCounting/internal/ProductionRecordServiceTest.java,Kamil Siwonia,Lukasz Poniewierski;mes-plugins/mes-plugins-technologies/src/main/java/com/qcadoo/mes/technologies/ProductQuantitiesServiceImpl.java,Alina Brauer,Marcin Kubala;mes-plugins/mes-plugins-production-counting-with-costs/src/main/resources/qcadoo-plugin.xml,Kamil Siwonia,Lukasz Poniewierski;mes-plugins/mes-plugins-basic-production-counting/src/main/resources/basicProductionCounting/model/productionCountingQuantity.xml,Kamil Siwonia,Marcin Kubala;mes-plugins/mes-plugins-technologies/src/main/java/com/qcadoo/mes/technologies/validators/TechnologyValidators.java,Alina Brauer,Kamil Siwonia;mes-plugins/mes-plugins-work-plans/src/main/java/com/qcadoo/mes/workPlans/print/WorkPlanPdfService.java,Kamil Siwonia,Lukasz Poniewierski;mes-plugins/mes-plugins-production-counting/src/main/java/com/qcadoo/mes/productionCounting/internal/ProductionRecordService.java,Kamil Siwonia,Lukasz Poniewierski;mes-plugins/mes-plugins-samples/src/main/java/com/qcadoo/mes/samples/loader/AbstractSamplesLoader.java,Kamil Siwonia,Lukasz Poniewierski;mes-plugins/mes-plugins-samples/src/main/java/com/qcadoo/mes/samples/constants/SamplesConstants.java,Kamil Siwonia,Lukasz Poniewierski;mes-plugins/mes-plugins-time-norms-for-operations/src/main/resources/qcadoo-plugin.xml,Lukasz Poniewierski,Marcin Kubala;mes-plugins/mes-plugins-production-counting/src/main/java/com/qcadoo/mes/productionCounting/internal/print/ProductionCountingPdfService.java,Kamil Siwonia,Lukasz Poniewierski;mes-plugins/mes-plugins-production-counting/src/main/java/com/qcadoo/mes/productionCounting/hooks/ProductionRecordModelHooks.java,Alina Brauer,Lukasz Poniewierski;mes-plugins/mes-plugins-orders/src/main/resources/orders/locales/orders_pl.properties,Lukasz Poniewierski,Marcin Kubala;mes-plugins/mes-plugins-samples/src/main/java/com/qcadoo/mes/samples/loader/TestSamplesLoader.java,Kamil Siwonia,Lukasz Poniewierski;mes-plugins/mes-plugins-master-orders/src/main/resources/masterOrders/locales/masterOrders_en.properties,Alina Brauer,Kamil Siwonia;mes-plugins/mes-plugins-production-per-shift/src/main/java/com/qcadoo/mes/productionPerShift/hooks/ProductionPerShiftDetailsHooks.java,Alina Brauer,Lukasz Poniewierski;mes-plugins/mes-plugins-basic-production-counting/src/main/java/com/qcadoo/mes/basicProductionCounting/aop/BpcOrderStateListenerAspect.java,Marcin Kubala,Lukasz Poniewierski;mes-plugins/mes-plugins-deliveries/src/main/java/com/qcadoo/mes/deliveries/DeliveriesServiceImpl.java,Kamil Siwonia,Lukasz Poniewierski;mes-plugins/mes-plugins-production-per-shift/src/main/java/com/qcadoo/mes/productionPerShift/listeners/ProductionPerShiftListeners.java,Marcin Kubala,Lukasz Poniewierski;mes-plugins/mes-plugins-technologies/src/main/java/com/qcadoo/mes/technologies/constants/TechnologyFields.java,Marcin Kubala,Lukasz Poniewierski;
765ec312714436c58706a2f4d0cfe73b9aea72b6,0,2,0,0,0.0,
fcd9961670c6553a66c37c5c92cdf74e1ffe0459,0,1,0,0,0.0,
e670d98cb57b9bb6422c7b02893c3ae83b16c035,0,1,0,0,0.0,
ce2438556776fde915759fe0a62d205bce367c45,0,1,0,0,0.0,
a8a5a6e8324e02f2fce97ad40cdae3b8ff00ef59,0,1,0,0,0.0,
5899d65095fc1162a6773a94137013746b3cd05f,0,2,0,0,0.0,
6e8bf993ddfae4dd2267d220d9f36e40d7b5f298,0,2,0,0,0.0,
7b7d77d41aad74c6863419e44fe10ee1195f40f7,0,3,0,0,0.0,
6a18828dbc04b7b1eab0c414f2216e1f63c990d5,0,1,0,0,0.0,
4fc8980b0c3465f6f0f3046ca64d31887ab0e920,0,1,0,0,0.0,
30133ab502d7c3c754f258bdfa503b483fd83e85,0,5,0,0,0.0,
af245ad8a6a502d7f8c59e6d39455a6c37d5f4ce,0,1,0,0,0.0,
cf656463a924ceea5eaf325d4809bdf0b4680b99,0,1,0,0,0.0,
05535e7a8947ec35e36bc0732c06fc1ef0c91d11,1,2,0,0,0.0,mes-plugins/mes-plugins-technologies/src/main/resources/qcadoo-plugin.xml,Marcin Kubala,ksiwonia;mes-plugins/mes-plugins-orders/src/main/java/com/qcadoo/mes/orders/TechnologyServiceO.java,Marcin Kubala,ksiwonia;
733a3a82ef480189dcb2bce64ce6d7351b742901,0,1,0,0,0.0,
65192902b16d21369bbf57f754921b5b4618f7b5,0,1,0,0,0.0,
1c66bf08a4b27715b3bc6cb783dc649a0169a102,0,1,0,0,0.0,
e0dc72365520234706cc4acec6d6d9f8059c086b,0,6,0,0,0.0,
6fba21537ad30878873574ebcf5f220c45d016f5,0,1,0,0,0.0,
1214787779b6e3fb823aff213991758cf05e8c95,0,2,0,0,0.0,
dffbef7e44b778c4278780d4f7b415540c74abba,0,1,0,0,0.0,
e7870cd361c296b6d6126c7c4f6a2b4ada5cc3c2,0,1,0,0,0.0,
f8c4441a8d83f592dced1f1f7f3bb6dd1ade6073,0,1,0,0,0.0,
9b5329115fad46695743999bd20e6d3b3fce4385,0,2,0,0,0.0,
f48bd3350aa16a4143ec57dc4593e7add46032d2,0,1,0,0,0.0,
dc15ecb4e7314f5a666e2d01f5258d7427b25a4f,1,8,8,0,1.0,
2c6b71e73e1bb5ca2e87c2b32ea0517941fd8918,0,2,0,0,0.0,
ea8acc9e4c03c22ddf08d90d73a6659fed0eb7fb,0,3,0,0,0.0,
94a77bd544dafc8e788ede4b6e90dc690d5d9bf6,0,2,0,0,0.0,
62f04bd1a339e6fdc4b662da5db53077aece8f74,0,3,0,0,0.0,
fa7c817933869f833659fc4f5176c91f27143f7c,0,1,0,0,0.0,
213c231ef99de67151eee5963c4dc0f14abdda28,0,1,0,0,0.0,
0ffe1de3baeacec51ff203670549de24c665dc4a,1,1,1,0,1.0,
661e4d9a2e206526e0b3d3f74445d7228eae3b90,0,1,0,0,0.0,
9c51fc1fe3fd3ca3fde88d37eb1763ccfeb3e925,0,2,0,0,0.0,
0745699424d7ce6919b383f75be6c6a39e231e12,0,1,0,0,0.0,
0fd13c7ed2dd7df25012f5c97430a2d5aa2d312f,0,1,0,0,0.0,
8d50edba0a8448d92fddc120e1a0d247f414e6fb,0,1,0,0,0.0,
