Hash,Devs intersection,Conflicted files,Conflicted files caused by same dev,Null files,Conflicted files caused by same dev / Conflicted files
6f608bf25a4db248f4a01ff9c1963c7c9ad00445,1,3,3,0,1.0,
9fb4dca85df6ce23e9a8e1988ac16baaee5799e7,1,4,3,0,0.75,src/uk/me/parabola/imgfmt/app/trergn/LinePreparer.java,robert,steve;
d9f29a23ad2121a12923f9544c60bcbf59b2c338,1,1,0,0,0.0,src/uk/me/parabola/imgfmt/Utils.java,steve,gerd;
cd81bbb265f684e740eb05c7f0cec1a95798a11d,1,3,3,0,1.0,
a361d304e9e9589fd59d774e950270c540da69ac,1,1,1,0,1.0,
734a9f373ec634bc80665593bab101ae4ef0559d,1,7,1,0,0.14285714285714285,src/uk/me/parabola/mkgmap/osmstyle/actions/AddTagAction.java,wanmil,steve;src/uk/me/parabola/mkgmap/osmstyle/StyledConverter.java,wanmil,gerd;scripts/download/mksnap,wanmil,steve;test/func/SimpleTest.java,wanmil,steve;test/func/route/SimpleRouteTest.java,wanmil,gerd;src/uk/me/parabola/mkgmap/osmstyle/RuleFileReader.java,wanmil,gerd;
d44f2574794fba71bba56c12c6d290234d356cec,1,4,2,0,0.5,src/uk/me/parabola/mkgmap/osmstyle/function/FunctionFactory.java,wanmil,steve;test/uk/me/parabola/mkgmap/osmstyle/RuleFileReaderTest.java,wanmil,steve;
33197de95c18a60a6475e8e6e05d10ca96d26d8a,1,1,0,0,0.0,src/uk/me/parabola/imgfmt/app/mdr/Mdr7.java,gerd,steve;
26c179a9345368534c29421b31c47b74b8aed5a8,1,1,0,0,0.0,src/uk/me/parabola/mkgmap/reader/osm/MultiPolygonRelation.java,steve,marko;
f75bf6a338afc604cc66f4b9a46a7f8d2179f4e1,1,1,1,0,1.0,
95f7da55462814733737fb44588621a8d914f8d6,2,1,1,0,1.0,
972bf8a67bc63f2a83fc22b4c7f09be0ca2c180e,1,6,5,0,0.8333333333333334,src/uk/me/parabola/mkgmap/reader/osm/Osm5XmlHandler.java,steve,elrond;
6618864ba14d944369bfa990004ff2f539186cb5,2,8,7,1,0.875,
d81e7a65f3ecd295e0aefd6b3977e51bb6cebf88,1,1,0,0,0.0,src/uk/me/parabola/mkgmap/osmstyle/StyledConverter.java,gerd,wanmil;
710ae16846437e820a539ca4b6da0d4294437b3c,1,2,2,0,1.0,
50997e6a3b2941d1308171f56293e6788bba04ab,1,3,3,0,1.0,
89d7c2f9c7af49de05ef55fc41c8245d5674854f,2,1,1,0,1.0,
36fcc0e9e7d769e9a436d4d37b3c9ce44ef0c740,0,3,0,0,0.0,
aeb950cd3b52458b532d84a910db6c7b42329ec6,1,1,1,0,1.0,
fef67c2e026217fbab2a0f6e5cadde5be7ce0f4f,1,1,1,0,1.0,
7c9d8eff7a81d2f5219747c87a46e6cfbb998e7e,1,1,1,0,1.0,
2e31bc5f49f3027a90a32b3f57cf23d29093e38c,1,2,2,0,1.0,
149583d2908419f4fc96cedb98c52b385647d8a4,1,4,3,0,0.75,resources/styles/default/polygons,wanmil,marko;
2830070ce3859c67ba025b05408368f7109db9fb,1,8,8,0,1.0,
156febc15347cd9a0d3d6701d59172641233fa06,1,5,2,0,0.4,src/uk/me/parabola/imgfmt/app/srt/Sort.java,steve,gerd;src/uk/me/parabola/imgfmt/app/mdr/Mdr7.java,steve,gerd;.idea/runConfigurations/mkgmap.xml,steve,gerd;
1392edd57e51f5e96cf79ac1c3e0274586bfe5e6,1,1,0,0,0.0,src/uk/me/parabola/mkgmap/osmstyle/StyledConverter.java,gerd,wanmil;
0846ab9c61049a4d2592be3a878b6d00eba5ab52,2,3,3,0,1.0,
b59e3e1782a052803a6d80cb7bd60e379e4fbe3a,1,1,1,0,1.0,
dc7c9bc4fd69c477b9814ba115b97c55e0e7dbbd,1,6,6,0,1.0,
35486eda40418ee47962d05036d972ead8fa0a50,1,1,0,0,0.0,src/uk/me/parabola/mkgmap/reader/osm/xml/Osm5XmlHandler.java,markb,steve;
54346fcd76cee4bb841815773d3a13d59db82e20,2,1,1,0,1.0,
5e98eb352142715de3b2f7648b3259171fb1e012,1,1,0,0,0.0,src/uk/me/parabola/imgfmt/app/net/RoadNetwork.java,gerd,steve;
4a3af44deb6e207d2f814e42703b2fcf2ba84044,1,11,6,0,0.5454545454545454,src/uk/me/parabola/mkgmap/reader/osm/GType.java,steve,markb;src/uk/me/parabola/mkgmap/osmstyle/StyledConverter.java,steve,marko;src/uk/me/parabola/mkgmap/osmstyle/TypeReader.java,steve,markb;src/uk/me/parabola/mkgmap/osmstyle/RuleSet.java,steve,markb;src/uk/me/parabola/mkgmap/osmstyle/actions/ActionReader.java,steve,marko;
8869d484a678e8a60ad32813803d54aca687f8c0,1,1,0,0,0.0,test/func/route/SimpleRouteTest.java,steve,wanmil;
2793379b5217de1ad8d8f2a84768dc98bb7f7636,1,2,2,0,1.0,
62f7a62c5d79a5629c656fdf4b4b752803ef5858,1,13,3,0,0.23076923076923078,src/uk/me/parabola/util/QuadTree.java,steve,wanmil;src/uk/me/parabola/mkgmap/reader/osm/SeaPolygonRelation.java,steve,wanmil;src/uk/me/parabola/mkgmap/reader/osm/CoastlineElementSaver.java,steve,wanmil;src/uk/me/parabola/mkgmap/reader/osm/bin/OsmBinCoastDataSource.java,steve,wanmil;src/uk/me/parabola/mkgmap/reader/osm/SeaGenerator.java,steve,wanmil;src/uk/me/parabola/util/Java2DConverter.java,steve,wanmil;src/uk/me/parabola/util/QuadTreeNode.java,steve,wanmil;src/uk/me/parabola/util/GpxCreator.java,steve,wanmil;src/uk/me/parabola/mkgmap/reader/osm/CoastlineFileLoader.java,steve,wanmil;src/uk/me/parabola/mkgmap/reader/osm/xml/Osm5CoastDataSource.java,steve,wanmil;
d5079d527a26017bba13682586506442b65fa006,1,2,2,0,1.0,
cc5fcb5260cd61058bbd6c2eb5b76b1aa2c4cdcb,1,1,1,0,1.0,
1a8560a9e02ccd936d36e6dd4afb9e5d1cbeed08,2,7,7,0,1.0,
f3ef89dfb4cb44fd55c0af0fef1bc9afc1acc6b1,1,1,1,0,1.0,
144a07b242d311bed8e74efef1566106d2e052f4,1,1,0,0,0.0,src/uk/me/parabola/mkgmap/osmstyle/StyledConverter.java,wanmil,gerd;
ddb08765559c8c1d576edc2dcb412ca33e4ea8f0,1,6,6,0,1.0,
