Hash,Merge timestamp,Branching time,Merge isolation time,Devs 1,Devs 2,Different devs,Same devs,Devs intersection,Commits 1,Commits 2,Changed files 1,Changed files 2,Changed files intersection,Has conflict?,Conflicted Files,Chunks
dc32c6ad79fcd08b87f14c368a16a735f5a7e802,2014-11-10 18:59:16 -0500,184.7691088,194.9346528,1,1,2,1,2,38,9,163,28,1,YES,6,9
d1c39fbc77d8a8037becea80167653b38070c12c,2013-10-20 19:19:02 -0400,10.8408102,12.1233565,1,1,2,1,2,6,2,21,4,1,YES,1,1
1638b497f0f10a18788f04e74591dec4c80f6f0f,2015-03-02 17:52:20 -0500,192.2560880,261.9321644,2,1,3,1,1,57,11,180,24,1,YES,9,11
e81667d6d46016ee76d4c0e1bf8ddb0fbfc71e7b,2011-10-25 23:16:50 +0200,0.2112847,0.4335995,1,1,2,0,0,1,1,5,6,1,YES,2,5
274d29b31d7db7ebc13813e7412b7e9fdb5fdcfd,2011-11-03 22:26:05 +0100,0.9687037,1.1380440,1,1,2,1,2,2,1,31,15,1,YES,3,5
763589e2b471da1199406604e59933c987c50bc9,2014-04-23 20:06:40 -0400,27.7922801,29.1991204,1,1,2,1,2,1,20,6,201,1,YES,2,5
