Hash,Devs intersection,Conflicted files,Conflicted files caused by same dev,Null files,Conflicted files caused by same dev / Conflicted files
a839b888e900811d5f11e77b066271e901c031fc,0,1,0,0,0.0,
30f4d70392a2e56ccb71682430680c74384be527,0,1,0,0,0.0,
e4a84852600601bf58dc9243d74b30e70a28f3ef,0,1,0,0,0.0,
1cd7eac97425936e59f1cfb52764d28083ebf0da,1,1,1,0,1.0,
150c6ca85e81ffe513ccdf1f2ad73cce7ff55a77,0,7,0,0,0.0,
b68a75d3bec60008a1791c1825988eec6df836bb,2,5,5,0,1.0,
368d41312d5102f80719ab7beba833b0679fb775,0,1,0,0,0.0,
635c5d06190e8dd4ec11896151b419eaa8023446,1,1,1,0,1.0,
7cd9e7602f2c6547537f1910f3d814b414a87854,1,1,1,0,1.0,
ddc7e6f12532b08b3e7a4c86706c95ad888a30d8,1,2,1,0,0.5,msgpack-jackson/src/main/java/org/msgpack/jackson/dataformat/MessagePackExtendedType.java,Mitsunori Komatsu,Taro L. Saito;
83383573ade7d96602c4da15f9900f5deae77b5b,0,1,0,0,0.0,
cc2ea00f782aca9d02d642545888509be5637a71,1,1,0,0,0.0,msgpack-core/src/main/java/org/msgpack/core/buffer/MessageBuffer.java,Taro L. Saito,Mitsunori Komatsu;
a58208589a2e0a8ba6763a0d88a5fba840d2f7c1,2,1,0,0,0.0,msgpack-jackson/src/main/java/org/msgpack/jackson/dataformat/MessagePackParser.java,Taro L. Saito,Mitsunori Komatsu;
b8e51a63fa1bcf86bcbef5ec0a361d16704505e8,1,1,1,0,1.0,
71452c48864e59beec1b8170b244ee4b979d53ad,2,2,2,0,1.0,
