Hash,Merge timestamp,Branching time,Merge isolation time,Devs 1,Devs 2,Different devs,Same devs,Devs intersection,Commits 1,Commits 2,Changed files 1,Changed files 2,Changed files intersection,Has conflict?,Conflicted Files,Chunks
5c78f8c8b6fa04ec65411152e81a57f9e8a1c871,2011-08-12 19:40:22 +0400,0.0275231,4.0468403,1,1,2,0,0,1,2,3,26,1,YES,1,4
1da136fc42b81ae4fad1b101bbbc46075c446076,2011-05-28 15:39:52 +0400,1.0133218,2.6942940,1,1,2,0,0,2,2,20,10,1,YES,1,1
8d27f6898d376011c3de7053d0abe0a9d31d8dff,2011-05-24 23:03:29 +0300,0.1143287,0.1277315,1,1,2,0,0,1,3,3,7,1,YES,1,1
255820f6bff7e77b31ed745ca4e8e0d497026d0b,2011-05-29 22:15:53 +0400,0.4442593,1.2333565,1,1,2,0,0,5,4,36,18,1,YES,3,2
5f461a56fd8cbd7f9cc2ed4d3539f6d8525044c8,2011-05-23 21:30:00 +0300,0.5348727,1.0998843,1,1,2,0,0,3,2,5,4,1,YES,1,1
