Hash,Merge timestamp,Branching time,Merge isolation time,Devs 1,Devs 2,Different devs,Same devs,Devs intersection,Commits 1,Commits 2,Changed files 1,Changed files 2,Changed files intersection,Has conflict?,Conflicted Files,Chunks
6d9901990abe131ff7851498671092bbf8c425ea,2011-01-04 18:09:53 +0600,11.8632176,17.9788657,1,1,2,0,0,3,4,13,13,1,YES,2,1
bc842b7304092ec47252c6374279bfb3e11c7862,2011-06-01 22:27:48 +0300,3.9196181,4.2472917,2,1,3,0,0,46,5,470,44,1,YES,2,4
8a268e9cad77c222c367384bb69ad632c71201f1,2011-05-07 15:37:12 +0300,11.8101852,19.8162963,1,1,2,0,0,13,2,446,360,1,YES,11,19
10d552255955630e9495d2c1c8f794253349336f,2011-04-17 23:01:44 +0600,0.1934491,0.2087037,1,1,2,1,2,5,1,8,3,1,YES,1,4
