Hash,Devs intersection,Conflicted files,Conflicted files caused by same dev,Null files,Conflicted files caused by same dev / Conflicted files
fab7b37bb5e45d294c73afa2f549990d5b724b92,1,3,0,0,0.0,nuxeo-core-facade/src/test/java/org/nuxeo/ecm/core/api/TestSecurity.java,Anahide Tchertchian,Stefane Fermigier;nuxeo-core/src/main/java/org/nuxeo/ecm/core/security/SecurityService.java,Anahide Tchertchian,Stefane Fermigier;nuxeo-core-facade/src/main/java/org/nuxeo/ecm/core/api/ejb/DocumentManagerBean.java,Anahide Tchertchian,Stefane Fermigier;
b026d10a18e4d76543a011ca400714bbc8fe2e32,0,1,0,0,0.0,
6eb059ed72ae8b933a021372f80ac688af1e29b7,0,1,0,0,0.0,
3ccee9f532ea08b5522089b50eaf4cb02b700dd4,1,7,7,0,1.0,
d3f6b70f9dadc0c1cca47315aa06f07998142f6d,0,5,0,0,0.0,
6ddab0061e09389458fd07214775819610bc0c04,1,1,0,0,0.0,nuxeo-platform-transform-plugins/src/main/java/org/nuxeo/ecm/platform/transform/plugin/jr/AbstractJRBasedTextExtractorPlugin.java,Florent Guillaume,Anahide Tchertchian;
04f1892e34e91d0fa2f1ed599165caa4ada8b71d,0,1,0,0,0.0,
6ea2154db332236e98e320521c5b2ae3b189ce32,0,2,0,0,0.0,
375c242edf75aceafbb1ef3b06b2b41362feec08,0,2,0,0,0.0,
0c0c7d13a7277d1b02944495464730b1f02985c6,1,1,0,0,0.0,nuxeo-platform-ui-web/src/main/java/org/nuxeo/ecm/platform/ui/web/tag/handler/MethodResultTagHandler.java,Anahide Tchertchian,Thomas Roger;
cc06b453c83279a6a589f044ffbd702b69da7128,1,1,0,0,0.0,nuxeo-platform-ui-web/src/main/java/org/nuxeo/ecm/platform/ui/web/component/file/InputFileInfo.java,Anahide Tchertchian,Laurent Doguin;
7e888ba0dd0953051cc1051340f171b85ef8841a,1,27,26,0,0.9629629629629629,nuxeo-theme-core/src/test/java/org/nuxeo/theme/test/themes/TestThemeManager.java,Jean-Marc Orliaguet,Florent Guillaume;
a355298fa40074c1a95847ddb8be7744e3d32a8d,0,1,0,0,0.0,
0c126540882e6e5cbdeeb645d651968c882dbb95,1,4,1,0,0.25,nuxeo-core-convert/src/main/resources/META-INF/MANIFEST.MF,Mariana Cedica,Stephane Lacoin;nuxeo-core-storage-sql/nuxeo-core-storage-sql/src/main/java/org/nuxeo/ecm/core/storage/sql/net/NetBackend.java,Florent Guillaume,Stephane Lacoin;nuxeo-core-storage-sql/nuxeo-core-storage-sql/src/main/java/org/nuxeo/ecm/core/storage/sql/RepositoryImpl.java,Florent Guillaume,Stephane Lacoin;
2cacf3fb7e3c765906a9d0fbb31e96a9a00ab3eb,0,3,0,0,0.0,
5d25c13462ae1f9e8f1e02749ac98c10eb3aef77,1,1,1,0,1.0,
28d9fa303c08092e79a04f19e38d1905be4b0313,1,2,2,0,1.0,
f6e0dce5a44ad0fd917bf2f5a2a7a8feb0e77935,1,2,0,0,0.0,nuxeo-platform-notification-api/src/main/java/org/nuxeo/ecm/platform/notification/api/NotificationManager.java,Thierry Delprat,Thomas Roger;nuxeo-platform-notification-facade/src/main/java/org/nuxeo/ecm/platform/ec/notification/ejb/NotificationMessageListener.java,Thierry Delprat,Thomas Roger;
10cc4313451a1fffb0042d38574a564d4f2b5469,0,2,0,0,0.0,
9b29056d27a51a747846ed231ae0e31060e29e63,1,6,0,0,0.0,nuxeo-opensocial/nuxeo-opensocial-server/src/main/java/org/nuxeo/opensocial/shindig/oauth/SimpleSignedOAuthFetcherConfig.java,Ian Smith,Damien Metzler;nuxeo-opensocial/nuxeo-opensocial-server/src/main/java/org/nuxeo/opensocial/services/NuxeoCryptoModule.java,Ian Smith,Damien Metzler;nuxeo-opensocial/nuxeo-opensocial-server/src/main/java/org/nuxeo/opensocial/shindig/ProxyModule.java,Ian Smith,Damien Metzler;nuxeo-opensocial/nuxeo-opensocial-server/src/main/java/org/nuxeo/opensocial/shindig/gadgets/NXMakeRequestHandler.java,Ian Smith,Damien Metzler;nuxeo-opensocial/nuxeo-opensocial-server/src/main/java/org/nuxeo/opensocial/shindig/gadgets/NXGadgetSpecFactory.java,Ian Smith,Damien Metzler;nuxeo-opensocial/nuxeo-opensocial-server/src/main/java/org/nuxeo/opensocial/shindig/gadgets/NXGadgetSpecFactoryModule.java,Thomas Roger,Damien Metzler;
d208ba095492dd03cc7b1b63073aea2c022d91e2,0,1,0,0,0.0,
aa3dabcdcca7a7366d17f4d315c3b2612ee01c49,1,1,1,0,1.0,
0bddf728149cfee5271b7a356ae237c9121ff46d,1,3,2,0,0.6666666666666666,nuxeo-core-storage-sql/nuxeo-core-storage-sql/src/main/java/org/nuxeo/ecm/core/storage/sql/Context.java,Florent Guillaume,Stephane Lacoin;
3da667ce42e5f50a8c7ff3673745ab362052d5dd,1,1,1,0,1.0,
a34924470bc5df3027c264ffefb3dd67bc34d4c3,1,1,1,0,1.0,
14ed84e42c7c7d67958f2d0d887825ff4eeaeff3,1,1,0,0,0.0,nuxeo-platform-search-api/src/main/java/org/nuxeo/ecm/core/search/api/client/indexing/resources/factory/IndexableResourcesFactory.java,Alexandre Russel,Florent Guillaume;
e7c590b070e2860d6757dd0094506c3e5272ac81,0,2,0,0,0.0,
66f302c7873993e1bdd2110d4f106c6b2fc0fad2,1,1,0,0,0.0,nuxeo-opensocial/nuxeo-opensocial-container-space-config/src/main/java/org/nuxeo/opensocial/container/factory/ContainerManagerImpl.java,Quentin Lamerand,Thomas Roger;
011e8539d99d0bfdf5ecf6c488f2d07acbb025f5,1,3,3,0,1.0,
7f376454adb07849451ae55a45b3c5984778ef0e,1,1,1,0,1.0,
3d238b7a75af6105eb17db39e02bebfde38b38f5,1,2,0,0,0.0,nuxeo-platform-tag-service/nuxeo-platform-tag-core/src/test/java/org/nuxeo/ecm/platform/tag/TestSchemaUpdater.java,Stephane Lacoin,Catalin Baican;nuxeo-platform-tag-service/nuxeo-platform-tag-core/src/test/resources/OSGI-INF/nxtags-tests.xml,Stephane Lacoin,Catalin Baican;
a63b821ee2c9acf52ca8ab133d443e61e89914ad,0,3,0,0,0.0,
d5b4ee474f2f8f93fb640b7118982366d520587f,1,2,0,0,0.0,nuxeo-platform-webapp-core/src/main/java/org/nuxeo/ecm/webapp/documentsLists/DocumentsListsManagerBean.java,Anahide Tchertchian,Olivier Grisel;nuxeo-platform-webapp-core/src/main/java/org/nuxeo/ecm/webapp/documentsLists/ConversationDocumentsListsManager.java,Anahide Tchertchian,Olivier Grisel;
677f5e9c70fbce217d7b73389b3cd9b7f5a1281c,1,1,0,0,0.0,nuxeo-platform-publishing/src/main/java/org/nuxeo/ecm/platform/publishing/workflow/PublishingListener.java,Alexandre Russel,Quentin Lamerand;
fb404489ff3613cc419e10740550691e5a994714,0,1,0,0,0.0,
5bb89102dd799334ef90519f4cf80e5a69b8f7d7,2,4,4,0,1.0,
cca781f8df1722a3bf091d191136fd83c4f67d5b,1,5,5,0,1.0,
61cde865dc19626fae8d310a6b335fb95794faef,1,1,0,0,0.0,nuxeo-runtime/src/main/java/org/nuxeo/runtime/api/Framework.java,Julien Carsique,Stephane Lacoin;
b7c3cb1099e39cb7401d74a8fffa468b365bc1c2,1,1,1,0,1.0,
9730eacbe39d3716bec8e5ce4cb4ce3a4d8dea79,0,1,0,0,0.0,
e6de0bc833a499acc7022b941412d7151d782d02,2,1,1,0,1.0,
993fd9c2bd4a561bdad1c8e0c9125baf84880ab3,1,1,0,0,0.0,nuxeo-core-client/src/main/java/org/nuxeo/ecm/core/client/NuxeoClient.java,Stefane Fermigier,Florent Guillaume;
9e29760edcbc04d9d680d15076809df1757a04a3,0,1,0,0,0.0,
4aea950ed599b74815490b8420e5504d876e029a,0,2,0,0,0.0,
6ba741a08e465853b16672c1288d91d18286671b,0,6,0,0,0.0,
ab09533a90e79b170c19b200033dcf1ab031c752,0,1,0,0,0.0,
3f6c6fdf87e1e81b16a1816f5037f1af2f429b1c,0,1,0,0,0.0,
a576aff300206b8c9eda6b2c561081883a8550b0,2,1,1,0,1.0,
2290fc7c509ea4ddfb2273541ac86eedeeb09787,0,2,0,0,0.0,
8f9e7c24a0d619b9c00a958e12fbe67cad1a3dc6,0,1,0,0,0.0,
4b4a7a17785e7de29cd51be396305673b632585d,1,11,0,0,0.0,nuxeo-opensocial/nuxeo-opensocial-server/src/main/resources/OSGI-INF/deployment-fragment.xml,Ian Smith,Damien Metzler;nuxeo-opensocial/nuxeo-opensocial-server/src/main/java/org/nuxeo/opensocial/shindig/gadgets/NXGadgetModule.java,Ian Smith,Damien Metzler;nuxeo-opensocial/nuxeo-opensocial-container-space-config/src/main/java/org/nuxeo/opensocial/container/factory/utils/NxGadgetContext.java,Ian Smith,Damien Metzler;nuxeo-opensocial/nuxeo-opensocial-server/src/main/java/org/nuxeo/opensocial/services/NuxeoCryptoModule.java,Ian Smith,Damien Metzler;nuxeo-opensocial/nuxeo-opensocial-features/src/main/js/features.txt,Ian Smith,Damien Metzler;nuxeo-opensocial/nuxeo-opensocial-server/pom.xml,Ian Smith,Damien Metzler;nuxeo-opensocial/nuxeo-opensocial-server/src/main/java/org/nuxeo/opensocial/shindig/gadgets/NXGuiceModule.java,Ian Smith,Damien Metzler;nuxeo-opensocial/nuxeo-opensocial-server/src/main/java/org/nuxeo/opensocial/shindig/gadgets/NXMakeRequestHandler.java,Ian Smith,Damien Metzler;nuxeo-opensocial/nuxeo-opensocial-server/src/main/java/org/nuxeo/opensocial/shindig/crypto/KeyDescriptor.java,Ian Smith,Damien Metzler;nuxeo-opensocial/nuxeo-opensocial-server/src/main/java/org/nuxeo/opensocial/shindig/gadgets/NXUrlGenerator.java,Ian Smith,Damien Metzler;nuxeo-opensocial/nuxeo-opensocial-server/src/main/resources/OSGI-INF/key-contrib.xml,Ian Smith,Damien Metzler;
957df408e3f4bf573bcd83e02c64b03190e5605e,1,2,2,0,1.0,
912c6c7b5cb2fa55a8ed50064152fc4e1efb867b,0,2,0,0,0.0,
4fb00d6e3a22074c301818ef0cb3d37b19a69e8f,0,2,0,0,0.0,
4a3a5276086d731a16e81ae89b501308636b872d,0,1,0,0,0.0,
24fa0b9df6d19d1952b0327b67b1eb17a2e76e0d,0,12,0,0,0.0,
2a763cd25abd70d6b1a8c2366f47647658afa166,1,1,0,0,0.0,nuxeo-platform-search-compass-plugin/src/main/java/org/nuxeo/ecm/core/search/backend/compass/CompassBackend.java,Thierry Delprat,Stefane Fermigier;
fb57bd41ee661d1fd6e618cbe8a84061c19c4a8a,1,4,0,0,0.0,nuxeo-platform-webapp-core/src/main/java/org/nuxeo/ecm/webapp/liveedit/LiveEditBootstrapHelper.java,Anahide Tchertchian,Florent Guillaume;nuxeo-platform-webapp-core/src/main/java/org/nuxeo/ecm/webapp/documentsLists/DocumentsListsManagerBean.java,Anahide Tchertchian,Florent Guillaume;nuxeo-platform-forum/src/main/java/org/nuxeo/ecm/platform/forum/web/PostActionBean.java,Anahide Tchertchian,Florent Guillaume;nuxeo-platform-forum/src/main/java/org/nuxeo/ecm/platform/forum/web/ThreadActionBean.java,Anahide Tchertchian,Florent Guillaume;
a77cd5ec165d4944b2a7dde7f90a7565b161b50d,0,1,0,0,0.0,
b17cdf0dba4f5a9e386eb2dc2d0e2d2b3e571a3f,1,1,0,0,0.0,nuxeo-core-jcr-connector/src/main/java/org/nuxeo/ecm/core/repository/jcr/JCRSession.java,M.-A. Darche,Stephane Lacoin;
44d762331e643955808ec52e9506bc086b6e600f,1,2,0,0,0.0,nuxeo-core-storage-sql/src/main/java/org/nuxeo/ecm/core/storage/sql/Mapper.java,Florent Guillaume,Catalin Baican;nuxeo-core-storage-sql/src/main/java/org/nuxeo/ecm/core/storage/sql/db/Table.java,Florent Guillaume,Catalin Baican;
a74a9ce20924c0ca5a27a5469684f1c155fbb00f,1,3,0,0,0.0,nuxeo-core-facade/src/test/java/org/nuxeo/ecm/core/api/TestApiHeavyLoad.java,Julien Carsique,Florent Guillaume;nuxeo-core-facade/src/test/java/org/nuxeo/ecm/core/api/TestApiHeavyLoad_local.java,Julien Carsique,Florent Guillaume;nuxeo-core-facade/src/test/java/org/nuxeo/ecm/core/api/TestApiHeavyLoad_remote.java,Julien Carsique,Florent Guillaume;
d489569b9d66f393731a74907772dbc766f9ffa2,1,2,2,0,1.0,
b48487bb3b171b1d948d7ea6319decb299beae87,0,1,0,0,0.0,
9200f6dcb19f36cddd8944704247d3a00b03e513,0,1,0,0,0.0,
7116d5bfbd49e3a5f026c5e52d7b58060b06b83e,0,1,0,0,0.0,
4c759632f314b2fa4616c5fda7688f68ffef6174,1,1,1,0,1.0,
566e78f22aa32c0358fba58cc95e1eabd4b9784d,1,1,0,0,0.0,nuxeo-platform-ui-web/src/main/java/org/nuxeo/ecm/platform/ui/web/directory/DirectoryFunctions.java,Anahide Tchertchian,Thierry Delprat;
c8a13a1415b5d87fd9c978e824d305c0a3e0d891,1,1,1,0,1.0,
412c486cfab256f27473fbeccb0a581704100caa,1,1,1,0,1.0,
e866d157d58911cea08ca1f252b49983fa244506,0,1,0,0,0.0,
8ca088260d0db0c9d9fe084afc0bf73914d95f2e,1,1,1,0,1.0,
20e42643136123027707e4070e18cf1fc7093644,1,1,0,0,0.0,nuxeo-platform-workflow-jbpm/src/test/java/org/nuxeo/ecm/platform/workflow/jbpm/TestJbpmEngine.java,Olivier Grisel,Radu Darlea;
793ffbbc377e1c1ac6613edc78a1296beac51fa2,0,3,0,0,0.0,
a5f6a0120f1ab13be4bd4304a1dcc7aa8439aa4b,0,2,0,0,0.0,
8e1000731999f5825c1b7231e3389d18dfe49c5a,1,3,0,0,0.0,nuxeo-platform-audit-core/src/main/resources/OSGI-INF/nxaudit-service-definitions.xml,Stephane Lacoin,Anahide Tchertchian;nuxeo-platform-audit-core/src/main/java/org/nuxeo/ecm/platform/audit/service/PersistenceProvider.java,Stephane Lacoin,Anahide Tchertchian;nuxeo-platform-audit-core/src/main/java/org/nuxeo/ecm/platform/audit/service/NXAuditEventsService.java,Stephane Lacoin,Anahide Tchertchian;
cbfbca720e2bae3c77595c9084253335559e866c,1,7,7,0,1.0,
465268939a3399d5cadd7dfd0a202956e3fb5ba5,1,1,0,0,0.0,nuxeo-core-jcr-connector/src/main/java/org/nuxeo/ecm/core/repository/jcr/DocumentPartReader.java,Bogdan Stefanescu,Florent Guillaume;
c3f50a96c85d886a3cccb36fbf0b2b7b6103e879,1,1,0,0,0.0,nuxeo-platform-webapp-core/src/main/java/org/nuxeo/ecm/webapp/contentbrowser/DocumentActionsBean.java,Florent Guillaume,Olivier Grisel;
4242977e66308f4883ad1faf48c7ef578dda2390,1,1,1,0,1.0,
9108fa3fb1e05c7d5021a1b67fa6f925b2a9c57a,1,1,0,0,0.0,nuxeo-platform-audit-facade/src/main/java/org/nuxeo/ecm/platform/audit/ejb/LogEntryImpl.java,Anahide Tchertchian,Olivier Grisel;
c52c28a7ef3bd0a604db2f225787501d3af28362,0,1,0,0,0.0,
f5925a0d66edbea92b47b3a3e63c61ba3dfb295f,1,1,1,0,1.0,
d0d2992cf7bf9ebe7353b040a7c00acbb6017e60,1,1,1,0,1.0,
88c97870684f780ba173d796447cfeca5cb3e1dc,1,4,2,0,0.5,nuxeo-platform-forms-layout-client/pom.xml,Julien Carsique,Anahide Tchertchian;nuxeo-platform-forum/pom.xml,Julien Carsique,Anahide Tchertchian;
b2045650b65a96c5d26279c1ccfd2369a01b4443,0,1,0,0,0.0,
33ba5208e86c2e20122c7ff21a6106de71e79094,1,1,0,0,0.0,nuxeo-platform-search-core/src/main/java/org/nuxeo/ecm/core/search/threading/IndexingThreadImpl.java,Thierry Delprat,Quentin Lamerand;
03ea5ed79fb04e29952710fda8495719491c3b6a,0,1,0,0,0.0,
38343d3370f211d173618e9a25bb945cdea069d8,1,1,1,0,1.0,
1a88a47a3b61f9ab70a43d23f56fa1d598efa0f1,0,2,0,0,0.0,
6e39069c65501fbc8e941739bd10bab50a36845b,1,2,0,0,0.0,nuxeo-platform-workflow-document-facade/src/main/java/org/nuxeo/ecm/platform/workflow/document/ejb/WorkflowDocumentSecurityBean.java,Olivier Grisel,Thomas Roger;nuxeo-platform-workflow-document-facade/src/main/java/org/nuxeo/ecm/platform/workflow/document/ejb/AbstractWorkflowDocumentManager.java,Olivier Grisel,Thomas Roger;
57df385ba2e8df09c08f5e261e00ba100674e7aa,1,2,0,0,0.0,nuxeo-platform-ear/src/main/assemble/resources/pom.xml,Alexandre Russel,Georges Racinet;nuxeo-platform-workflow-document-facade/src/main/java/org/nuxeo/ecm/platform/workflow/document/ejb/AbstractWorkflowDocumentManager.java,Alexandre Russel,Olivier Grisel;
63cfaa60cbdee4a1d168db67d3159c07aeea5d5c,1,1,0,0,0.0,nuxeo-platform-publishing-web/src/main/java/org/nuxeo/ecm/platform/publishing/PublishActionsBean.java,Florent Guillaume,Thierry Delprat;
9386d9d0d868ab39448705145b8e9adcad8d6087,1,1,0,0,0.0,nuxeo-core-api/src/main/java/org/nuxeo/ecm/core/api/UnrestrictedSessionRunner.java,Florent Guillaume,Catalin Baican;
7790e4d667d9765a47481522c821b609078d868b,0,6,0,0,0.0,
69edb129eb218916ccf34177ce7cc59b467e7d0a,0,10,0,0,0.0,
15af986e69429de806d1900660ccbfae2a48c638,0,1,0,0,0.0,
a61cfc235f90c440f21ce469acf1ab8b582961b1,1,3,0,0,0.0,nuxeo-platform-forum/src/main/java/org/nuxeo/ecm/platform/forum/web/PostActionBean.java,Anahide Tchertchian,Alexandre Russel;nuxeo-platform-workflow-document-api/src/main/java/org/nuxeo/ecm/platform/workflow/document/security/policy/ParallelReviewWorkflowDocumentSecurityPolicy.java,Anahide Tchertchian,Alexandre Russel;nuxeo-platform-workflow-jbpm/src/main/java/org/nuxeo/ecm/platform/workflow/jbpm/JbpmWorkflowEngine.java,Anahide Tchertchian,Alexandre Russel;
a5a0e6e90cabb419d9a04632facb375581549e80,0,2,0,0,0.0,
231650e24cb1615d08cbd0779e02f1178cf1e7a4,0,1,0,0,0.0,
5f91dbfe90b116b4bc3ad0c4c4c2d615d6f877b3,0,2,0,0,0.0,
1ae749b7d9f11d35e336883154f1edf8c8e5858a,1,2,0,0,0.0,nuxeo-platform-webapp-core/src/main/java/org/nuxeo/ecm/webapp/pagination/ResultsProvidersCacheBean.java,Mihai Vasilache,Thierry Delprat;nuxeo-platform-search-compass-plugin/src/main/java/org/nuxeo/ecm/core/search/backend/compass/CompassBackend.java,Mihai Vasilache,Thierry Delprat;
e8a304eb8b349b62b5a046dd060453ad23ff1da4,1,1,0,0,0.0,nuxeo-webengine-core/src/main/java/org/nuxeo/ecm/webengine/WebEngineComponent.java,Bogdan Stefanescu,Stefane Fermigier;
b26b6c799f1ea2ca967bac0d418c42d279ad17bb,1,1,1,0,1.0,
80f985ade35bf08af49a6e77e2e41a3d51be49bc,0,1,0,0,0.0,
eda711f2daa45f223d38f497462fb6afa1ca51b2,1,1,0,0,0.0,nuxeo-platform-relations-jena-plugin/src/main/java/org/nuxeo/ecm/platform/relations/jena/JenaGraph.java,Thierry Delprat,Anahide Tchertchian;
1c446a169a1211ba79b0474a02498cebb968ecff,1,1,1,0,1.0,
70abed6f9edede88bc797a7e64ee46a406c60167,1,3,0,0,0.0,nuxeo-platform-syndication/src/main/java/org/nuxeo/ecm/platform/syndication/FeedItemAdapter.java,Olivier Grisel,Florent Guillaume;nuxeo-platform-syndication/src/main/java/org/nuxeo/ecm/platform/syndication/SyndicationActionsBean.java,Olivier Grisel,Florent Guillaume;nuxeo-platform-syndication/src/main/java/org/nuxeo/ecm/platform/syndication/SyndicationLocator.java,Olivier Grisel,Florent Guillaume;
67366d5718f6f70180f4e2fc09579534e07e5e37,1,1,1,0,1.0,
f8c7bf423f2b5272e0927c45154caf2ab3506010,1,1,1,0,1.0,
7e6f52d0d3dd792266bead577e04d3411de0da3e,1,1,1,0,1.0,
78abedfc1cd1ba1db885a1b11059aa2baccd22f9,0,2,0,0,0.0,
89a0d9413810925faaa3824965545e7b0b6bf3c7,0,1,0,0,0.0,
9e03594a119f209e5a8ba63b5a983338da37cda2,1,3,0,0,0.0,nuxeo-platform-ui-web/src/main/resources/OSGI-INF/authentication-contrib.xml,Anahide Tchertchian,Thierry Martins;nuxeo-platform-filemanager-core/src/main/java/org/nuxeo/ecm/platform/filemanager/service/FileManagerService.java,Anahide Tchertchian,Thierry Martins;nuxeo-platform-ui-web/src/main/resources/OSGI-INF/deployment-fragment.xml,Anahide Tchertchian,Thierry Martins;
79af0a6994ca9befef1a0815d5f5fa9bcd87bce6,0,1,0,0,0.0,
6b709f8cd01b5acd911f8bd181412e25d7685911,1,4,1,0,0.25,nuxeo-platform-versioning-core/src/main/java/org/nuxeo/ecm/platform/versioning/service/WFBasedRuleDescriptor.java,Anahide Tchertchian,Alexandre Russel;nuxeo-platform-workflow-core/src/main/java/org/nuxeo/ecm/platform/workflow/service/WorkflowServiceImpl.java,Anahide Tchertchian,Alexandre Russel;nuxeo-platform-workflow-client/src/test/resources/LifeCycleCoreExtensions-versioningtest.xml,Anahide Tchertchian,Alexandre Russel;
262b7674e34984663f4dd2b04e1b5175928b269c,1,4,0,0,0.0,nuxeo-platform-notification-api/src/main/java/org/nuxeo/ecm/platform/notification/api/NotificationManager.java,Thierry Martins,Julien Carsique;nuxeo-platform-notification-facade/src/main/java/org/nuxeo/ecm/platform/ec/notification/ejb/bean/NotificationServiceBean.java,Thierry Martins,Julien Carsique;nuxeo-platform-content-template-manager/src/test/resources/DefaultPlatform.xml,Thierry Martins,Julien Carsique;nuxeo-platform-placeful-theme/src/main/java/org/nuxeo/ecm/webapp/theme/negotiation/LocalThemeConfig.java,Thierry Martins,Julien Carsique;
848c996bbb7be44c5499977cf85fdfdbb7e3a2f7,2,1,1,0,1.0,
d645d6780711fe3cb7e558ef2573d8b35821d023,1,5,0,0,0.0,nuxeo-webengine-sites/src/main/java/org/nuxeo/webengine/sites/Site.java,Priceputu Cristian,Mariana Cedica;nuxeo-webengine-sites/src/main/java/org/nuxeo/webengine/sites/Page.java,Priceputu Cristian,Mariana Cedica;nuxeo-webengine-sites/src/main/java/org/nuxeo/webengine/utils/SiteUtils.java,Priceputu Cristian,Mariana Cedica;nuxeo-webengine-sites/src/main/resources/OSGI-INF/theme-contrib.xml,Priceputu Cristian,Radu Darlea;nuxeo-webengine-sites/src/main/resources/skin/views/WebPage/webpage_create.ftl,Priceputu Cristian,Mariana Cedica;
31d60352dfda6e49e03aa60bccad56eeb193babb,1,1,0,0,0.0,nuxeo-platform-ui-web/src/main/java/org/nuxeo/ecm/platform/ui/web/auth/NuxeoAuthenticationFilter.java,Thierry Delprat,Anahide Tchertchian;
c074598c5cbda11629dfe2415c911af032eed4e4,1,2,2,0,1.0,
8688f26deac4ea14c1456ab638b5e7eedd26420f,1,34,30,1,0.8823529411764706,nuxeo-platform-ear/pom.xml,Julien Carsique,Stephane Lacoin;pom.xml,Julien Carsique,Stephane Lacoin;nuxeo-platform-audit-facade/pom.xml,Stephane Lacoin,Julien Carsique;
2707e8d791ea68ad004ee78ba0b1a8b91db8f314,0,1,0,0,0.0,
3e957ee16bddce5dcb2fa0d08a9baa36a19a6a8a,0,1,0,0,0.0,
cffc8e2a5f54ce947db6db59c828f2f939aa66c8,1,21,20,1,0.9523809523809523,
95c713a0ce170ca7d1c4f6ec6b0f460d6083a075,0,1,0,0,0.0,
699cf40b06ce309336666b6c74141b642ed97e41,0,1,0,0,0.0,
c4e89d379c56752e6728a5db09fda9c2888fa71f,1,1,0,0,0.0,nuxeo-platform-webapp-core/src/main/java/org/nuxeo/ecm/webapp/bulkupdate/FictiveDocumentModel.java,Thierry Delprat,Florent Guillaume;
3e61dd21dfbc92b825417c926d5329616821541c,0,1,0,0,0.0,
5a90be01529221b13adfca69e7266f2c1f499519,0,2,0,0,0.0,
57c220be3126296477efeea11dbc1935f259c421,1,10,10,0,1.0,
f5bb0b6d48268a6e47bb95b324839c43ee5bcdab,1,1,0,0,0.0,nuxeo-platform-notification-core/src/main/java/org/nuxeo/ecm/platform/ec/notification/email/EmailHelper.java,Olivier Grisel,Florent Guillaume;
11273eaeda10be5462929e9cd5127024b29424cc,1,1,0,0,0.0,nuxeo-platform-directory-ldap/src/main/java/org/nuxeo/ecm/directory/ldap/LDAPSession.java,Florent Guillaume,Olivier Grisel;
9aa0cb17195c76fa0e46a339fa21a8ac4ef1b098,0,4,0,0,0.0,
9d0bd4044048f2512d3435b2f86f3badbc66b9f8,1,6,0,1,0.0,nuxeo-platform-webapp-core/src/main/java/org/nuxeo/ecm/webapp/navigation/TreeManagerBean.java,Julien Carsique,Florent Guillaume;nuxeo-platform-webapp-core/src/main/java/org/nuxeo/ecm/webapp/navigation/TreeManagerService.java,Julien Carsique,Florent Guillaume;nuxeo-platform-webapp-core/src/main/java/org/nuxeo/ecm/webapp/navigation/LazyTreeNode.java,Julien Carsique,Florent Guillaume;nuxeo-platform-webapp-core/src/main/resources/OSGI-INF/nxtreemanager-framework.xml,Julien Carsique,Florent Guillaume;nuxeo-platform-webapp-core/src/main/resources/OSGI-INF/nxtreemanager-contrib.xml,Julien Carsique,Florent Guillaume;
c4ef32836cf3d4fa31835d2beece5144fe6470d2,1,6,2,1,0.3333333333333333,nuxeo-webengine-sites/src/main/resources/skin/includes/list_comments.ftl,Lise Kemen,Mariana Cedica;nuxeo-webengine-sites/src/main/java/org/nuxeo/webengine/sites/Page.java,Stephane Lacoin,Mariana Cedica;nuxeo-webengine-sites/src/main/java/org/nuxeo/webengine/utils/SiteUtils.java,Stephane Lacoin,Mariana Cedica;
68fa3f276ad016dab68c12f017664edcdca9cef7,1,2,0,0,0.0,nuxeo-core/src/main/java/org/nuxeo/ecm/core/api/AbstractSession.java,Eugen Ionica,Anahide Tchertchian;nuxeo-core-storage-sql/src/test/java/org/nuxeo/ecm/core/storage/sql/coremodel/TestSQLRepositoryAPI.java,Stefane Fermigier,Anahide Tchertchian;
26c48fcc0533e07c3d22c5f0cb44db0f52f09b67,1,1,0,0,0.0,nuxeo-platform-search-api/src/test/java/org/nuxeo/ecm/core/search/api/querymodel/QueryModelTestCase.java,Georges Racinet,Thierry Delprat;
d45b1f0cae259ce5ffb7fe64c61dfed23599b3ba,2,1,0,0,0.0,nuxeo-platform-ui-web/src/main/java/org/nuxeo/ecm/platform/ui/web/tag/fn/LiveEditConstants.java,Olivier Grisel,Stefane Fermigier;
652b9df4964cdf24438baf2f5cd7c2a1832b8835,0,1,0,0,0.0,
5d2d30ffe3c3d826269f612663d2e1bb41be0766,1,1,0,0,0.0,nuxeo-platform-ui-web/src/main/java/org/nuxeo/ecm/platform/ui/web/restAPI/UploadFileRestlet.java,Anahide Tchertchian,Florent Guillaume;
f852df84e675edb0974ff77dc32570f126590909,1,4,4,0,1.0,
5744f1f57a4faa816f1e3c723f75929850acd28e,1,1,1,0,1.0,
6794bd72792d391443fcdc3a7263812381ad9384,1,1,1,0,1.0,
c4029e2cd7144ea0375684dba3eebba0049edb7a,1,4,4,0,1.0,
44499725045b21620061fd9b30956ba06da86738,1,1,1,0,1.0,
12d281dff0a5f6f41e05cf8772d7b28fdee936d0,0,1,0,0,0.0,
d36f1abbc0e8c5a9de10754234f7f652d3c2df1f,1,1,0,0,0.0,nuxeo-platform-directory-facade/src/main/java/org/nuxeo/ecm/platform/directory/ejb/DirectoryManagerBean.java,Olivier Grisel,Anahide Tchertchian;
205c758ae8e2950e50c7570b4a2d51938c6a6cf6,1,2,0,0,0.0,pom.xml,Sun Seng David TAN,Stephane Lacoin;nuxeo-platform-comment/nuxeo-platform-comment/src/main/java/org/nuxeo/ecm/platform/comment/listener/CommentRemovedEventListener.java,Florent Guillaume,Stephane Lacoin;
5613d149ae902ecd330a70dc18b981eb4277e337,1,1,0,0,0.0,nuxeo-platform-directory-api/src/main/java/org/nuxeo/ecm/directory/Session.java,Anahide Tchertchian,Benjamin JALON;
750a51ad21c3ab96f3df6dc2c7c1671455bfe0f5,1,1,0,0,0.0,nuxeo-platform-management/src/main/java/org/nuxeo/ecm/platform/management/statuses/ProbeInfo.java,Stefane Fermigier,Stephane Lacoin;
956fc1b53a11635432046a6e805226a0d54b7810,1,1,0,0,0.0,nuxeo-platform-directory-ldap/src/main/java/org/nuxeo/ecm/directory/ldap/LDAPSession.java,Olivier Grisel,Thomas Roger;
7c7d88440740f45e0c7f23f6a937785732a9d115,0,1,0,0,0.0,
8120abc64f9d8f54121598a19642bf0f38a30818,1,1,1,0,1.0,
c05188b066e6567e0ddb5ab2faaf017fbe607f2a,0,1,0,0,0.0,
bcf3ae981f6675dab2ce90376ee4ecb9e95f5669,0,1,0,0,0.0,
4d8f8c79604a2c2d2c1c97fefeb005f35ca4f28a,0,2,0,0,0.0,
0b49785b9997cb2dbd7c303faa21653d316f0779,1,1,0,0,0.0,nuxeo-opensocial/nuxeo-spaces-api/src/main/java/org/nuxeo/ecm/spaces/api/AbstractSpaceProvider.java,Damien Metzler,Quentin Lamerand;
11bdd75125e55c1dcc07a31f70db0ae03bd2ed76,0,3,0,0,0.0,
50bafeb139425d03f08d8e39d7d32a551364543f,1,6,0,0,0.0,nuxeo-platform-webapp-core/src/main/java/org/nuxeo/ecm/webapp/documentsLists/DocumentsListsManagerBean.java,Stefane Fermigier,Olivier Grisel;nuxeo-platform-webapp-core/src/main/java/org/nuxeo/ecm/webapp/pagination/ResultsProvidersCacheBean.java,Stefane Fermigier,Olivier Grisel;nuxeo-platform-cache-web/src/main/java/org/nuxeo/platform/cache/web/CacheControlActionsBean.java,Stefane Fermigier,Olivier Grisel;nuxeo-platform-webapp-core/src/main/java/org/nuxeo/ecm/webapp/pagination/SortActionsBean.java,Stefane Fermigier,Olivier Grisel;nuxeo-platform-webapp-core/src/main/java/org/nuxeo/ecm/webapp/search/SearchResultsBean.java,Stefane Fermigier,Olivier Grisel;nuxeo-platform-webapp-core/src/main/java/org/nuxeo/ecm/webapp/delegate/DocumentVersioningBusinessDelegate.java,Stefane Fermigier,Olivier Grisel;
c21929699e2c20b8a5265f847fee6610579fbd0a,0,2,0,0,0.0,
83e8a9420b5dae55659ce26e8a2801eaf1e6ccad,2,2,2,0,1.0,
f7f84036d241dab6575dad8c4588521d6b59f45a,0,1,0,0,0.0,
cc0c7b16224c9525c590943b97bd18f9fb66e712,0,1,0,0,0.0,
b725e61823ea232c972d792f338beeecc90f87a5,1,1,0,0,0.0,nuxeo-core-api/src/main/java/org/nuxeo/ecm/core/api/repository/cache/CachingRepositoryInstanceHandler.java,Stephane Lacoin (aka matic),Stephane Lacoin;
9588e48004ed5fdd410af30e63f5e60888e5641d,1,12,0,0,0.0,nuxeo-platform-imaging-core/src/main/java/org/nuxeo/ecm/platform/imaging/core/MetadataUtils.java,Florent Guillaume,Olivier Grisel;nuxeo-platform-imaging-transform/src/test/java/org/nuxeo/ecm/platform/imaging/transform/TestImagingTransformPlugin.java,Florent Guillaume,Olivier Grisel;nuxeo-platform-imaging-api/pom.xml,Florent Guillaume,Olivier Grisel;nuxeo-platform-imaging-core/pom.xml,Florent Guillaume,Olivier Grisel;nuxeo-platform-ui-web/src/main/java/org/nuxeo/ecm/platform/ui/web/restAPI/CreationContainerListRestlet.java,Florent Guillaume,Olivier Grisel;nuxeo-platform-imaging-core/src/main/java/org/nuxeo/ecm/platform/imaging/core/MimeUtils.java,Florent Guillaume,Olivier Grisel;nuxeo-platform-imaging-core/src/main/java/org/nuxeo/ecm/platform/imaging/ImagingComponent.java,Florent Guillaume,Olivier Grisel;nuxeo-platform-imaging-facade/src/main/java/org/nuxeo/ecm/platform/imaging/ejb/ImagingServiceBean.java,Florent Guillaume,Olivier Grisel;nuxeo-platform-imaging-core/src/main/java/org/nuxeo/ecm/platform/imaging/core/ImageUtils.java,Florent Guillaume,Olivier Grisel;nuxeo-platform-imaging-transform/pom.xml,Florent Guillaume,Olivier Grisel;nuxeo-platform-imaging-facade/pom.xml,Florent Guillaume,Olivier Grisel;nuxeo-platform-imaging-core/src/main/java/org/nuxeo/ecm/platform/imaging/MultiviewPictureAdapter.java,Florent Guillaume,Olivier Grisel;
6e73ab769d523b48e7f9b8ff78df4dcd1dc74911,0,1,0,0,0.0,
d4cf3c4731ad1e43325f9f9807fb9e885ae28674,1,1,0,0,0.0,nuxeo-platform-webapp-core/src/main/java/org/nuxeo/ecm/webapp/filemanager/FileManageActionsBean.java,Julien Thimonier,Thierry Delprat;
2f896e94e9c707732a783dc95ed3fec0670a5b79,1,3,0,0,0.0,nuxeo-core-api/src/main/java/org/nuxeo/ecm/core/api/impl/DocumentModelImpl.java,Florent Guillaume,Julien Carsique;nuxeo-core-facade/src/test/java/org/nuxeo/ecm/core/api/Attachment.java,Florent Guillaume,Julien Carsique;nuxeo-core-jcr-connector/src/main/java/org/nuxeo/ecm/core/versioning/custom/CustomVersioningService.java,Stefane Fermigier,Julien Carsique;
0b24219699bafd97410c566f5dcf0394fe62e9bc,1,1,1,0,1.0,
9227b8341d49ef5754aadd45a1c04ca55e5d70fd,1,2,0,0,0.0,nuxeo-core-facade/src/main/java/org/nuxeo/ecm/core/api/ejb/EJBExceptionHandler.java,Julien Carsique,Alexandre Russel;pom.xml,Julien Carsique,Alexandre Russel;
12e032f971b4b9ecab5e4cca18813b1ce8271c72,0,1,0,0,0.0,
a83a8078ae5316171e1a3bdfe95250a77dbb4cdb,0,1,0,0,0.0,
15e6e8835a5db20bdc4b6c40942169c0910e9cc7,0,1,0,0,0.0,
71d8d72f97987dfe9e151bac124126100629a3d3,0,1,0,0,0.0,
b00f5b3b1deabdbb0bafe75c4d93c9afd43a77e9,0,1,0,0,0.0,
20b80991352fd6e3259187c0ae47997d08e24fd1,0,1,0,0,0.0,
cccc03b28480b6ac7e968a5f83aa43b5d33ec288,1,3,0,0,0.0,nuxeo-webengine-sites/src/main/java/org/nuxeo/webengine/sites/utils/SiteUtils.java,Radu Darlea,Jean-Marc Orliaguet;nuxeo-webengine-sites/src/main/java/org/nuxeo/webengine/sites/Site.java,Mariana Cedica,Jean-Marc Orliaguet;nuxeo-webengine-sites/src/main/resources/widgets/webpage_create.ftl,Radu Darlea,Jean-Marc Orliaguet;
c0b55c701a17b213db1a7df3a4e3eb761697b713,1,2,0,0,0.0,nuxeo-platform-workflow-jbpm/src/test/java/org/nuxeo/ecm/platform/workflow/jbpm/TestJbpmEngine.java,Thierry Delprat,Olivier Grisel;nuxeo-platform-workflow-core/src/main/java/org/nuxeo/ecm/platform/workflow/api/WorkflowEngine.java,Thierry Delprat,Olivier Grisel;
2f20435c8e272a5e6b38b4574514e85154b1ec99,1,4,0,0,0.0,nuxeo-platform-ui-web/src/main/java/org/nuxeo/ecm/platform/ui/web/restAPI/ExportRepresentation.java,Olivier Grisel,Thierry Delprat;.hgignore,Olivier Grisel,Thierry Delprat;nuxeo-platform-ui-web/src/main/java/org/nuxeo/ecm/platform/ui/web/restAPI/ExportRestlet.java,Olivier Grisel,Thierry Delprat;nuxeo-platform-publishing-web/src/main/java/org/nuxeo/ecm/platform/publishing/PublishActionsBean.java,Olivier Grisel,Thierry Delprat;
be12b6c090067cfbbdc424801c2474f510b8b8ca,0,4,0,0,0.0,
a8ce1ddfb30b6b52ffcb0ce4c32f5a1770b28585,1,2,0,0,0.0,nuxeo-platform-audit-client/src/main/java/org/nuxeo/ecm/platform/audit/ws/WSAuditBean.java,Anahide Tchertchian,Thierry Delprat;nuxeo-platform-audit-facade/src/main/java/org/nuxeo/ecm/platform/audit/ejb/LogsBean.java,Anahide Tchertchian,Thierry Delprat;
76d4768e50fbfdb3eb1a88fe356b363eaf3c4980,1,2,0,0,0.0,nuxeo-core-query/src/main/java/org/nuxeo/ecm/core/query/sql/parser/sym.java,Laurent Doguin,Florent Guillaume;nuxeo-core-query/src/main/java/org/nuxeo/ecm/core/query/sql/parser/parser.java,Laurent Doguin,Florent Guillaume;
df4207769972c900c68b22bdcf4a5d7ffa63253b,0,9,0,0,0.0,
a79fde09cee69c3e5361896acf2072e3da8ee282,1,1,0,0,0.0,nuxeo-platform-directory-ldap/src/main/java/org/nuxeo/ecm/directory/ldap/LDAPSession.java,Thierry Martins,Anahide Tchertchian;
0830b85fd21dd7a0792bf0b890fd44d22c7c0333,1,16,2,0,0.125,nuxeo-opensocial/nuxeo-opensocial-container/src/main/java/org/nuxeo/opensocial/container/client/view/ContainerPortal.java,Damien Metzler,Guillaume Cusnieux;nuxeo-opensocial/nuxeo-opensocial-container/src/main/java/org/nuxeo/opensocial/container/client/view/GadgetPortlet.java,Ian Smith,Damien Metzler;nuxeo-opensocial/nuxeo-test-util/pom.xml,Julien Carsique,Damien Metzler;nuxeo-opensocial/nuxeo-test-util/src/main/java/com/leroymerlin/corp/fr/nuxeo/portal/testing/WebEngineHarness.java,Julien Carsique,Damien Metzler;nuxeo-opensocial/nuxeo-opensocial-container/src/main/java/org/nuxeo/opensocial/container/client/JsLibrary.java,Ian Smith,Damien Metzler;nuxeo-opensocial/nuxeo-test-util/src/main/java/com/leroymerlin/corp/fr/nuxeo/portal/testing/TestRuntimeHarness.java,Julien Carsique,Damien Metzler;nuxeo-opensocial/nuxeo-webengine-gadgets/pom.xml,hudson,Damien Metzler;nuxeo-opensocial/nuxeo-opensocial-gadgets-core/src/test/java/org/nuxeo/opensocial/gadgets/service/GadgetServiceTest.java,Julien Carsique,Damien Metzler;nuxeo-opensocial/nuxeo-opensocial-container/src/main/java/org/nuxeo/opensocial/container/client/view/GadgetTools.java,Damien Metzler,Guillaume Cusnieux;nuxeo-opensocial/nuxeo-test-util/src/main/java/com/leroymerlin/corp/fr/nuxeo/portal/testing/guice/WebEngineProvider.java,Julien Carsique,Damien Metzler;nuxeo-opensocial/nuxeo-opensocial-container-space-config/src/test/java/org/nuxeo/opensocial/container/factory/GadgetManagerTest.java,Julien Carsique,Damien Metzler;nuxeo-opensocial/nuxeo-opensocial-container/src/main/java/org/nuxeo/opensocial/container/client/GadgetService.java,Ian Smith,Damien Metzler;nuxeo-opensocial/nuxeo-test-util/src/test/java/com/leroymerlin/corp/fr/nuxeo/portal/testing/WebEngineTest.java,Julien Carsique,Damien Metzler;nuxeo-opensocial/nuxeo-test-util/src/test/java/com/leroymerlin/corp/fr/nuxeo/portal/testing/SimpleRepoFactory.java,Julien Carsique,Damien Metzler;
0dde3fe01c834dcb551137c181f57fe244b49023,1,1,0,0,0.0,nuxeo-platform-webapp-core/src/main/java/org/nuxeo/ecm/webapp/action/ConversionActionBean.java,Julien Carsique,Anahide Tchertchian;
d7a3fef673ed3e65c6579e15698c39d7673ac78e,1,3,0,0,0.0,nuxeo-platform-versioning-core/src/main/java/org/nuxeo/ecm/platform/versioning/service/VersioningService.java,Anahide Tchertchian,Julien Carsique;nuxeo-platform-versioning-core/src/main/java/org/nuxeo/ecm/platform/versioning/ejb/VersioningManagerBean.java,Anahide Tchertchian,Julien Carsique;nuxeo-platform-versioning-core/src/main/java/org/nuxeo/ecm/platform/versioning/listeners/DocVersioningListener.java,Anahide Tchertchian,Julien Carsique;
d8e68dc908a5dbd59b4fb274d34ccb3941fe46b8,0,2,0,0,0.0,
6bfcb22acc46037f9d040e19b708dd72b30d8df9,1,5,5,0,1.0,
569d6c343e5522041f2498deb0f6209f61e0ab89,1,2,0,0,0.0,nuxeo-core/src/main/java/org/nuxeo/ecm/core/api/AbstractSession.java,Florent Guillaume,Anahide Tchertchian;nuxeo-core-facade/src/test/java/org/nuxeo/ecm/core/api/TestLocalAPI.java,Florent Guillaume,Anahide Tchertchian;
3b5b4ba6211dd0f6cd5cf67675cf63689b428232,0,2,0,0,0.0,
efc33f63c459263103c82df9340db1cbde356c1b,0,1,0,0,0.0,
f8ca04424061f0f811af9e6b9f9c150a3c01b985,0,2,0,0,0.0,
24b820e0a9c7c7dceec7b5d9667935d1406d9510,0,2,0,0,0.0,
cdabfe66840dbef04d3368bfa3601ac52916a698,1,2,0,0,0.0,nuxeo-platform-audit-core/src/main/java/org/nuxeo/ecm/platform/audit/service/PersistenceProvider.java,Stephane Lacoin,Anahide Tchertchian;nuxeo-platform-audit-core/src/main/java/org/nuxeo/ecm/platform/audit/service/NXAuditEventsService.java,Stephane Lacoin,Anahide Tchertchian;
b0c7bac6a50415e4ae4d7ccb6e6099528efc1f74,0,2,0,0,0.0,
fcb7cdc0678e3204c9b3d7d931f7fbf6c81bdfcc,0,1,0,0,0.0,
e92150cd3a7994461dbc46ccc382f330646b50e1,0,2,0,0,0.0,
4b14d6bc89e259a8e78425faaa635d1077a89d02,1,1,0,0,0.0,nuxeo-platform-directory-ldap/src/main/java/org/nuxeo/ecm/directory/ldap/LDAPReference.java,Anahide Tchertchian,Quentin Lamerand;
23b5c6a22a9e21558489644866670e9c4c4c1a05,1,3,3,0,1.0,
ea2f49905f7797639fcae28dd2100798b2852b29,1,1,0,0,0.0,nuxeo-platform-webapp-core/src/main/java/org/nuxeo/ecm/webapp/contentbrowser/WorkspaceActionsBean.java,Florent Guillaume,Anahide Tchertchian;
dc5db9dfea5560a523c2e0c151bdb870d7061df2,1,1,1,0,1.0,
6a6b9aa2f50c5dec20f23c6dd64b75f42588ca8b,0,2,0,0,0.0,
47d05279cc2feee7295c7427a702dfdf595a6052,1,1,0,0,0.0,nuxeo-platform-webapp-core/src/main/java/org/nuxeo/ecm/webapp/edit/lock/LockActionsBean.java,Julien Thimonier,Quentin Lamerand;
58fa792e3e032dbd023ad031d3b9bc5a73b59894,1,1,0,0,0.0,nuxeo-platform-uidgen-core/src/test/java/org/nuxeo/ecm/platform/uidgen/TestGen.java,Olivier Grisel,Florent Guillaume;
77d19ceb5fe403bea9f38c8e5dc4e17974f4d1ed,0,1,0,0,0.0,
f6efd7066a2c6412d1a7f55f08fa093993277fba,1,3,0,0,0.0,nuxeo-core-query/src/main/java/org/nuxeo/ecm/core/query/sql/parser/sym.java,Florent Guillaume,Anahide Tchertchian;nuxeo-core-query/src/main/java/org/nuxeo/ecm/core/query/sql/parser/Scanner.java,Florent Guillaume,Anahide Tchertchian;nuxeo-core-query/src/main/java/org/nuxeo/ecm/core/query/sql/parser/parser.java,Florent Guillaume,Anahide Tchertchian;
bd22c19e51dfa7970175f5fd0bc112634ac05c89,0,2,0,0,0.0,
a86b56d990cf51ffc5984088dd555154412c5453,1,19,17,0,0.8947368421052632,nuxeo-runtime/pom.xml,Hudson gimli,Stefane Fermigier;nuxeo-runtime/src/main/java/org/nuxeo/runtime/api/JndiServiceLocator.java,Julien Carsique,Stefane Fermigier;
750195d579886721d1e7fe083d532275ef43cab7,1,5,4,0,0.8,nuxeo-theme-core/src/main/java/org/nuxeo/theme/themes/ThemeManager.java,Jean-Marc Orliaguet,Bogdan Stefanescu;
d5f3f87bc0aeb6f9b162703ce60aebb94a23d694,0,1,0,0,0.0,
471c5f5108d83523c20bb49582b058c029acfaee,1,2,0,0,0.0,nuxeo-platform-directory-sql/src/main/java/org/nuxeo/ecm/directory/sql/SQLSession.java,Alexandre Russel,Anahide Tchertchian;nuxeo-platform-directory-sql/src/test/java/org/nuxeo/ecm/directory/sql/TestSQLDirectory.java,Alexandre Russel,Anahide Tchertchian;
12e06b921af88a920146ee46f237b073a6e0423d,1,2,0,0,0.0,nuxeo-platform-usermanager-api/src/main/java/org/nuxeo/ecm/platform/usermanager/UserManager.java,Anahide Tchertchian,Olivier Grisel;nuxeo-platform-usermanager-core/src/test/java/org/nuxeo/ecm/platform/usermanager/FakeUserManagerImpl.java,Anahide Tchertchian,Olivier Grisel;
0b2e01a6db5117dd57e13e70e4db93251ae55c3e,0,1,0,0,0.0,
1b228799791d18961bcd267c31a08c3a043360d8,1,1,1,0,1.0,
40cfd17e4ff5096aebc668b353bf3ac6c54b9d94,0,3,0,0,0.0,
bfeaf00d670310faf95ea0cd83349fb4fdc142dc,1,1,0,0,0.0,nuxeo-platform-search-api/src/test/java/org/nuxeo/ecm/core/search/api/querymodel/QueryModelTestCase.java,Julien Carsique,Georges Racinet;
fcdb874123080c00f65597a8c01533d7a9e96527,1,1,1,0,1.0,
6e4a3e353762a48033660c23d132c0db59a4d7b5,1,1,1,0,1.0,
9203c1a130488ef09171939bebebfd106bf43502,0,1,0,0,0.0,
98037811188acc4d138eabc5f8bd5b10bc024b27,0,1,0,0,0.0,
9ca274b3ffd984f5f2669b7b7bfdf0eda18652f4,1,1,1,0,1.0,
55036f8079fd7f8f66dd89e5e2eb7ac2ecc8e20d,0,3,0,0,0.0,
