Hash,Devs intersection,Conflicted files,Conflicted files caused by same dev,Null files,Conflicted files caused by same dev / Conflicted files
2707e8d791ea68ad004ee78ba0b1a8b91db8f314,0,1,0,0,0.0,
4c759632f314b2fa4616c5fda7688f68ffef6174,1,1,1,0,1.0,
7e888ba0dd0953051cc1051340f171b85ef8841a,1,27,26,0,0.9629629629629629,nuxeo-theme-core/src/test/java/org/nuxeo/theme/test/themes/TestThemeManager.java,Jean-Marc Orliaguet,Florent Guillaume;
9203c1a130488ef09171939bebebfd106bf43502,0,1,0,0,0.0,
750195d579886721d1e7fe083d532275ef43cab7,1,5,4,0,0.8,nuxeo-theme-core/src/main/java/org/nuxeo/theme/themes/ThemeManager.java,Jean-Marc Orliaguet,Bogdan Stefanescu;
15e6e8835a5db20bdc4b6c40942169c0910e9cc7,0,1,0,0,0.0,
a576aff300206b8c9eda6b2c561081883a8550b0,2,1,1,0,1.0,
c4029e2cd7144ea0375684dba3eebba0049edb7a,1,4,4,0,1.0,
55036f8079fd7f8f66dd89e5e2eb7ac2ecc8e20d,0,3,0,0,0.0,
ba172b3dfe6e2e75a3330c0b59e3e08975a71c42,0,1,0,0,0.0,
