Hash,Devs intersection,Conflicted files,Conflicted files caused by same dev,Null files,Conflicted files caused by same dev / Conflicted files
9618ef713a542ebd549e4da024c4f087d4c3b278,2,1,1,0,1.0,
a5fed313f4f2cfe673aa641cdee60a262f32d917,1,1,1,0,1.0,
8277cf2c739160c335bff69f60b685d2f7ed640d,0,1,0,0,0.0,
a7173398654603d7881ec649d20cad41a42d39ff,2,1,1,0,1.0,
726c7f762d07cf06a20a85093026d75489ef0c64,1,1,1,0,1.0,
c9e2218321994a97ef36ed2de62695e13f2a8e9c,2,1,1,0,1.0,
9dedd28f380c01033e08482a7b80f5dab58bc70e,1,1,0,0,0.0,.idea/projectCodeStyle.xml,ebruchez,avernet;
561cfcd708246c78fe1320cfcd0f31659104408f,1,2,2,0,1.0,
cb76442e6dbc8c269e59d8c0280cca2e0b3c5564,2,3,3,0,1.0,
06ce7bd9b2275cb468ffff592755f256e7b99e5f,0,1,0,0,0.0,
5c5c7765b847894760a42fb1c814f30f9362177e,1,20,0,0,0.0,src/resources-packaged/xbl/orbeon/datatable/datatable-unittest.js,Eric van der Vlist,ebruchez;src/java/org/orbeon/oxf/xforms/action/actions/XFormsToggleAction.java,avernet,ebruchez;src/java/org/orbeon/oxf/xforms/action/actions/XFormsSendAction.java,avernet,ebruchez;src/resources-packaged/xbl/orbeon/datatable/datatable-unittest-model.xml,avernet,ebruchez;src/resources-packaged/xbl/orbeon/accordion/accordion.js,avernet,ebruchez;src/java/org/orbeon/oxf/xforms/event/XFormsEventHandlerImpl.java,avernet,ebruchez;src/java/org/orbeon/oxf/xforms/action/XFormsAction.java,avernet,ebruchez;src/java/org/orbeon/oxf/xforms/action/actions/XFormsSetfocusAction.java,avernet,ebruchez;src/resources/apps/xforms-sandbox/samples/test-xforms-controls.xhtml,avernet,ebruchez;src/java/org/orbeon/oxf/xforms/action/XFormsActionInterpreter.java,avernet,ebruchez;src/resources-packaged/xbl/orbeon/autocomplete/autocomplete-unittest.xhtml,avernet,ebruchez;src/java/org/orbeon/oxf/xforms/action/actions/XFormsDispatchAction.java,avernet,ebruchez;src/resources-packaged/xbl/orbeon/autocomplete/autocomplete.xbl,avernet,ebruchez;src/resources-packaged/xbl/orbeon/datatable/datatable.xsl,Eric van der Vlist,ebruchez;src/java/org/orbeon/oxf/xforms/action/actions/XXFormsHideAction.java,avernet,ebruchez;src/resources-packaged/xbl/orbeon/currency/currency.xbl,avernet,ebruchez;src/resources-packaged/config/theme/xforms.css,avernet,ebruchez;src/resources-packaged/xbl/orbeon/autocomplete/autocomplete-unittest.js,avernet,ebruchez;src/java/org/orbeon/oxf/xforms/action/actions/XXFormsShowAction.java,avernet,ebruchez;src/resources/apps/xforms-sandbox/samples/test-xforms-controls.js,avernet,ebruchez;
a1255be6fc76c1573a179258211d75201d4b923b,1,13,1,0,0.07692307692307693,src/resources-packaged/xbl/orbeon/datatable/datatable-unittest.js,ebruchez,Eric van der Vlist;src/resources-packaged/ops/javascript/xforms.js,ebruchez,avernet;src/resources-packaged/xbl/orbeon/datatable/datatable-unittest-model.xml,ebruchez,Eric van der Vlist;src/resources-packaged/xbl/orbeon/accordion/accordion.js,ebruchez,avernet;src/resources/apps/xforms-sandbox/samples/test-xforms-controls.xhtml,ebruchez,avernet;src/resources-packaged/xbl/orbeon/autocomplete/autocomplete-unittest.xhtml,ebruchez,avernet;src/resources-packaged/xbl/orbeon/autocomplete/autocomplete.xbl,ebruchez,avernet;src/resources-packaged/xbl/orbeon/datatable/datatable.xsl,ebruchez,Eric van der Vlist;src/resources-packaged/xbl/orbeon/currency/currency.xbl,ebruchez,avernet;src/resources/apps/xforms-sandbox/samples/test-repeat.xhtml,ebruchez,avernet;src/resources-packaged/xbl/orbeon/autocomplete/autocomplete-unittest.js,ebruchez,avernet;src/resources/apps/xforms-sandbox/samples/test-xforms-controls.js,ebruchez,avernet;
b12f33d0e1c1496b4b61658d599431bdfbaa09ab,1,17,11,0,0.6470588235294118,src/resources-packaged/xbl/orbeon/datatable/datatable-unittest.js,ebruchez,Eric van der Vlist;src/resources-packaged/xbl/orbeon/datatable/datatable-unittest-model.xml,ebruchez,Eric van der Vlist;src/resources/apps/xforms-sandbox/samples/test-repeat.xhtml,Eric van der Vlist,avernet;src/resources-packaged/ops/unit-tests/tests.xml,ebruchez,avernet;src/resources-packaged/xbl/orbeon/autocomplete/autocomplete-unittest.js,ebruchez,avernet;src/resources-packaged/xbl/orbeon/fusion-charts/fusion-charts.js,ebruchez,avernet;
2f605112cdc779155f930a2c64cdfe0446c117d6,1,2,2,0,1.0,
6432757d7c98414d74ed4633871984753f4350d8,0,1,0,0,0.0,
6414275e0be2a5b9f30e7a2e9469ae3ff42035cc,1,3,3,0,1.0,
7b45a4ccdaf56b81e2c751a088786af501377feb,0,2,0,0,0.0,
477a15c122f2bfdc0e62e77d439d86a8fd333ae2,1,1,1,0,1.0,
59b4905db406ad9fb8c598e10a537d6944fc2dd3,1,1,0,0,0.0,src/java/org/orbeon/oxf/xforms/XFormsModelBinds.java,ebruchez,avernet;
02983673590ce54368a78c586f6f80988246b01e,1,1,1,0,1.0,
de5fe66b18b06d474acbce788c1029c926f0d156,1,3,3,0,1.0,
788962233d828dfae042cb2646255eef6c6675e5,1,1,1,0,1.0,
e8ebb4709c4ee1593feed0e2482340667c167fce,1,2,2,0,1.0,
d03b9a988c548d4458863d53b7aa5f7a549cd15f,1,13,0,0,0.0,src/java/org/orbeon/oxf/xforms/XFormsContainingDocument.java,ebruchez,avernet;src/java/org/orbeon/oxf/xforms/XFormsControls.java,ebruchez,avernet;src/java/org/orbeon/oxf/xforms/processor/XFormsToXHTML.java,ebruchez,avernet;src/java/org/orbeon/oxf/xforms/XFormsContextStack.java,ebruchez,avernet;src/java/org/orbeon/oxf/xforms/action/actions/XFormsSetvalueAction.java,ebruchez,avernet;src/java/org/orbeon/oxf/xforms/ControlTree.java,ebruchez,avernet;src/java/org/orbeon/oxf/xforms/processor/handlers/XHTMLHeadHandler.java,ebruchez,avernet;src/java/org/orbeon/oxf/xforms/control/controls/XFormsRepeatControl.java,ebruchez,avernet;src/java/org/orbeon/oxf/xforms/control/controls/XFormsTextareaControl.java,ebruchez,avernet;src/java/org/orbeon/oxf/xforms/action/actions/XFormsRefreshAction.java,ebruchez,avernet;src/java/org/orbeon/oxf/xforms/XFormsModel.java,ebruchez,avernet;src/resources/config/log4j.xml,ebruchez,avernet;src/java/org/orbeon/oxf/xforms/xbl/XBLContainer.java,ebruchez,avernet;
4a2b5f99469e3109a0e453f11af3fb1a2b2e3036,1,6,5,0,0.8333333333333334,src/java/org/orbeon/oxf/xforms/processor/handlers/XFormsTriggerHandler.java,avernet,ebruchez;
ac551856e6b2b60b6e7f6b9ab7b1c95015fb84b1,0,2,0,0,0.0,
