Hash,Devs intersection,Conflicted files,Conflicted files caused by same dev,Null files,Conflicted files caused by same dev / Conflicted files
b331f889e20f0c6f3d28e452c0555d45181fe34e,0,3,0,0,0.0,
1e143e28c5bfb83439b82143f775b0479745e4d5,0,3,0,0,0.0,
221ea98d44750f4bba0a0809a10eca94e763dcac,1,1,0,0,0.0,src/com/android/phone/BluetoothHeadsetService.java,David Brown,Jaikumar Ganesh;
8972be9598511b1a771efacc5f094a8d78ce7b95,1,1,0,0,0.0,src/com/android/phone/BluetoothHeadsetService.java,Simon Wilson,Jaikumar Ganesh;
5603cef3e91bef1e2fae956aa66c261937442ccc,0,1,0,0,0.0,
e2c6ada19038df827669be2ddaaf200a9dcb5bae,0,1,0,0,0.0,
aa2433ef19e98079c4756fdc8d5ab49065050c5d,0,1,0,0,0.0,
6faa4b60dceeec82b37adb8a336c48b99d482736,1,1,0,0,0.0,src/com/android/phone/BluetoothHandsfree.java,Eric Fischer,Jaikumar Ganesh;
37d9036ea7fe0dab8531627c6f2fc2dd079b7fac,0,1,0,0,0.0,
b8c744318b231cbf025182d98254d77ff1be2850,0,39,0,0,0.0,
a77c00a537976118eedf6e5828cd4893c6b9f02d,0,2,0,0,0.0,
0fccadc4c291a59c449d1803cd0f3227a2106efe,1,7,7,0,1.0,
87be902d72a80fb894fd549c305358540d83102f,0,7,0,0,0.0,
bdb8a7bc5ae7d74a8ec2effb0ad9d3eff32c9f43,1,1,0,0,0.0,src/com/android/phone/EmergencyCallHandler.java,Jaikumar Ganesh,David Brown;
284d421f25bcce4a4db3aafce9ad338f625997a8,0,1,0,0,0.0,
e92822c31e1882b5e32dc12e6a0879d404e94af8,1,1,0,0,0.0,src/com/android/phone/BluetoothHeadsetService.java,Chung-yih Wang,Jaikumar Ganesh;
784e5e2e24564417970aaa30cc94c02ebbd29053,1,21,0,0,0.0,res/values-iw/strings.xml,Jean-Baptiste Queru,Eric Fischer;res/values-rm/strings.xml,Jean-Baptiste Queru,Eric Fischer;res/values-ro/strings.xml,Jean-Baptiste Queru,Eric Fischer;res/values-en-rGB/strings.xml,Jean-Baptiste Queru,Eric Fischer;res/values-hu/strings.xml,Jean-Baptiste Queru,Eric Fischer;res/values-sr/strings.xml,Jean-Baptiste Queru,Eric Fischer;res/values-uk/strings.xml,Jean-Baptiste Queru,Eric Fischer;res/values-ar/strings.xml,Jean-Baptiste Queru,Eric Fischer;res/values-th/strings.xml,Jean-Baptiste Queru,Eric Fischer;res/values-lt/strings.xml,Jean-Baptiste Queru,Eric Fischer;res/values-hr/strings.xml,Jean-Baptiste Queru,Eric Fischer;res/values-in/strings.xml,Jean-Baptiste Queru,Eric Fischer;res/values-vi/strings.xml,Jean-Baptiste Queru,Eric Fischer;res/values-ca/strings.xml,Jean-Baptiste Queru,Eric Fischer;res/values-lv/strings.xml,Jean-Baptiste Queru,Eric Fischer;res/values-sk/strings.xml,Jean-Baptiste Queru,Eric Fischer;res/values-tl/strings.xml,Jean-Baptiste Queru,Eric Fischer;res/values-fa/strings.xml,Jean-Baptiste Queru,Eric Fischer;res/values-fi/strings.xml,Jean-Baptiste Queru,Eric Fischer;res/values-sl/strings.xml,Jean-Baptiste Queru,Eric Fischer;res/values-bg/strings.xml,Jean-Baptiste Queru,Eric Fischer;
20ebcffe86bfa9b5db1da8c47309f15ccc423a92,1,1,0,0,0.0,src/com/android/phone/PhoneApp.java,David Brown,Chung-yih Wang;
9f6384a9d1f7702a49fd3936b09cc46e79018a07,0,1,0,0,0.0,
07ab8425f223a0cde1759ba4565f285a6d1c2d96,1,1,0,0,0.0,src/com/android/phone/EmergencyCallHandler.java,Jaikumar Ganesh,David Brown;
5b14fceea48755a6bb15cd8f923526a02d6616cd,1,1,0,0,0.0,src/com/android/phone/BluetoothHeadsetService.java,Chung-yih Wang,Jaikumar Ganesh;
104fd6192641f0994f9eba3e50f161d6e792ee37,1,21,0,0,0.0,res/values-iw/strings.xml,David Brown,Eric Fischer;res/values-rm/strings.xml,David Brown,Eric Fischer;res/values-ro/strings.xml,David Brown,Eric Fischer;res/values-en-rGB/strings.xml,David Brown,Eric Fischer;res/values-hu/strings.xml,David Brown,Eric Fischer;res/values-sr/strings.xml,David Brown,Eric Fischer;res/values-uk/strings.xml,David Brown,Eric Fischer;res/values-ar/strings.xml,David Brown,Eric Fischer;res/values-th/strings.xml,David Brown,Eric Fischer;res/values-lt/strings.xml,David Brown,Eric Fischer;res/values-hr/strings.xml,David Brown,Eric Fischer;res/values-in/strings.xml,David Brown,Eric Fischer;res/values-vi/strings.xml,David Brown,Eric Fischer;res/values-ca/strings.xml,David Brown,Eric Fischer;res/values-lv/strings.xml,David Brown,Eric Fischer;res/values-sk/strings.xml,David Brown,Eric Fischer;res/values-tl/strings.xml,David Brown,Eric Fischer;res/values-fa/strings.xml,David Brown,Eric Fischer;res/values-fi/strings.xml,David Brown,Eric Fischer;res/values-sl/strings.xml,David Brown,Eric Fischer;res/values-bg/strings.xml,David Brown,Eric Fischer;
687748279e836f9ec9716a6d2eff5501aa8d9536,1,1,0,0,0.0,src/com/android/phone/NotificationMgr.java,Jean-Baptiste Queru,David Brown;
b602b057587837b6f1545561dd09ff57c8358a53,1,1,1,0,1.0,
58a4656f9827b609549ae424d0756979ae75a72b,1,18,18,0,1.0,
459b771337eb5a7553de119d6da9bc813da122b8,0,5,0,0,0.0,
38ae248f28cc2d2b1d2397c5a978cfa98af2be0c,1,20,20,0,1.0,
efa710919c17ad7868a696b17db3a53e55df6f41,1,5,5,0,1.0,
6e1e90ccae51314ee002b67e65cdb10ffe6a4a40,1,1,0,0,0.0,res/values-es/strings.xml,Justin Ho,Eric Fischer;
65ae4ef7fb32869eb2f4800b43b5891276550dcc,0,12,0,0,0.0,
ab6d48beae1213e320710f5ad92c74900fe6011c,1,40,0,0,0.0,res/values-es-rUS/strings.xml,David Brown,Eric Fischer;res/values-nb/array.xml,David Brown,Eric Fischer;res/values-es/strings.xml,David Brown,Eric Fischer;res/values-el/array.xml,David Brown,Eric Fischer;res/values-es-rUS/array.xml,David Brown,Eric Fischer;res/values-cs/strings.xml,David Brown,Eric Fischer;res/values-es/array.xml,David Brown,Eric Fischer;res/values-zh-rTW/strings.xml,David Brown,Eric Fischer;res/values-ja/array.xml,David Brown,Eric Fischer;res/values-ja/strings.xml,David Brown,Eric Fischer;res/values-ru/strings.xml,David Brown,Eric Fischer;res/values-sv/strings.xml,David Brown,Eric Fischer;res/values-zh-rCN/array.xml,David Brown,Eric Fischer;res/values-ru/array.xml,David Brown,Eric Fischer;res/values-el/strings.xml,David Brown,Eric Fischer;res/values-nb/strings.xml,David Brown,Eric Fischer;res/values-pt/strings.xml,David Brown,Eric Fischer;res/values-zh-rTW/array.xml,David Brown,Eric Fischer;res/values-pl/array.xml,David Brown,Eric Fischer;res/values-zh-rCN/strings.xml,David Brown,Eric Fischer;res/values-ko/strings.xml,David Brown,Eric Fischer;res/values-da/array.xml,David Brown,Eric Fischer;res/values-pt-rPT/strings.xml,David Brown,Eric Fischer;res/values-de/strings.xml,David Brown,Eric Fischer;res/values-nl/strings.xml,David Brown,Eric Fischer;res/values-fr/array.xml,David Brown,Eric Fischer;res/values-sv/array.xml,David Brown,Eric Fischer;res/values-it/array.xml,David Brown,Eric Fischer;res/values-pl/strings.xml,David Brown,Eric Fischer;res/values-pt-rPT/array.xml,David Brown,Eric Fischer;res/values-pt/array.xml,David Brown,Eric Fischer;res/values-tr/strings.xml,David Brown,Eric Fischer;res/values-de/array.xml,David Brown,Eric Fischer;res/values-cs/array.xml,David Brown,Eric Fischer;res/values-da/strings.xml,David Brown,Eric Fischer;res/values-it/strings.xml,David Brown,Eric Fischer;res/values-ko/array.xml,David Brown,Eric Fischer;res/values-tr/array.xml,David Brown,Eric Fischer;res/values-nl/array.xml,David Brown,Eric Fischer;res/values-fr/strings.xml,David Brown,Eric Fischer;
739bcf6eb7b3971e03e0a6243412d0a518481cb9,0,2,0,0,0.0,
5ea242f4020a31a17c2171d837d20e821e63b564,1,1,0,0,0.0,src/com/android/phone/BluetoothHeadsetService.java,Wink Saville,Jaikumar Ganesh;
fe8ed52dfa0d35aec483ce572a47b060a888e86f,1,21,0,0,0.0,res/values-pt-rPT/strings.xml,Chung-yih Wang,Eric Fischer;res/values-de/strings.xml,Chung-yih Wang,Eric Fischer;res/values-es-rUS/strings.xml,Chung-yih Wang,Eric Fischer;res/values-nl/strings.xml,Chung-yih Wang,Eric Fischer;res/values-es/strings.xml,Chung-yih Wang,Eric Fischer;res/values-pl/strings.xml,Chung-yih Wang,Eric Fischer;res/values-tr/strings.xml,Chung-yih Wang,Eric Fischer;res/values-cs/strings.xml,Chung-yih Wang,Eric Fischer;res/values-de/array.xml,Chung-yih Wang,Eric Fischer;res/values-zh-rTW/strings.xml,Chung-yih Wang,Eric Fischer;res/values-ja/strings.xml,Chung-yih Wang,Eric Fischer;res/values-ru/strings.xml,Chung-yih Wang,Eric Fischer;res/values-sv/strings.xml,Chung-yih Wang,Eric Fischer;res/values-el/strings.xml,Chung-yih Wang,Eric Fischer;res/values-nb/strings.xml,Chung-yih Wang,Eric Fischer;res/values-pt/strings.xml,Chung-yih Wang,Eric Fischer;res/values-da/strings.xml,Chung-yih Wang,Eric Fischer;res/values-it/strings.xml,Chung-yih Wang,Eric Fischer;res/values-zh-rCN/strings.xml,Chung-yih Wang,Eric Fischer;res/values-ko/strings.xml,Chung-yih Wang,Eric Fischer;res/values-fr/strings.xml,Chung-yih Wang,Eric Fischer;
b65c3d8b2dc64d8a59a7a4805bf24ccc5437d9db,1,20,0,0,0.0,res/values-pt-rPT/strings.xml,David Brown,Eric Fischer;res/values-de/strings.xml,David Brown,Eric Fischer;res/values-es-rUS/strings.xml,David Brown,Eric Fischer;res/values-nl/strings.xml,David Brown,Eric Fischer;res/values-es/strings.xml,David Brown,Eric Fischer;res/values-pl/strings.xml,David Brown,Eric Fischer;res/values-tr/strings.xml,David Brown,Eric Fischer;res/values-cs/strings.xml,David Brown,Eric Fischer;res/values-zh-rTW/strings.xml,David Brown,Eric Fischer;res/values-ja/strings.xml,David Brown,Eric Fischer;res/values-ru/strings.xml,David Brown,Eric Fischer;res/values-sv/strings.xml,David Brown,Eric Fischer;res/values-el/strings.xml,David Brown,Eric Fischer;res/values-nb/strings.xml,David Brown,Eric Fischer;res/values-pt/strings.xml,David Brown,Eric Fischer;res/values-da/strings.xml,David Brown,Eric Fischer;res/values-it/strings.xml,David Brown,Eric Fischer;res/values-zh-rCN/strings.xml,David Brown,Eric Fischer;res/values-ko/strings.xml,David Brown,Eric Fischer;res/values-fr/strings.xml,David Brown,Eric Fischer;
85640bcbfdbb36263b835d32e8e512d16cede9b4,1,20,0,0,0.0,res/values-pt-rPT/strings.xml,Hung-ying Tyan,Eric Fischer;res/values-de/strings.xml,Hung-ying Tyan,Eric Fischer;res/values-es-rUS/strings.xml,Hung-ying Tyan,Eric Fischer;res/values-nl/strings.xml,Hung-ying Tyan,Eric Fischer;res/values-es/strings.xml,Hung-ying Tyan,Eric Fischer;res/values-pl/strings.xml,Hung-ying Tyan,Eric Fischer;res/values-tr/strings.xml,Hung-ying Tyan,Eric Fischer;res/values-cs/strings.xml,Hung-ying Tyan,Eric Fischer;res/values-zh-rTW/strings.xml,Hung-ying Tyan,Eric Fischer;res/values-ja/strings.xml,Hung-ying Tyan,Eric Fischer;res/values-ru/strings.xml,Hung-ying Tyan,Eric Fischer;res/values-sv/strings.xml,Hung-ying Tyan,Eric Fischer;res/values-el/strings.xml,Hung-ying Tyan,Eric Fischer;res/values-nb/strings.xml,Hung-ying Tyan,Eric Fischer;res/values-pt/strings.xml,Hung-ying Tyan,Eric Fischer;res/values-da/strings.xml,Hung-ying Tyan,Eric Fischer;res/values-it/strings.xml,Hung-ying Tyan,Eric Fischer;res/values-zh-rCN/strings.xml,Hung-ying Tyan,Eric Fischer;res/values-ko/strings.xml,Hung-ying Tyan,Eric Fischer;res/values-fr/strings.xml,Hung-ying Tyan,Eric Fischer;
7e1b54f0ec7851aa43e516e4ad317560ea952d50,1,1,0,0,0.0,src/com/android/phone/InCallScreen.java,Jaikumar Ganesh,John Wang;
54b599fc96e4f0ca45880c1871509ad5905083e7,1,1,0,0,0.0,src/com/android/phone/InCallScreen.java,Hung-ying Tyan,John Wang;
6feb759a3fac67792c5c7598336431a688f317e7,1,2,0,0,0.0,src/com/android/phone/InCallScreen.java,Hung-ying Tyan,John Wang;src/com/android/phone/PhoneApp.java,Hung-ying Tyan,John Wang;
8c5f61d113d4f158317f1d931f664ce6c004438f,1,1,0,0,0.0,res/layout/ongoing_call_notification.xml,Hung-ying Tyan,David Brown;
1b4455031a45a9b87cf66b3384ce59287500a448,0,4,0,0,0.0,
ae06944d83ab76f231adb9c8e72adc3f19efa1cb,0,1,0,0,0.0,
617e01d46ef9213f2c6890b1927aaafc3e894392,0,1,0,0,0.0,
752356770d0da02f378141ccc680849b73d23f61,1,20,0,0,0.0,res/values-pt-rPT/strings.xml,Daniel Sandler,Eric Fischer;res/values-de/strings.xml,Daniel Sandler,Eric Fischer;res/values-es-rUS/strings.xml,Daniel Sandler,Eric Fischer;res/values-nl/strings.xml,Daniel Sandler,Eric Fischer;res/values-es/strings.xml,Daniel Sandler,Eric Fischer;res/values-pl/strings.xml,Daniel Sandler,Eric Fischer;res/values-tr/strings.xml,Daniel Sandler,Eric Fischer;res/values-cs/strings.xml,Daniel Sandler,Eric Fischer;res/values-zh-rTW/strings.xml,Daniel Sandler,Eric Fischer;res/values-ja/strings.xml,Daniel Sandler,Eric Fischer;res/values-ru/strings.xml,Daniel Sandler,Eric Fischer;res/values-sv/strings.xml,Daniel Sandler,Eric Fischer;res/values-el/strings.xml,Daniel Sandler,Eric Fischer;res/values-nb/strings.xml,Daniel Sandler,Eric Fischer;res/values-pt/strings.xml,Daniel Sandler,Eric Fischer;res/values-da/strings.xml,Daniel Sandler,Eric Fischer;res/values-it/strings.xml,Daniel Sandler,Eric Fischer;res/values-zh-rCN/strings.xml,Daniel Sandler,Eric Fischer;res/values-ko/strings.xml,Daniel Sandler,Eric Fischer;res/values-fr/strings.xml,Daniel Sandler,Eric Fischer;
6b4d37ced9d2db95b988482789cf299da00d2dae,1,1,0,0,0.0,src/com/android/phone/BluetoothHandsfree.java,David Brown,John Wang;
7ede0c06e06bdb40aabccb52efab21cb85464904,0,1,0,0,0.0,
870bd7f09582278afaf7447a3be72653a742b1bd,0,1,0,0,0.0,
a4f8d09a653f1322bb3d38cd65a8cc038a984280,0,2,0,0,0.0,
47bf9386b2db81cdc7194711412194fce5b489c6,0,1,0,0,0.0,
9afe1de771110096822a2501d78135575101421d,1,5,0,0,0.0,src/com/android/phone/InCallMenu.java,Chung-yih Wang,John Wang;src/com/android/phone/PhoneUtils.java,Chung-yih Wang,John Wang;src/com/android/phone/PhoneInterfaceManager.java,Chung-yih Wang,John Wang;src/com/android/phone/InCallControlState.java,Chung-yih Wang,John Wang;src/com/android/phone/InCallScreen.java,Chung-yih Wang,John Wang;
f801aeb253a73237a4523f407fdd72531b2db032,1,1,1,0,1.0,
c810c4656ed53ea05de5ad42404858b5a4b2df64,1,1,0,0,0.0,src/com/android/phone/PhoneApp.java,Eric Fischer,John Wang;
cc7716bc366332af76cd7a47332cf9dabe0e24fb,0,1,0,0,0.0,
9537852545bf97d9e4d903c1eb2b528adc22dbc8,1,1,1,0,1.0,
b08aa5ed7d52eda9670f59ad5f83e81ed040f2cd,1,1,0,0,0.0,src/com/android/phone/NotificationMgr.java,Mike Lockwood,David Brown;
10f602b833e5486998f3e02b7f573c5faf069416,1,1,0,0,0.0,src/com/android/phone/CallNotifier.java,David Brown,Jean-Baptiste Queru;
85971429acef3eee79c0867ecc92e543880ab4f7,1,2,0,0,0.0,src/com/android/phone/CdmaOptions.java,David Brown,The Android Open Source Project;src/com/android/phone/GsmUmtsOptions.java,David Brown,The Android Open Source Project;
0f32c1a1359f9a1b74bb1d061f516d3a6559617f,1,1,0,0,0.0,src/com/android/phone/Settings.java,The Android Open Source Project,Wink Saville;
1ca1b441b65d55659e2553540f9b75b9749d7fde,0,1,0,0,0.0,
8ff3733d62dc6072a54db0e61f17e20f2026018c,0,1,0,0,0.0,
975d455b9bf32f2c07527ffa96aafecf042a68d8,0,1,0,0,0.0,
02139e8e22adbdd2f148243248d59bf492389c99,1,1,0,0,0.0,src/com/android/phone/PhoneApp.java,The Android Open Source Project,Wink Saville;
fb6e861345db8c4213280c7f32aa4e2eac4b0d11,1,2,0,0,0.0,src/com/android/phone/PhoneApp.java,Virgil King,Eric Laurent;src/com/android/phone/CallFeaturesSetting.java,Virgil King,Eric Laurent;
02dc3e7ac3a200b722cf5e229cd0803f1541a1f3,1,1,0,0,0.0,src/com/android/phone/CallFeaturesSetting.java,Eugene Koh,Virgil King;
6f1885440527f1ac6b7738a73b8f93e0577ce276,0,1,0,0,0.0,
ac582f9283c5c6ae88a2367eef1765614962cb6b,1,2,0,0,0.0,res/values-da/strings.xml,David Brown,Eric Fischer;res/values-zh-rCN/strings.xml,David Brown,Eric Fischer;
3bc6e1bc1bc64335071e9f9b62da8c8be69cd4d1,1,1,0,0,0.0,res/values-zh-rTW/strings.xml,Mike Lockwood,Android (Google) Code Review;
445778d8a47f1665861e4da72f09bbb7d666941e,1,3,0,0,0.0,res/values-ru/strings.xml,Jaikumar Ganesh,Eric Fischer;res/values-da/strings.xml,Jaikumar Ganesh,Eric Fischer;res/values-zh-rCN/strings.xml,Jaikumar Ganesh,Eric Fischer;
46ca9ae28cab1ab89e27d1f3d001fa09c5d25887,1,1,0,0,0.0,res/values-zh-rCN/strings.xml,Mike Lockwood,Android (Google) Code Review;
9f64cce47fca284d51715898257be2258025eb6f,0,1,0,0,0.0,
2b7d641b9d67a90a83b8d648a833577d92da54ec,0,26,0,0,0.0,
63de0c5efd359296cc326f4708236293f943abf7,1,19,0,0,0.0,res/values-pt-rPT/strings.xml,Jim Miller,Android (Google) Code Review;res/values-de/strings.xml,Jim Miller,Android (Google) Code Review;res/values-es-rUS/strings.xml,Jim Miller,Android (Google) Code Review;res/values-nl/strings.xml,Jim Miller,Android (Google) Code Review;res/values-es/strings.xml,Jim Miller,Android (Google) Code Review;res/values-pl/strings.xml,Jim Miller,Android (Google) Code Review;res/values-tr/strings.xml,Jim Miller,Android (Google) Code Review;res/values-cs/strings.xml,Jim Miller,Android (Google) Code Review;res/values-ja/strings.xml,Jim Miller,Android (Google) Code Review;res/values-ru/strings.xml,Jim Miller,Android (Google) Code Review;res/values-sv/strings.xml,Jim Miller,Android (Google) Code Review;res/values-el/strings.xml,Jim Miller,Android (Google) Code Review;res/values-nb/strings.xml,Jim Miller,Android (Google) Code Review;res/values-pt/strings.xml,Jim Miller,Android (Google) Code Review;res/values-da/strings.xml,Jim Miller,Android (Google) Code Review;res/values-it/strings.xml,Jim Miller,Android (Google) Code Review;res/values-zh-rCN/strings.xml,Jim Miller,Android (Google) Code Review;res/values-ko/strings.xml,Jim Miller,Android (Google) Code Review;res/values-fr/strings.xml,Jim Miller,Android (Google) Code Review;
3fff533e1f4f39be04ca658e39f10bab5283b0b9,1,19,0,0,0.0,res/values-pt-rPT/strings.xml,Jaikumar Ganesh,Eric Fischer;res/values-de/strings.xml,Jaikumar Ganesh,Eric Fischer;res/values-es-rUS/strings.xml,Jaikumar Ganesh,Eric Fischer;res/values-nl/strings.xml,Jaikumar Ganesh,Eric Fischer;res/values-es/strings.xml,Jaikumar Ganesh,Eric Fischer;res/values-pl/strings.xml,Jaikumar Ganesh,Eric Fischer;res/values-tr/strings.xml,Jaikumar Ganesh,Eric Fischer;res/values-cs/strings.xml,Jaikumar Ganesh,Eric Fischer;res/values-zh-rTW/strings.xml,Jaikumar Ganesh,Eric Fischer;res/values-ja/strings.xml,Jaikumar Ganesh,Eric Fischer;res/values-ru/strings.xml,Jaikumar Ganesh,Eric Fischer;res/values-sv/strings.xml,Jaikumar Ganesh,Eric Fischer;res/values-el/strings.xml,Jaikumar Ganesh,Eric Fischer;res/values-nb/strings.xml,Jaikumar Ganesh,Eric Fischer;res/values-pt/strings.xml,Jaikumar Ganesh,Eric Fischer;res/values-da/strings.xml,Jaikumar Ganesh,Eric Fischer;res/values-it/strings.xml,Jaikumar Ganesh,Eric Fischer;res/values-ko/strings.xml,Jaikumar Ganesh,Eric Fischer;res/values-fr/strings.xml,Jaikumar Ganesh,Eric Fischer;
3897278c8d39ac3ede871e4f9f963d145f6e895d,0,1,0,0,0.0,
d3a684071f7afad5425f0cbed3c62fc96c6938b3,1,1,0,0,0.0,res/values-nb/strings.xml,Jaikumar Ganesh,Eric Fischer;
1b52e290a5764bcb56563031b1c4c4a10935448e,0,1,0,0,0.0,
b7bad47c62f5dec2e3aa02edfad64f4d885e766a,1,19,0,0,0.0,res/values-pt-rPT/strings.xml,Nicolas Catania,Eric Fischer;res/values-de/strings.xml,Nicolas Catania,Eric Fischer;res/values-nl/strings.xml,Nicolas Catania,Eric Fischer;res/values-es/strings.xml,Nicolas Catania,Eric Fischer;res/values-pl/strings.xml,Nicolas Catania,Eric Fischer;res/values-tr/strings.xml,Nicolas Catania,Eric Fischer;res/values-cs/strings.xml,Nicolas Catania,Eric Fischer;res/values-zh-rTW/strings.xml,Nicolas Catania,Eric Fischer;res/values-ja/strings.xml,Nicolas Catania,Eric Fischer;res/values-ru/strings.xml,Nicolas Catania,Eric Fischer;res/values-sv/strings.xml,Nicolas Catania,Eric Fischer;res/values-el/strings.xml,Nicolas Catania,Eric Fischer;res/values-nb/strings.xml,Nicolas Catania,Eric Fischer;res/values-pt/strings.xml,Nicolas Catania,Eric Fischer;res/values-da/strings.xml,Nicolas Catania,Eric Fischer;res/values-it/strings.xml,Nicolas Catania,Eric Fischer;res/values-zh-rCN/strings.xml,Nicolas Catania,Eric Fischer;res/values-ko/strings.xml,Nicolas Catania,Eric Fischer;res/values-fr/strings.xml,Nicolas Catania,Eric Fischer;
c0ed62d69b4e774dce51c90905561c59b30cb2d4,0,12,0,0,0.0,
d1fc270e1b218c0a7fccbebc24eddcbf70a430bc,0,1,0,0,0.0,
a700eaddb471d503303729ef8b58b18e4319c5ce,1,1,0,0,0.0,src/com/android/phone/BluetoothHandsfree.java,The Android Open Source Project,Zhu Lan;
7bbac22019282adc7e363583d321daa7e18cd63d,1,1,0,0,0.0,src/com/android/phone/SimContacts.java,David Brown,Daisuke Miyakawa;
5743ff980133dce7ef9e65f97e7c035a400ef24d,0,20,0,0,0.0,
d8980d1e470147f89761a6284781f28e6b5ea8eb,0,1,0,0,0.0,
d58025cd3578a30966f641877ff802abd68787cb,0,1,0,0,0.0,
b412ff6351a2947ff5768f5be560fc2a687fe1c6,0,1,0,0,0.0,
8be91c864aba5db47417641e2fc5248b51cc807d,1,1,0,0,0.0,res/values/strings.xml,Android (Google) Code Review,David Brown;
43057faeda0ffd3d15b3a0978113b5b3906fa059,1,2,0,0,0.0,res/values/strings.xml,Wink Saville,Android (Google) Code Review;src/com/android/phone/CallFeaturesSetting.java,Wink Saville,Android (Google) Code Review;
7728170c954cbfe189db7bfd24015162483cb57d,0,1,0,0,0.0,
8a712506f01e86e67f9763443b8d516682b1596b,0,6,0,0,0.0,
6903f0c0f0ecc1e2c27ae9c8f65178c521a4ffba,0,15,0,0,0.0,
ef93beade4291da0170b260d008628fd190b3b3c,1,1,0,0,0.0,AndroidManifest.xml,Jean-Baptiste Queru,Wink Saville;
6378ad93244f00a2beb01965d087290743f2bb87,0,11,0,0,0.0,
7974115e605b69ee21c852bd5859de124075984d,1,1,1,0,1.0,
9af919b2d106a676d5cfed69b872984600c0c37e,1,1,0,0,0.0,src/com/android/phone/BluetoothHandsfree.java,Paul Berman,Wink Saville;
80e7149ffe1f9cd99cc6c161717ff1780232d907,1,1,1,0,1.0,
5881920e19bd481fa407bb062e638811e114abff,0,1,0,0,0.0,
7957f63826136b71474d24f29954dfb03758003b,0,1,0,0,0.0,
c5f3a741da47b4ef0a06df094512128d25e1ea20,0,1,0,0,0.0,
70ef77dbdafcab3cd0fc0dd9b15351a7640f6f97,0,1,0,0,0.0,
3796d6d37a60257729f208fadc06810ae20f4e0a,1,1,0,0,0.0,res/values-zh-rTW/strings.xml,The Android Open Source Project,Eric Fischer;
b249bce23e64bddf05196de9395adc90e7f780aa,1,1,0,0,0.0,res/values-zh-rTW/strings.xml,Jean-Baptiste Queru,Eric Fischer;
7f557f590e7f8042a70bcb893db2cacf94fc029b,1,14,9,1,0.6428571428571429,res/values-cs/strings.xml,Wink Saville,Eric Fischer;res/values-nb/strings.xml,Wink Saville,Eric Fischer;src/com/android/phone/InCallScreen.java,Wink Saville,David Brown;src/com/android/phone/CallFeaturesSetting.java,Wink Saville,John Wang;
6802161a90968829ec8777ec0080677b1e15e28e,1,3,0,1,0.0,src/com/android/phone/PhoneApp.java,Wink Saville,David Brown;src/com/android/phone/NotificationMgr.java,Wink Saville,Tammo Spalink;
