Hash,Devs intersection,Conflicted files,Conflicted files caused by same dev,Null files,Conflicted files caused by same dev / Conflicted files
60215494f9ef7c9985fc40bb95c346f9b28aff50,1,1,1,0,1.0,
73a8f38d7ca537aadc126135fc57e61dfc1db9c0,1,1,1,0,1.0,
05c8a604c86e116fcbb9aca4a3fe1d70a600cfd5,2,1,1,0,1.0,
9da33d8295054593f3ffd87674db94a8ba0efc46,2,1,1,0,1.0,
f33f6a5adcd0c2cc2e5e954cd0cbf4d42b2b51cc,2,1,1,0,1.0,
ae57e2f65464c0edfe45da322e528fed94079958,2,8,8,0,1.0,
1f5896b9f82d13c9b233fc515c034147d79640ad,2,4,4,0,1.0,
43fa8f469ff6b40399ebee11af0036ca43cc7b76,0,8,0,0,0.0,
e6b4925ea54fa4312e45beee790541283fc53ca8,1,13,13,0,1.0,
c7cff38ef9e1c514e6884ba5cbb917f595a0bae5,2,10,0,0,0.0,java/res/values-my-rMM/strings.xml,Bill Yi,TreeHugger Robot;java/res/values-be-rBY/strings.xml,Bill Yi,TreeHugger Robot;java/res/values-es/strings.xml,Bill Yi,TreeHugger Robot;java/res/values-fa/strings.xml,Bill Yi,TreeHugger Robot;java/res/values-bn-rBD/strings.xml,Bill Yi,TreeHugger Robot;java/res/values-eu-rES/strings.xml,Bill Yi,TreeHugger Robot;java/res/values-pa-rIN/strings.xml,Bill Yi,TreeHugger Robot;java/res/values-pt-rPT/strings.xml,Bill Yi,TreeHugger Robot;java/res/values-ml-rIN/strings.xml,Bill Yi,TreeHugger Robot;java/res/values-kn-rIN/strings.xml,Bill Yi,TreeHugger Robot;
d369a7498f961ae70ca7f402730fe18062db44c3,0,7,0,0,0.0,
c3bfd941299763c5a4b30471f0f68a81a0ad29ab,1,8,8,0,1.0,
b6e8df2cf10acff16a0267483ec3764b8f78a617,0,3,0,0,0.0,
b7704a535622184eb1874500b7bdc89f113f3a96,1,1,1,0,1.0,
3c0e6db0ee334205974b2f14989ff11dadafa9d7,0,1,0,0,0.0,
be1dc7440b3f03e795d4cacdf217b576f5a50bfe,0,1,0,0,0.0,
942137b3e81da1e9b98e7fdf00ba7c62dbb8c922,0,2,0,0,0.0,
38675be227168189285813eb7541f478c4757ff5,0,3,0,0,0.0,
ca2d76a91e7be3d2810306364086387c785fb414,1,19,0,0,0.0,java/res/values-fr/strings.xml,Jatin Matani,The Android Automerger;java/src/com/android/inputmethod/latin/SystemBroadcastReceiver.java,Jatin Matani,The Android Automerger;java/res/values-es/strings.xml,Jatin Matani,The Android Automerger;java/res/values-tl/strings.xml,Jatin Matani,The Android Automerger;java/res/values-sk/strings.xml,Jatin Matani,The Android Automerger;java/res/values-vi/strings.xml,Jatin Matani,The Android Automerger;java/res/values-ms-rMY/strings.xml,Jatin Matani,The Android Automerger;java/res/values-sq-rAL/strings.xml,Jatin Matani,The Android Automerger;java/res/values-nb/strings.xml,Jatin Matani,The Android Automerger;java/res/values-bg/strings.xml,Jatin Matani,The Android Automerger;java/res/values-es-rUS/strings.xml,Jatin Matani,The Android Automerger;java/res/values-kn-rIN/strings.xml,Jatin Matani,The Android Automerger;java/src/com/android/inputmethod/latin/BinaryDictionaryFileDumper.java,Jatin Matani,The Android Automerger;java/res/values-uz-rUZ/strings.xml,Jatin Matani,The Android Automerger;java/src/com/android/inputmethod/latin/DictionaryFacilitatorImpl.java,Jatin Matani,The Android Automerger;java/res/values-el/strings.xml,Jatin Matani,The Android Automerger;java/src/com/android/inputmethod/dictionarypack/ActionBatch.java,Jatin Matani,The Android Automerger;java/res/values-nl/strings.xml,Jatin Matani,The Android Automerger;java/res/values-ml-rIN/strings.xml,Jatin Matani,The Android Automerger;
0a0acc3b8d8167c2ebedb8f26379a6ee90a2fe0b,2,4,0,0,0.0,java/res/values-uz-rUZ/strings.xml,Jatin Matani,The Android Automerger;java/res/values-gu-rIN/strings.xml,Jatin Matani,The Android Automerger;java/res/values-sq-rAL/strings.xml,Jatin Matani,The Android Automerger;java/src/com/android/inputmethod/latin/BinaryDictionaryFileDumper.java,Jatin Matani,The Android Automerger;
1d1441d32a9b79a114c5d5c8252f3caaf96f81f2,2,4,0,0,0.0,java/res/values-uz-rUZ/strings.xml,Jatin Matani,The Android Automerger;java/res/values-gu-rIN/strings.xml,Jatin Matani,The Android Automerger;java/res/values-sq-rAL/strings.xml,Jatin Matani,The Android Automerger;java/src/com/android/inputmethod/latin/BinaryDictionaryFileDumper.java,Jatin Matani,The Android Automerger;
e862217461bdf0d460b71d80b800a86be1eb61fc,2,1,0,0,0.0,java/src/com/android/inputmethod/latin/BinaryDictionaryFileDumper.java,Jatin Matani,The Android Automerger;
cbf494809770e913bf406492e84994dbd0ba121e,0,2,0,0,0.0,
80c9bfbd280d6ca519af201a2dc4f93bb3ab63b1,2,16,0,0,0.0,java/res/values-fr/strings.xml,The Android Automerger,Jatin Matani;java/res/values-es/strings.xml,The Android Automerger,Jatin Matani;java/res/values-tl/strings.xml,The Android Automerger,Jatin Matani;java/res/values-sk/strings.xml,The Android Automerger,Jatin Matani;java/res/values-vi/strings.xml,The Android Automerger,Jatin Matani;java/res/values-ms-rMY/strings.xml,The Android Automerger,Jatin Matani;java/res/values-sq-rAL/strings.xml,The Android Automerger,Jatin Matani;java/res/values-nb/strings.xml,The Android Automerger,Jatin Matani;java/res/values-bg/strings.xml,The Android Automerger,Jatin Matani;java/res/values-es-rUS/strings.xml,The Android Automerger,Jatin Matani;java/res/values-kn-rIN/strings.xml,The Android Automerger,Jatin Matani;java/src/com/android/inputmethod/latin/BinaryDictionaryFileDumper.java,The Android Automerger,Jatin Matani;java/res/values-uz-rUZ/strings.xml,The Android Automerger,Jatin Matani;java/res/values-el/strings.xml,The Android Automerger,Jatin Matani;java/res/values-nl/strings.xml,The Android Automerger,Jatin Matani;java/res/values-ml-rIN/strings.xml,The Android Automerger,Jatin Matani;
0dacfff5d1d4d4a53490a60a554d7d408ecc29b3,0,3,0,0,0.0,
5abefbb8d6e2a4bfe824d9c2d8904600d41f9387,2,3,0,0,0.0,java/res/values-uz-rUZ/strings.xml,The Android Automerger,Jatin Matani;java/res/values-gu-rIN/strings.xml,The Android Automerger,Jatin Matani;java/res/values-sq-rAL/strings.xml,The Android Automerger,Jatin Matani;
c96aef2283fb7c091c8b35071ab82d3f330c025d,0,3,0,0,0.0,
9cd60fe1bb67cec755c1cee6d541272e64129072,0,3,0,0,0.0,
395f0b605946cc0b12d7b6a6e7cd6b9f37da0dba,1,3,0,0,0.0,java/res/values-uz-rUZ/strings.xml,Mohammadinamul Sheik,Geoff Mendal;java/res/values-gu-rIN/strings.xml,The Android Automerger,Geoff Mendal;java/res/values-sq-rAL/strings.xml,The Android Automerger,Geoff Mendal;
698cce6e98a9381ab23bd314943880e335af07f2,0,1,0,0,0.0,
c6e7e89225ba6b350145ba7e57efcfa0b5fcc7fd,1,1,0,0,0.0,java/res/values-gu-rIN/strings.xml,Dan Zivkovic,Geoff Mendal;
60e2123bd438c2aa693c5b87b864a18459fa0ae4,1,1,1,0,1.0,
79c9053a254a43e65738686893829fb0f9006aaf,1,3,3,0,1.0,
299e43ffeb1dc9729debe3966a01df914b60a5e8,1,9,9,0,1.0,
d17ba35e53ca1b33e2254920d96c45cb23ab0bb7,1,1,0,0,0.0,java/src/com/android/inputmethod/latin/LatinIME.java,Keisuke Kuroyanagi,Tadashi G. Takaoka;
03055a334046ab5a78ecbb6fbb1c8d2192568f5d,1,1,1,0,1.0,
efeadb902dcb3dc8a413f5953b1fac61536c9817,1,1,1,0,1.0,
8236d36633a124187d37e812accf0da6c1c13604,1,1,0,0,0.0,java/res/values-my-rMM/strings-letter-descriptions.xml,Keisuke Kuroyanagi,Geoff Mendal;
71cc19213f82cfdc4ee607b637bd35af5e461877,1,1,1,0,1.0,
81603af661b09de9beaef5789047d05b24b4b420,1,1,1,0,1.0,
70981f354aab9643feb3b9326716066e6e1fbcf2,1,2,2,0,1.0,
1c6a82826958b56093677916e4571de813d87f3e,1,1,0,0,0.0,java/res/values-my-rMM/strings-letter-descriptions.xml,Tadashi G. Takaoka,Geoff Mendal;
433248ecf1146f3eff7aa2f84137f2b436e40b6d,1,1,1,0,1.0,
8fee25df94d33ff1393e3badf56bdcf1af4cbfe2,1,1,1,0,1.0,
54dfe2a1c559a90a5b540ad5a7a0e20659ba8368,1,1,1,0,1.0,
972d230dc4909e63f9546119fbf81d21903e1a84,1,1,0,0,0.0,java/res/values-my-rMM/strings-letter-descriptions.xml,Tadashi G. Takaoka,Geoff Mendal;
6a47525494937a174b97ceb739eb85cd1f94fe1b,1,1,0,0,0.0,java/res/values-eu-rES/strings-emoji-descriptions.xml,Jean Chalard,Geoff Mendal;
d46a5ea6671f3d5cc7d433554ffe783740dd3ab1,1,1,1,0,1.0,
33dd99158bf4596418cdb941629299f371c8b817,1,1,1,0,1.0,
0b9c5791e1ac9c53acac4e26deb03e78d36d68a0,1,1,0,0,0.0,java/res/values-my-rMM/strings-letter-descriptions.xml,Tadashi G. Takaoka,Geoff Mendal;
fceaf01e5a11b35aacd084196ebef6ecae8d6ddf,1,3,0,1,0.0,tests/src/com/android/inputmethod/keyboard/layout/expected/ExpectedKeyVisual.java,Jean Chalard,Tadashi G. Takaoka;tests/src/com/android/inputmethod/keyboard/layout/expected/ExpectedKeyOutput.java,Jean Chalard,Tadashi G. Takaoka;
012208abf4f3343a73ce4b321542a7bae6577106,1,1,1,0,1.0,
58a7a79651b24caa62522a9ac8e946438bbf5645,1,1,0,0,0.0,java/res/values-lo-rLA/strings-emoji-descriptions.xml,Tadashi G. Takaoka,Geoff Mendal;
9a11b5f17cb9a73871eca821667f464d66964c7e,1,1,0,0,0.0,java/res/values-eu-rES/strings-emoji-descriptions.xml,Keisuke Kuroyanagi,Geoff Mendal;
db6d42a0783ce5ac27b14ad655d79ff8c1540971,1,19,19,0,1.0,
5fb4b0a4ad219b25cdaab7577b8bdfea3eff915d,1,14,14,0,1.0,
dee72ffa9258c3c7e5b327521a023d0b0a1346d5,1,12,0,0,0.0,java/res/values-lv/strings-emoji-descriptions.xml,Ken Wakasa,Geoff Mendal;java/res/values-nl/strings-emoji-descriptions.xml,Ken Wakasa,Geoff Mendal;java/res/values-sv/strings-emoji-descriptions.xml,Ken Wakasa,Geoff Mendal;java/res/values-ml-rIN/strings-emoji-descriptions.xml,Ken Wakasa,Geoff Mendal;java/res/values-gl-rES/strings-emoji-descriptions.xml,Ken Wakasa,Geoff Mendal;java/res/values-hi/strings-emoji-descriptions.xml,Ken Wakasa,Geoff Mendal;java/res/values-bn-rBD/strings-emoji-descriptions.xml,Ken Wakasa,Geoff Mendal;java/res/values-zh-rTW/strings-emoji-descriptions.xml,Ken Wakasa,Geoff Mendal;java/res/values-th/strings-emoji-descriptions.xml,Ken Wakasa,Geoff Mendal;java/res/values-lt/strings-emoji-descriptions.xml,Ken Wakasa,Geoff Mendal;java/res/values-fr/strings-emoji-descriptions.xml,Ken Wakasa,Geoff Mendal;java/res/values-ur-rPK/strings-emoji-descriptions.xml,Ken Wakasa,Geoff Mendal;
92f944b22b643619de95f0c15384236be0c6eaa7,1,16,0,0,0.0,java/res/values-mk-rMK/strings.xml,Keisuke Kuroyanagi,Geoff Mendal;java/res/values-my-rMM/strings.xml,Keisuke Kuroyanagi,Geoff Mendal;java/res/values-si-rLK/strings.xml,Keisuke Kuroyanagi,Geoff Mendal;java/res/values-kk-rKZ/strings.xml,Keisuke Kuroyanagi,Geoff Mendal;java/res/values-te-rIN/strings.xml,Keisuke Kuroyanagi,Geoff Mendal;java/res/values-eu-rES/strings.xml,Keisuke Kuroyanagi,Geoff Mendal;java/res/values-kn-rIN/strings.xml,Keisuke Kuroyanagi,Geoff Mendal;java/res/values-is-rIS/strings.xml,Keisuke Kuroyanagi,Geoff Mendal;java/res/values-ky-rKG/strings.xml,Keisuke Kuroyanagi,Geoff Mendal;java/res/values-uz-rUZ/strings.xml,Keisuke Kuroyanagi,Geoff Mendal;java/res/values-ur-rPK/strings.xml,Keisuke Kuroyanagi,Geoff Mendal;java/res/values-bn-rBD/strings.xml,Keisuke Kuroyanagi,Geoff Mendal;java/res/values-gl-rES/strings.xml,Keisuke Kuroyanagi,Geoff Mendal;java/res/values-mr-rIN/strings.xml,Keisuke Kuroyanagi,Geoff Mendal;java/res/values-ta-rIN/strings.xml,Keisuke Kuroyanagi,Geoff Mendal;java/res/values-ml-rIN/strings.xml,Keisuke Kuroyanagi,Geoff Mendal;
e93896822d0e65ef06a0d4c02cc4c6e9b673c197,1,2,2,0,1.0,
ced08db509aee0c71b576654b3eb4b9b2fa735c7,1,16,16,0,1.0,
cbcd64be8ed2c33eb99d357d79e2b4a0e82fe7f7,1,1,1,0,1.0,
d5380f69a66ca01631baadb700258180fa03d026,1,1,0,0,0.0,java/res/values-my-rMM/strings-letter-descriptions.xml,Tadashi G. Takaoka,Geoff Mendal;
6f1de7e5f1a1d75f85eb5c08186d4a9707ba16f1,0,5,0,0,0.0,
79d81b58dd4166b46e43849979d7eca2c5f8ccb8,0,5,0,0,0.0,
31b7b4c889df0fd863a83e4f9b5d9978ba000526,1,1,1,0,1.0,
0b13d1c45d23fd4632c9cb33b080a8e3242fd6b6,1,1,1,0,1.0,
cab1227c3fd3050cca8caac975b74a114705310c,1,1,1,0,1.0,
d7050390dd6190e0c7e2609e517c887b8afa6091,1,1,0,0,0.0,java/res/values-my-rMM/strings-letter-descriptions.xml,Keisuke Kuroyanagi,Geoff Mendal;
ff03e04713a8a0074c2294d1c83021000620321c,1,1,1,0,1.0,
a074a5df739c3275287f03225ec01bae26cbc7ad,1,1,1,0,1.0,
521b55c213226ccad30d3e9e50479118dde25822,1,1,1,0,1.0,
b39b902750b3f20302946febee3be18a8574d569,1,1,0,0,0.0,java/res/values-my-rMM/strings-letter-descriptions.xml,Keisuke Kuroyanagi,Geoff Mendal;
3e3b91dc9b78e031c7e84219315fc9d5282f91c7,0,2,0,0,0.0,
820f5aebe51889a611f7444475688e4053695f04,0,2,0,0,0.0,
9b5198b19e27511113cd1463d1c062a6c724c9c1,1,1,1,0,1.0,
b4406a4cb98e06fe82518a65156097eecf9b1e9c,1,1,1,0,1.0,
3627645ae2a3c4fc860a8aeea9b40afb609d9f33,1,1,1,0,1.0,
963c54c2c558149397b06462e4468637f9dbe50f,1,1,0,0,0.0,java/res/values-my-rMM/strings-letter-descriptions.xml,Adrian Velicu,Geoff Mendal;
d051f084ce211b27296dcdd0cb4dcd63e28bd384,1,8,8,0,1.0,
b594bce5f1df1d9ce8f4f25c92247297b3f44056,1,1,0,0,0.0,java/res/values-si-rLK/strings.xml,Ken Wakasa,Baligh Uddin;
d755e3df4b6717da3ba53ef341735eae72c06340,0,1,0,0,0.0,
abc95f78159bbd696df8822294e2294add3a073c,0,1,0,0,0.0,
16596b3af682c200ad36badec135e55380f20309,1,16,16,0,1.0,
a93c1127bac79eb276d5d88011203a7d1eb27cba,1,16,0,0,0.0,java/res/values-si-rLK/strings-talkback-descriptions.xml,Tadashi G. Takaoka,Baligh Uddin;java/res/values-ur-rPK/strings-talkback-descriptions.xml,Tadashi G. Takaoka,Baligh Uddin;java/res/values-mk-rMK/strings-talkback-descriptions.xml,Tadashi G. Takaoka,Baligh Uddin;java/res/values-ta-rIN/strings-talkback-descriptions.xml,Tadashi G. Takaoka,Baligh Uddin;java/res/values-eu-rES/strings-talkback-descriptions.xml,Tadashi G. Takaoka,Baligh Uddin;java/res/values-bn-rBD/strings-talkback-descriptions.xml,Tadashi G. Takaoka,Baligh Uddin;java/res/values-kn-rIN/strings-talkback-descriptions.xml,Tadashi G. Takaoka,Baligh Uddin;java/res/values-mr-rIN/strings-talkback-descriptions.xml,Tadashi G. Takaoka,Baligh Uddin;java/res/values-kk-rKZ/strings-talkback-descriptions.xml,Tadashi G. Takaoka,Baligh Uddin;java/res/values-gl-rES/strings-talkback-descriptions.xml,Tadashi G. Takaoka,Baligh Uddin;java/res/values-ky-rKG/strings-talkback-descriptions.xml,Tadashi G. Takaoka,Baligh Uddin;java/res/values-my-rMM/strings-talkback-descriptions.xml,Tadashi G. Takaoka,Baligh Uddin;java/res/values-is-rIS/strings-talkback-descriptions.xml,Tadashi G. Takaoka,Baligh Uddin;java/res/values-te-rIN/strings-talkback-descriptions.xml,Tadashi G. Takaoka,Baligh Uddin;java/res/values-uz-rUZ/strings-talkback-descriptions.xml,Tadashi G. Takaoka,Baligh Uddin;java/res/values-ml-rIN/strings-talkback-descriptions.xml,Tadashi G. Takaoka,Baligh Uddin;
929b6b4f36d245381dae08d864ea7d6b6fb23591,0,1,0,0,0.0,
5a31bb1db5cae3d62c04007a32666dcbb1044d67,0,1,0,0,0.0,
b28e0bdda53c277ca4bb29b478c59165539edf89,0,4,0,0,0.0,
6dabb28df1d2718c99d1683562e700c888fa0571,0,4,0,0,0.0,
b47ac5bb4353e7ed60bf2f7c7818f76a8de91a6a,1,16,16,0,1.0,
93321a10b48df73969fbc9e7a929359f4b88c8db,0,70,0,0,0.0,
2301416d633110003748e5edab15bfe58889643e,0,70,0,0,0.0,
9f05d91f5e316fb68864bd2f72ff6e1e99cfcd96,1,2,2,0,1.0,
27f49d027df5ea1f88b3c910e62e653344e94439,1,16,16,0,1.0,
f14043c8c63946f386577fe47d90d037c5706ea6,1,2,0,0,0.0,java/src/com/android/inputmethod/latin/DictionaryFacilitator.java,Yohei Yukawa,Tadashi G. Takaoka;java/src/com/android/inputmethod/latin/utils/SuggestionResults.java,Yohei Yukawa,Tadashi G. Takaoka;
d3cfe5a78a0318544136dd8587c32c1bdbe26ab0,1,2,2,0,1.0,
c18dcedd78d1e5218e39596dee6b58b979babbd7,1,57,57,0,1.0,
eddfe51b38755e0068e3c322868c5e209f212f6f,0,1,0,0,0.0,
9dd95f2b2e3c68669883ccff7f5d1f4a58523519,0,73,0,0,0.0,
8e3f5ce18f27caf8fc158a67dc04c1ed45b3f7c8,0,73,0,0,0.0,
64176158e7ce9c99365d20433c81012ea7e36729,1,1,0,0,0.0,java/src/com/android/inputmethod/latin/LatinIME.java,Ken Wakasa,Tadashi G. Takaoka;
8ed81f9fd74d648fe0adc9ffc0bd2d247105ebe5,1,1,0,0,0.0,java/src/com/android/inputmethod/latin/InputAttributes.java,Baligh Uddin,Jean Chalard;
8aa543017109daa52bd1b6ef4e3d185f7cbfa119,0,73,0,0,0.0,
9f78f92435c3c6ccb71dcf9d7bdcb38ad2660a99,0,73,0,0,0.0,
c0fba05e1e18d30a0d79222726004b1f897cdf2c,1,16,0,0,0.0,java/res/values-mk-rMK/strings.xml,Jean Chalard,Baligh Uddin;java/res/values-my-rMM/strings.xml,Jean Chalard,Baligh Uddin;java/res/values-si-rLK/strings.xml,Jean Chalard,Baligh Uddin;java/res/values-kk-rKZ/strings.xml,Jean Chalard,Baligh Uddin;java/res/values-te-rIN/strings.xml,Jean Chalard,Baligh Uddin;java/res/values-eu-rES/strings.xml,Jean Chalard,Baligh Uddin;java/res/values-kn-rIN/strings.xml,Jean Chalard,Baligh Uddin;java/res/values-is-rIS/strings.xml,Jean Chalard,Baligh Uddin;java/res/values-ky-rKG/strings.xml,Jean Chalard,Baligh Uddin;java/res/values-uz-rUZ/strings.xml,Jean Chalard,Baligh Uddin;java/res/values-ur-rPK/strings.xml,Jean Chalard,Baligh Uddin;java/res/values-bn-rBD/strings.xml,Jean Chalard,Baligh Uddin;java/res/values-gl-rES/strings.xml,Jean Chalard,Baligh Uddin;java/res/values-mr-rIN/strings.xml,Jean Chalard,Baligh Uddin;java/res/values-ta-rIN/strings.xml,Jean Chalard,Baligh Uddin;java/res/values-ml-rIN/strings.xml,Jean Chalard,Baligh Uddin;
e0e39b7721e46521b6b583ad22604c1f2f8eac47,1,1,1,0,1.0,
79ca42c1a6c64256f11067723562dc63ca985540,1,16,16,0,1.0,
ece72b42bc7bd76f70a4d8c1b3c4cc2082b1fefa,1,1,0,0,0.0,java/res/values-my-rMM/strings-talkback-descriptions.xml,Keisuke Kuroyanagi,Baligh Uddin;
370138bd6cb04d92a26e49bccae65e936383bc78,1,1,0,0,0.0,java/res/values-ta-rIN/strings-talkback-descriptions.xml,Jatin Matani,Baligh Uddin;
276153392aa47b7391908eeaa8f324000cbdaddd,1,1,1,0,1.0,
69a50c573837cf1510c4a948e60a7df8303fea3c,1,1,1,0,1.0,
cda6aa3210225d71304c2eedcfc6094c4d1b8f6f,1,16,0,0,0.0,java/res/values-mk-rMK/strings.xml,Ken Wakasa,Baligh Uddin;java/res/values-my-rMM/strings.xml,Ken Wakasa,Baligh Uddin;java/res/values-si-rLK/strings.xml,Ken Wakasa,Baligh Uddin;java/res/values-kk-rKZ/strings.xml,Ken Wakasa,Baligh Uddin;java/res/values-te-rIN/strings.xml,Ken Wakasa,Baligh Uddin;java/res/values-eu-rES/strings.xml,Ken Wakasa,Baligh Uddin;java/res/values-kn-rIN/strings.xml,Ken Wakasa,Baligh Uddin;java/res/values-is-rIS/strings.xml,Ken Wakasa,Baligh Uddin;java/res/values-ky-rKG/strings.xml,Ken Wakasa,Baligh Uddin;java/res/values-uz-rUZ/strings.xml,Ken Wakasa,Baligh Uddin;java/res/values-ur-rPK/strings.xml,Ken Wakasa,Baligh Uddin;java/res/values-bn-rBD/strings.xml,Ken Wakasa,Baligh Uddin;java/res/values-gl-rES/strings.xml,Ken Wakasa,Baligh Uddin;java/res/values-mr-rIN/strings.xml,Ken Wakasa,Baligh Uddin;java/res/values-ta-rIN/strings.xml,Ken Wakasa,Baligh Uddin;java/res/values-ml-rIN/strings.xml,Ken Wakasa,Baligh Uddin;
6da1c674fdf630109bdd755913791bf5e99d6463,0,1,0,0,0.0,
c1596086d3de32b66a382acf2c9b5fa00779008f,0,1,0,0,0.0,
7ecc2301b9f7af2d868aa7442ba0194dd6003734,1,1,1,0,1.0,
84f348617f0599a404b9bfe84c0186c06fb52eb9,1,1,1,0,1.0,
918279cd2a52c4035716e20a0f12f089db197437,1,16,16,0,1.0,
a747a6397fa80a53d3e634baa966a0e6392c8036,1,1,0,0,0.0,java/res/values-ta-rIN/strings-talkback-descriptions.xml,Tadashi G. Takaoka,Baligh Uddin;
1d3732b6e82f1beed771a293b2c8a69db67e662b,1,1,1,0,1.0,
8eb4f4731c432df5496cf5bf391ce84aa2b4a8d4,1,1,1,0,1.0,
44c67df145104cb0f6e706e4603408b62ccb6070,1,16,0,0,0.0,java/res/values-mk-rMK/strings.xml,Keisuke Kuroyanagi,Baligh Uddin;java/res/values-my-rMM/strings.xml,Keisuke Kuroyanagi,Baligh Uddin;java/res/values-si-rLK/strings.xml,Keisuke Kuroyanagi,Baligh Uddin;java/res/values-kk-rKZ/strings.xml,Keisuke Kuroyanagi,Baligh Uddin;java/res/values-te-rIN/strings.xml,Keisuke Kuroyanagi,Baligh Uddin;java/res/values-eu-rES/strings.xml,Keisuke Kuroyanagi,Baligh Uddin;java/res/values-kn-rIN/strings.xml,Keisuke Kuroyanagi,Baligh Uddin;java/res/values-is-rIS/strings.xml,Keisuke Kuroyanagi,Baligh Uddin;java/res/values-ky-rKG/strings.xml,Keisuke Kuroyanagi,Baligh Uddin;java/res/values-uz-rUZ/strings.xml,Keisuke Kuroyanagi,Baligh Uddin;java/res/values-ur-rPK/strings.xml,Keisuke Kuroyanagi,Baligh Uddin;java/res/values-bn-rBD/strings.xml,Keisuke Kuroyanagi,Baligh Uddin;java/res/values-gl-rES/strings.xml,Keisuke Kuroyanagi,Baligh Uddin;java/res/values-mr-rIN/strings.xml,Keisuke Kuroyanagi,Baligh Uddin;java/res/values-ta-rIN/strings.xml,Keisuke Kuroyanagi,Baligh Uddin;java/res/values-ml-rIN/strings.xml,Keisuke Kuroyanagi,Baligh Uddin;
23b364ef506160e30984241a7ad48aec47582a8b,1,1,1,0,1.0,
463339f195b2e1bb649c0420af3f50715bb7206e,1,1,1,0,1.0,
d251b1cb49d1c659f5d422d26aca2192f924ae99,0,2,0,0,0.0,
889d3460f79a613f601dd29b230dc04423822087,1,1,0,0,0.0,java/res/values-ta-rIN/strings-emoji-descriptions.xml,Tadashi G. Takaoka,Geoff Mendal;
271b74859c7c0b7025724dada27a8ce03cdfb2c5,1,16,16,0,1.0,
fc440190417c45dc4fde0e9bbaef8a988b34683b,1,1,1,0,1.0,
e1b1476b1a5d160fc349b21b824e1ebb364bbccf,1,1,1,0,1.0,
b3815efef7d0ca152d1468a9f732b1fc144ff8c1,1,1,0,0,0.0,java/res/values-my-rMM/strings-letter-descriptions.xml,Keisuke Kuroyanagi,Geoff Mendal;
da9cc77339b18e3624efe99684a4d1511a02a8f9,0,1,0,0,0.0,
ba8f6e0bcb8c3154aee1cc3700c41dfa1677fedc,1,16,16,0,1.0,
47e39a8e61d3068cfecf8c4abcaae3419418c69e,1,5,5,0,1.0,
d700afb9f17a10dda2085f01b4e41518904f97b7,1,6,0,0,0.0,java/res/values-kk-rKZ/strings-talkback-descriptions.xml,Yohei Yukawa,Baligh Uddin;java/res/values-gl-rES/strings-talkback-descriptions.xml,Yohei Yukawa,Baligh Uddin;java/res/values-ky-rKG/strings-talkback-descriptions.xml,Yohei Yukawa,Baligh Uddin;java/res/values-my-rMM/strings-talkback-descriptions.xml,Yohei Yukawa,Baligh Uddin;java/res/values-mk-rMK/strings-talkback-descriptions.xml,Yohei Yukawa,Baligh Uddin;java/res/values-uz-rUZ/strings-talkback-descriptions.xml,Yohei Yukawa,Baligh Uddin;
a2cc43bf471afbf38a646d783eae60a9fedcbaf1,1,2,2,0,1.0,
b29dd5432d7abc1b8be33887509730ea89442451,1,1,1,0,1.0,
ac30a621f1a43ea9ad52361ccc707efdf2bda54f,1,1,1,0,1.0,
c49c9c52bec44303923001af554c160a4117d071,1,1,0,0,0.0,tools/dicttool/NativeLib.mk,Bill Yi,Ying Wang;
b0a5cc8d7dca1578577c59654dcc35e90f648037,1,1,0,0,0.0,java/src/com/android/inputmethod/latin/inputlogic/InputLogic.java,Keisuke Kuroyanagi,Ken Wakasa;
98e276a0ec0d164e07595414d17eaff4b9cda9bb,1,1,1,0,1.0,
9d56a3a5c2ef9e15721f6a44d73e452bbc3a9e42,1,1,0,0,0.0,java/src/com/android/inputmethod/latin/inputlogic/InputLogic.java,Keisuke Kuroyanagi,Victoria Lease;
0739284ac8781d11227ff4430f48ba7c1ac4fde6,0,1,0,0,0.0,
4fabef936eea9586c0896dee8db97f8564952719,1,16,0,0,0.0,java/res/values/config.xml,Satoshi Kataoka,Ken Wakasa;java/res/values-land/config.xml,Satoshi Kataoka,Ken Wakasa;tests/src/com/android/inputmethod/latin/makedict/BinaryDictDecoderEncoderTests.java,Satoshi Kataoka,Ken Wakasa;java/res/xml/kbd_swiss.xml,Satoshi Kataoka,Ken Wakasa;tests/src/com/android/inputmethod/latin/makedict/BinaryDictUtils.java,Satoshi Kataoka,Ken Wakasa;java/res/values-sw768dp-land/config.xml,Satoshi Kataoka,Ken Wakasa;java/src/com/android/inputmethod/latin/makedict/Ver4DictDecoder.java,Satoshi Kataoka,Ken Wakasa;tests/src/com/android/inputmethod/latin/BinaryDictionaryDecayingTests.java,Satoshi Kataoka,Ken Wakasa;java/src/com/android/inputmethod/latin/utils/UserHistoryDictIOUtils.java,Satoshi Kataoka,Ken Wakasa;java/res/values-sw540dp/config.xml,Satoshi Kataoka,Ken Wakasa;tests/src/com/android/inputmethod/latin/makedict/BinaryDictIOUtilsTests.java,Satoshi Kataoka,Ken Wakasa;java/res/values-sw768dp/config.xml,Satoshi Kataoka,Ken Wakasa;java/res/values-sw540dp-land/config.xml,Satoshi Kataoka,Ken Wakasa;java/src/com/android/inputmethod/latin/makedict/Ver4DictUpdater.java,Satoshi Kataoka,Ken Wakasa;
