Hash,Merge timestamp,Branching time,Merge isolation time,Devs 1,Devs 2,Different devs,Same devs,Devs intersection,Commits 1,Commits 2,Changed files 1,Changed files 2,Changed files intersection,Has conflict?,Conflicted Files,Chunks
d758568af40c1342f038cbcc5c748e08b84aee4e,2011-12-02 00:30:55 -0600,1.9532060,7.7358102,1,1,2,0,0,1,3,6,29,1,YES,2,2
aac2f80c4d3d3240a310fbe1b1038c0bc0a52a5f,2011-12-07 14:48:14 +0530,0.7433218,0.8065856,1,1,2,0,0,1,1,9,8,1,YES,1,3
b90f87ac613e1703315e4500525cd133866673ca,2011-12-07 15:27:15 +0530,0.0183796,0.7945718,1,1,2,0,0,2,2,9,5,0,YES,2,3
17d9e5e8919c0d8076094843c765d606093cf039,2011-12-01 06:30:39 -0600,1.9532060,6.9856250,1,1,2,0,0,1,3,6,29,1,YES,2,2
