Hash,Merge timestamp,Branching time,Merge isolation time,Devs 1,Devs 2,Different devs,Same devs,Devs intersection,Commits 1,Commits 2,Changed files 1,Changed files 2,Changed files intersection,Has conflict?,Conflicted Files,Chunks
046294a3d96872d5eb99f559e60e8e3ba1b2eb27,2013-01-29 00:32:09 +0000,181.2089236,250.4609259,3,1,4,0,0,7,4,11,3,1,YES,1,4
a10aedf3be50b6e63f45106dd72d71a2c8ff5816,2013-08-25 17:34:08 +0200,6.8942130,14.5174306,2,1,3,0,0,5,2,6,3,1,YES,1,2
ee2d5f741590f6a2e1bb084b0fee1a59fa1aeab4,2011-10-31 15:51:47 +0100,42.1515509,49.6800579,1,2,3,0,0,2,11,4,32,1,YES,2,3
adc3b5d8db148559de2728ab6bbd756883078e34,2013-02-15 13:50:43 +0000,15.9740856,92.8955324,4,1,5,0,0,17,2,42,4,1,YES,2,4
8b04448379941dee00b2f14caf18c8c26ef7eeeb,2013-02-05 22:52:42 +0000,280.1817477,305.2806019,6,1,7,0,0,31,1,51,7,1,YES,2,3
