Hash,Devs intersection,Conflicted files,Conflicted files caused by same dev,Null files,Conflicted files caused by same dev / Conflicted files
92dc52c12db518ea01caa292bd22aa86f525f771,1,2,0,0,0.0,resources/ui/pom.xml,Sebastian Stanisor,Sergiu Dumitriu;distribution/war/pom.xml,Sebastian Stanisor,Sergiu Dumitriu;
801c144d0a37972302e648020e050bb6ac0951ca,1,1,0,0,0.0,distribution/war/pom.xml,Sergiu Dumitriu,allasm;
0a3ec0d24597979768f9bdaf795c266c596c0632,1,6,0,0,0.0,components/patient-data/impl/src/test/java/org/phenotips/data/internal/controller/APGARControllerTest.java,ItaiGershtansky,Sergiu Dumitriu;components/patient-data/impl/src/test/java/org/phenotips/data/internal/controller/VariantListControllerTest.java,ItaiGershtansky,Sergiu Dumitriu;components/entities/ui/pom.xml,danielpgross,Sergiu Dumitriu;components/patient-data/impl/src/test/java/org/phenotips/data/internal/controller/LifeStatusControllerTest.java,ItaiGershtansky,veronikaslc;components/entities/api/pom.xml,danielpgross,Sergiu Dumitriu;components/patient-data/impl/src/test/java/org/phenotips/data/internal/controller/ClinicalStatusControllerTest.java,ItaiGershtansky,Sergiu Dumitriu;
2f344c572b40088e842d1dd72b0551f06d566051,1,1,0,0,0.0,components/patient-data/impl/src/test/java/org/phenotips/data/internal/controller/GeneListControllerTest.java,allasm,DeanWay;
02f6b6a2be37d8592309c3fd2c20d5ab033b2229,0,2,0,0,0.0,
20c237bec1cec60c3846bbab5dd49ab918842905,1,1,1,0,1.0,
76ac387bc84ce73ff719a0a2e7d2f470ea9da329,1,1,0,0,0.0,components/widgets/ui/src/main/resources/PhenoTips/ImageDisplayer.xml,Sergiu Dumitriu,teyden;
a94c775c9b4affbc031d0767f5162060a3c30937,1,2,0,0,0.0,components/patient-data/migrations/src/main/resources/META-INF/components.txt,Sergiu Dumitriu,Andrew Misyura;components/pedigree/resources/src/main/resources/pedigree/model/import.js,Sergiu Dumitriu,Andrew Misyura;
8732baefe670dfbab9c715fe723ce1807791481c,1,2,0,0,0.0,components/patient-data/impl/src/main/java/org/phenotips/data/internal/SecurePatientRepository.java,Sergiu Dumitriu,AlexLapena;components/patient-data/impl/src/test/java/org/phenotips/data/internal/SecurePatientRepositoryTest.java,Sergiu Dumitriu,AlexLapena;
2fb903ce06385fc9c28321c4e9799ff0334080ff,1,6,4,0,0.6666666666666666,pom.xml,Sergiu Dumitriu,ItaiGershtansky;components/patient-access-rules/api/src/test/java/org/phenotips/data/permissions/internal/DefaultPermissionsManagerTest.java,Sergiu Dumitriu,AlexLapena;
3a176278a9b9754f464591207384d7cc5e27610c,1,2,0,0,0.0,components/patient-measurements/ui/src/main/resources/PhenoTips/MeasurementsClass.xml,Sergiu Dumitriu,veronikaslc;components/patient-data/impl/src/main/resources/ApplicationResources.properties,Sergiu Dumitriu,danielpgross;
719891b00c729c4ba89e6b87aff52ef8ccf95f0f,1,1,0,0,0.0,components/widgets/ui/src/main/resources/PhenoTips/GeneVariantMacros.xml,Marta Girdea,veronikaslc;
799e50601a2a0dabb3ffe1f003266c4161796134,1,3,0,0,0.0,components/patient-data/ui/src/main/resources/PhenoTips/UIX_Field__rejected_genes.xml,Sergiu Dumitriu,Andrew Misyura;components/patient-data/ui/src/main/resources/PhenoTips/UIX_Field__genes.xml,Sergiu Dumitriu,Andrew Misyura;components/patient-data/ui/src/main/resources/PhenoTips/UIX_Field__solved.xml,Sergiu Dumitriu,Andrew Misyura;
f36ca6e15fc479ece94845f7370bcdcc16347845,1,4,4,0,1.0,
444a6f30cf63e624db3790bd791cd2181a5d3fc9,0,1,0,0,0.0,
7cb7bd947b6363981b1adb3f6aab16cf33014b97,1,4,0,0,0.0,components/patient-data-sharing/receiver-api/src/main/java/org/phenotips/data/receive/internal/DefaultReceivePatientData.java,Sergiu Dumitriu,Anton Kats;components/patient-data-sharing/push-api/src/main/java/org/phenotips/data/push/internal/DefaultPushPatientData.java,Sergiu Dumitriu,Anton Kats;components/patient-data-sharing/push-api/src/main/java/org/phenotips/data/push/internal/DefaultPushPatientService.java,Sergiu Dumitriu,Anton Kats;components/patient-data/ui/src/main/resources/PhenoTips/UIX_Field__assisted_reproduction.xml,Sergiu Dumitriu,Anton Kats;
540d6e3fa073e62ace68aa8d840ef7a077b9687d,1,4,0,0,0.0,components/patient-data/impl/src/test/java/org/phenotips/data/internal/controller/SolvedControllerTest.java,Orion Buske,Sergiu Dumitriu;components/patient-data/impl/src/main/java/org/phenotips/data/internal/controller/GeneListController.java,veronikaslc,Sergiu Dumitriu;components/patient-data/impl/src/test/java/org/phenotips/data/internal/controller/GeneListControllerTest.java,Orion Buske,Sergiu Dumitriu;components/patient-data/impl/src/main/java/org/phenotips/data/internal/controller/RejectedGeneListController.java,Orion Buske,Sergiu Dumitriu;
65a8c0e5c8f8422c6b92db66944004f107ee77ba,1,1,0,0,0.0,components/patient-data/impl/src/main/java/org/phenotips/data/internal/controller/AbstractComplexController.java,Sergiu Dumitriu,DeanWay;
ccee319026bc890e12f553480facb71e4ad4dd55,1,1,0,0,0.0,components/patient-data/impl/src/test/java/org/phenotips/data/internal/controller/ParentalAgeControllerTest.java,Sergiu Dumitriu,Tarang;
a5914f46670c91f16b3faa9be472b620fda2b7df,1,2,0,0,0.0,components/patient-data/indexing/src/test/java/org/phenotips/data/indexing/internal/SolrPatientIndexerTest.java,Sergiu Dumitriu,veronikaslc;components/patient-data/indexing/pom.xml,Sergiu Dumitriu,veronikaslc;
a81720eed5ccd72aee26a688bdc2544e40cff643,1,3,0,0,0.0,components/pedigree/resources/src/main/resources/pedigree/pedigreeDate.js,Sergiu Dumitriu,mjshepherd;components/pedigree/resources/src/main/resources/pedigree/view/nodeMenu.js,Sergiu Dumitriu,mjshepherd;components/pedigree/resources/src/main/resources/pedigree/view/ageCalc.js,Sergiu Dumitriu,mjshepherd;
3bec2aa7bb44baa6ec5106ee9f83b3fd32ed93df,1,1,0,0,0.0,components/patient-data/impl/src/main/java/org/phenotips/data/internal/PatientDeathdateUpdater.java,DeanWay,Sergiu Dumitriu;
8a5ddf257bfd6fca9523d3917dc6f63a509e5144,0,1,0,0,0.0,
37220a458ce72f0ae2c0009c5ab427e50d7e5beb,1,1,0,0,0.0,components/patient-data/rest/pom.xml,DeanWay,Sergiu Dumitriu;
e502ff57df58e2f9db4ea687be14902dd55a0c98,1,1,0,0,0.0,components/patient-data/pageobjects/src/main/java/org/phenotips/data/test/po/PatientRecordEditPage.java,Sergiu Dumitriu,JKereliuk;
715b4037dd7b497982448e6d17d555e4d32b90df,0,1,0,0,0.0,
4bfa3acaa70e8fb4f7904015d3ed969b9a5a556e,0,1,0,0,0.0,
e0ec89ad0b1bfd8fcb676960d689060cf43a2d51,1,1,0,1,0.0,
67db7a5641cf8712589d30e88c95fce33edd4424,1,1,0,0,0.0,components/pedigree/resources/src/main/resources/pedigree/editor.css,allasm,Daniel Gross;
f6969eb1384d205466a32f8d6f7ce67e63f20f1a,1,1,0,0,0.0,components/pedigree/resources/src/main/resources/pedigree/hpoTerm.js,Anton Kats,mjshepherd;
2d373fb92208ad31e3501a84c9c9fea4f1a66b9c,0,1,0,0,0.0,
6c4fb677b6021a99555f3cdfd8318a48c29ea693,0,7,0,0,0.0,
190f84708268f84be9205414880a34e1d42b4b22,0,1,0,0,0.0,
3400a816c7fd26642ebd03e323813aa94ce480a9,1,2,0,0,0.0,components/patient-access-rules/ui/src/main/resources/PhenoTips/PatientAccessRightsManagement.xml,mjshepherd,Sergiu Dumitriu;components/patient-data/ui/src/main/resources/PhenoTips/UIX_Field__assisted_reproduction.xml,mjshepherd,Sergiu Dumitriu;
bdb63859ffb8c6957ea3ec2843c7844024f24481,1,2,0,0,0.0,components/patient-data/ui/src/main/resources/PhenoTips/PhenotypeDisplay.xml,mjshepherd,Sergiu Dumitriu;components/patient-data-sharing/push-api/src/main/resources/ApplicationResources.properties,mjshepherd,Andrew Misyura;
d91e3a147394b56f3b620ceffd80c3a3ab1e24f2,1,1,0,0,0.0,components/patient-access-rules/ui/src/main/resources/PhenoTips/PatientAccessRightsManagement.xml,mjshepherd,Sergiu Dumitriu;
dc5abcb3be85df72f8d321e1bcf24708abb9dda6,0,2,0,0,0.0,
cad5098fa8a72834b30d2e4e8b8ad699f4962c59,1,1,1,0,1.0,
6c7faf01e092b6666c76774e8ebc4bbcebde556e,1,1,1,0,1.0,
2ec35267d984a2d9c722263b15c4f265a203d8f3,1,2,2,0,1.0,
59d38261ecea4417288449ca98c0160b90474718,1,2,0,0,0.0,components/patient-data/impl/pom.xml,Anton Kats,Sergiu Dumitriu;components/patient-data/impl/src/main/resources/META-INF/components.txt,Anton Kats,Sergiu Dumitriu;
384b813c69b93063453f8ed95d31b21687a2cd6e,1,4,0,0,0.0,components/patient-data/impl/pom.xml,Sergiu Dumitriu,Anton Kats;components/patient-data/tests/src/test/it/org/phenotips/data/test/ui/PatientRecordTest.java,Imran Jessa,Anton Kats;components/patient-data/pageobjects/src/main/java/org/phenotips/data/test/po/PatientRecordEditPage.java,Imran Jessa,Anton Kats;components/patient-data/ui/src/main/resources/PhenoTips/PatientSheetCode.xml,Marta Girdea,Sergiu Dumitriu;
8d888cdb5837fa860354d7a9468b403609ec3a2b,0,1,0,0,0.0,
06d77d931275c2edc2c37555f581574606936359,2,2,2,0,1.0,
f40d4a49d90bd4ae8ae7874ab4174d983a7183e1,1,2,0,0,0.0,components/patient-update-listeners/src/main/java/org/phenotips/listeners/PatientExtendedPhenotypeUpdater.java,Andrew M,Sergiu Dumitriu;pom.xml,Andrew M,Sergiu Dumitriu;
fa7f3ade7c37c24a76a3235b9911084ea64fdd03,1,1,0,0,0.0,components/ontology-access/api/src/main/java/org/phenotips/ontology/internal/solr/AbstractSolrOntologyService.java,Sergiu Dumitriu,Anton Kats;
3e3d21ff668185aa2faadea8993b3a38d2766f8a,1,1,0,0,0.0,components/patient-data/migrations/src/main/resources/META-INF/components.txt,Sergiu Dumitriu,Anton Kats;
bd0608eb57adb06379ec1fb378a4a8077ea3b9c2,0,1,0,0,0.0,
5af09e3134fcfce0683870266bce237f760ac432,0,1,0,0,0.0,
dfa6d46a33cb27f98f2ee2d6cd9507002fd83e00,1,2,1,0,0.5,pedigree/src/main/resources/pedigree/saveLoadEngine.js,Andrew M,Sergiu Dumitriu;
921c557f0b0bc52efd62e53dc110da3e7a9f33d4,1,1,0,0,0.0,wiki-ui/src/main/resources/XWiki/DateTimePicker.xml,Sergiu Dumitriu,Marta Girdea;
94a8762d062ecd435ca9840108e8576fdc6e4218,2,1,1,0,1.0,
