Hash,Devs intersection,Conflicted files,Conflicted files caused by same dev,Null files,Conflicted files caused by same dev / Conflicted files
02dc3e7ac3a200b722cf5e229cd0803f1541a1f3,1,1,0,0,0.0,src/com/android/phone/CallFeaturesSetting.java,Eugene Koh,Virgil King;
d58025cd3578a30966f641877ff802abd68787cb,0,1,0,0,0.0,
1b52e290a5764bcb56563031b1c4c4a10935448e,0,1,0,0,0.0,
5b14fceea48755a6bb15cd8f923526a02d6616cd,1,1,0,0,0.0,src/com/android/phone/BluetoothHeadsetService.java,Chung-yih Wang,Jaikumar Ganesh;
f801aeb253a73237a4523f407fdd72531b2db032,1,1,1,0,1.0,
a700eaddb471d503303729ef8b58b18e4319c5ce,1,1,0,0,0.0,src/com/android/phone/BluetoothHandsfree.java,The Android Open Source Project,Zhu Lan;
07ab8425f223a0cde1759ba4565f285a6d1c2d96,1,1,0,0,0.0,src/com/android/phone/EmergencyCallHandler.java,Jaikumar Ganesh,David Brown;
c810c4656ed53ea05de5ad42404858b5a4b2df64,1,1,0,0,0.0,src/com/android/phone/PhoneApp.java,Eric Fischer,John Wang;
975d455b9bf32f2c07527ffa96aafecf042a68d8,0,1,0,0,0.0,
7974115e605b69ee21c852bd5859de124075984d,1,1,1,0,1.0,
0f32c1a1359f9a1b74bb1d061f516d3a6559617f,1,1,0,0,0.0,src/com/android/phone/Settings.java,The Android Open Source Project,Wink Saville;
5ea242f4020a31a17c2171d837d20e821e63b564,1,1,0,0,0.0,src/com/android/phone/BluetoothHeadsetService.java,Wink Saville,Jaikumar Ganesh;
7f557f590e7f8042a70bcb893db2cacf94fc029b,1,14,9,1,0.6428571428571429,res/values-cs/strings.xml,Wink Saville,Eric Fischer;res/values-nb/strings.xml,Wink Saville,Eric Fischer;src/com/android/phone/InCallScreen.java,Wink Saville,David Brown;src/com/android/phone/CallFeaturesSetting.java,Wink Saville,John Wang;
43057faeda0ffd3d15b3a0978113b5b3906fa059,1,2,0,0,0.0,res/values/strings.xml,Wink Saville,Android (Google) Code Review;src/com/android/phone/CallFeaturesSetting.java,Wink Saville,Android (Google) Code Review;
7e1b54f0ec7851aa43e516e4ad317560ea952d50,1,1,0,0,0.0,src/com/android/phone/InCallScreen.java,Jaikumar Ganesh,John Wang;
9537852545bf97d9e4d903c1eb2b528adc22dbc8,1,1,1,0,1.0,
e2c6ada19038df827669be2ddaaf200a9dcb5bae,0,1,0,0,0.0,
bdb8a7bc5ae7d74a8ec2effb0ad9d3eff32c9f43,1,1,0,0,0.0,src/com/android/phone/EmergencyCallHandler.java,Jaikumar Ganesh,David Brown;
6b4d37ced9d2db95b988482789cf299da00d2dae,1,1,0,0,0.0,src/com/android/phone/BluetoothHandsfree.java,David Brown,John Wang;
1b4455031a45a9b87cf66b3384ce59287500a448,0,4,0,0,0.0,
e92822c31e1882b5e32dc12e6a0879d404e94af8,1,1,0,0,0.0,src/com/android/phone/BluetoothHeadsetService.java,Chung-yih Wang,Jaikumar Ganesh;
98e53a1f30285cfe855a5955107a24e78ac831ea,0,1,0,0,0.0,
9afe1de771110096822a2501d78135575101421d,1,5,0,0,0.0,src/com/android/phone/InCallMenu.java,Chung-yih Wang,John Wang;src/com/android/phone/PhoneUtils.java,Chung-yih Wang,John Wang;src/com/android/phone/PhoneInterfaceManager.java,Chung-yih Wang,John Wang;src/com/android/phone/InCallControlState.java,Chung-yih Wang,John Wang;src/com/android/phone/InCallScreen.java,Chung-yih Wang,John Wang;
85971429acef3eee79c0867ecc92e543880ab4f7,1,2,0,0,0.0,src/com/android/phone/CdmaOptions.java,David Brown,The Android Open Source Project;src/com/android/phone/GsmUmtsOptions.java,David Brown,The Android Open Source Project;
80e7149ffe1f9cd99cc6c161717ff1780232d907,1,1,1,0,1.0,
b08aa5ed7d52eda9670f59ad5f83e81ed040f2cd,1,1,0,0,0.0,src/com/android/phone/NotificationMgr.java,Mike Lockwood,David Brown;
7bbac22019282adc7e363583d321daa7e18cd63d,1,1,0,0,0.0,src/com/android/phone/SimContacts.java,David Brown,Daisuke Miyakawa;
fb6e861345db8c4213280c7f32aa4e2eac4b0d11,1,2,0,0,0.0,src/com/android/phone/PhoneApp.java,Virgil King,Eric Laurent;src/com/android/phone/CallFeaturesSetting.java,Virgil King,Eric Laurent;
6faa4b60dceeec82b37adb8a336c48b99d482736,1,1,0,0,0.0,src/com/android/phone/BluetoothHandsfree.java,Eric Fischer,Jaikumar Ganesh;
6802161a90968829ec8777ec0080677b1e15e28e,1,3,0,1,0.0,src/com/android/phone/PhoneApp.java,Wink Saville,David Brown;src/com/android/phone/NotificationMgr.java,Wink Saville,Tammo Spalink;
9f64cce47fca284d51715898257be2258025eb6f,0,1,0,0,0.0,
6feb759a3fac67792c5c7598336431a688f317e7,1,2,0,0,0.0,src/com/android/phone/InCallScreen.java,Hung-ying Tyan,John Wang;src/com/android/phone/PhoneApp.java,Hung-ying Tyan,John Wang;
3897278c8d39ac3ede871e4f9f963d145f6e895d,0,1,0,0,0.0,
d8980d1e470147f89761a6284781f28e6b5ea8eb,0,1,0,0,0.0,
54b599fc96e4f0ca45880c1871509ad5905083e7,1,1,0,0,0.0,src/com/android/phone/InCallScreen.java,Hung-ying Tyan,John Wang;
7957f63826136b71474d24f29954dfb03758003b,0,1,0,0,0.0,
b602b057587837b6f1545561dd09ff57c8358a53,1,1,1,0,1.0,
cc7716bc366332af76cd7a47332cf9dabe0e24fb,0,1,0,0,0.0,
10f602b833e5486998f3e02b7f573c5faf069416,1,1,0,0,0.0,src/com/android/phone/CallNotifier.java,David Brown,Jean-Baptiste Queru;
8ff3733d62dc6072a54db0e61f17e20f2026018c,0,1,0,0,0.0,
5603cef3e91bef1e2fae956aa66c261937442ccc,0,1,0,0,0.0,
6378ad93244f00a2beb01965d087290743f2bb87,0,11,0,0,0.0,
2b7d641b9d67a90a83b8d648a833577d92da54ec,0,26,0,0,0.0,
eed66777fd4abe4661c75111d2e31e57c1ac62a9,1,5,0,0,0.0,res/values-pt-rPT/strings.xml,Wink Saville,Eric Fischer;res/values-am/strings.xml,Wink Saville,Eric Fischer;res/values-in/strings.xml,Wink Saville,Eric Fischer;src/com/android/phone/OutgoingCallBroadcaster.java,Wink Saville,Eric Fischer;res/values-zu/strings.xml,Wink Saville,Eric Fischer;
687748279e836f9ec9716a6d2eff5501aa8d9536,1,1,0,0,0.0,src/com/android/phone/NotificationMgr.java,Jean-Baptiste Queru,David Brown;
08152ef77d66881bb3d4aef98b815e1303006bb2,1,1,1,0,1.0,
a4f8d09a653f1322bb3d38cd65a8cc038a984280,0,2,0,0,0.0,
5881920e19bd481fa407bb062e638811e114abff,0,1,0,0,0.0,
20ebcffe86bfa9b5db1da8c47309f15ccc423a92,1,1,0,0,0.0,src/com/android/phone/PhoneApp.java,David Brown,Chung-yih Wang;
14ab81f2ed4bfba689e6c449c97e88cf6d794ef1,1,1,1,0,1.0,
6f1885440527f1ac6b7738a73b8f93e0577ce276,0,1,0,0,0.0,
47bf9386b2db81cdc7194711412194fce5b489c6,0,1,0,0,0.0,
9af919b2d106a676d5cfed69b872984600c0c37e,1,1,0,0,0.0,src/com/android/phone/BluetoothHandsfree.java,Paul Berman,Wink Saville;
1ca1b441b65d55659e2553540f9b75b9749d7fde,0,1,0,0,0.0,
8972be9598511b1a771efacc5f094a8d78ce7b95,1,1,0,0,0.0,src/com/android/phone/BluetoothHeadsetService.java,Simon Wilson,Jaikumar Ganesh;
02139e8e22adbdd2f148243248d59bf492389c99,1,1,0,0,0.0,src/com/android/phone/PhoneApp.java,The Android Open Source Project,Wink Saville;
7ede0c06e06bdb40aabccb52efab21cb85464904,0,1,0,0,0.0,
870bd7f09582278afaf7447a3be72653a742b1bd,0,1,0,0,0.0,
