Hash,Devs intersection,Conflicted files,Conflicted files caused by same dev,Null files,Conflicted files caused by same dev / Conflicted files
47358b6ae8be24ce614c68170cdcd2cc62e48ac9,0,1,0,0,0.0,
c029b46077506c20aa85065a5bebffe421c70ab7,0,1,0,0,0.0,
986c267bd035edff4b457a002b4e2010bc8a78da,2,1,1,0,1.0,
18c1d4dfa2a721a8cfc0e971ae69c1db26f35b1f,0,1,0,0,0.0,
ae88bd603045d92d7385b94b6efdd611500adc95,0,2,0,0,0.0,
4e16abf8d8d16196276dffc50e5df3f41c869024,0,3,0,0,0.0,
8a6c68461821c6c3e6a08ec07e08345fdfb1b591,0,1,0,0,0.0,
4e764da8e6051885b3f67e28abe89e60aab30cae,0,1,0,0,0.0,
e71e50b6f42b3fe2a88712aa9121df4b954dea10,0,1,0,0,0.0,
fb5a66525388e77458f47ebff4fbdb5b2e3af3f2,1,1,1,0,1.0,
413efe9994482a53c8999c178f4e57c5b00efcda,0,1,0,0,0.0,
cd3813dcc6b4556e76d81dc59626efe6dd28846b,0,40,0,0,0.0,
47407adc76feb6ed4d910269bd10b1f5d5d4a6f0,1,1,1,0,1.0,
740d63cf91b579e94d6b371c95e0cc6317ec660d,1,1,0,0,0.0,res/values-es-rUS/strings.xml,Gilles Debunne,Eric Fischer;
071806e2c501716d211fbbecebbaadf31fc910fc,0,41,0,0,0.0,
b3658bf7bc64131f08d793fabad6e0a55288ba24,1,21,0,0,0.0,res/values-iw/strings.xml,Dmitri Plotnikov,Eric Fischer;res/values-rm/strings.xml,Dmitri Plotnikov,Eric Fischer;res/values-ro/strings.xml,Dmitri Plotnikov,Eric Fischer;res/values-en-rGB/strings.xml,Dmitri Plotnikov,Eric Fischer;res/values-hu/strings.xml,Dmitri Plotnikov,Eric Fischer;res/values-sr/strings.xml,Dmitri Plotnikov,Eric Fischer;res/values-uk/strings.xml,Dmitri Plotnikov,Eric Fischer;res/values-ar/strings.xml,Dmitri Plotnikov,Eric Fischer;res/values-th/strings.xml,Dmitri Plotnikov,Eric Fischer;res/values-lt/strings.xml,Dmitri Plotnikov,Eric Fischer;res/values-hr/strings.xml,Dmitri Plotnikov,Eric Fischer;res/values-in/strings.xml,Dmitri Plotnikov,Eric Fischer;res/values-vi/strings.xml,Dmitri Plotnikov,Eric Fischer;res/values-ca/strings.xml,Dmitri Plotnikov,Eric Fischer;res/values-lv/strings.xml,Dmitri Plotnikov,Eric Fischer;res/values-sk/strings.xml,Dmitri Plotnikov,Eric Fischer;res/values-tl/strings.xml,Dmitri Plotnikov,Eric Fischer;res/values-fa/strings.xml,Dmitri Plotnikov,Eric Fischer;res/values-fi/strings.xml,Dmitri Plotnikov,Eric Fischer;res/values-sl/strings.xml,Dmitri Plotnikov,Eric Fischer;res/values-bg/strings.xml,Dmitri Plotnikov,Eric Fischer;
cab1cf71787da8bc70435ca35c5752c3bcfea9f8,0,1,0,0,0.0,
b1cdfe80d93363e5719d71d719657b69eadbd984,0,1,0,0,0.0,
38b590beac50017bf1b065eddea9c96d7b4bc7ab,0,1,0,0,0.0,
