Hash,Devs intersection,Conflicted files,Conflicted files caused by same dev,Null files,Conflicted files caused by same dev / Conflicted files
9910d7e004c7452a6a1b934f19dc87bb4d61d8bc,0,1,0,0,0.0,
92f4f58df944fd10c77e3d39d200c38c1491a941,0,2,0,0,0.0,
5b596f3276f36227f2ed8a15b7d0c7c3425d4f23,1,1,0,0,0.0,libcore/luni/src/main/java/java/io/File.java,Android (Google) Code Review,Jesse Wilson;
a854f9525e4c58edef73e52bb8f4df4c553a34fb,0,1,0,0,0.0,
be323ec573918ef1674e4883c8766ddc4ee2a10c,1,2,1,0,0.5,vm/oo/Object.h,Jesse Wilson,Jean-Baptiste Queru;
4923840cbd1dd1199d866aba136a8e516a8990a8,0,1,0,0,0.0,
00d77c918847afb570a38adefc03e6272b63b0ab,1,1,1,0,1.0,
a6bf300101846c135ed26c10c8a65d625b8fe820,1,1,1,0,1.0,
f68b2253877b64eb53f2d37ddd1494753973af06,1,3,0,0,0.0,dx/src/com/android/dx/dex/file/MemberIdsSection.java,Jeff Hao,Benoit Lamarche;dx/src/com/android/dx/dex/file/TypeIdsSection.java,Jeff Hao,Benoit Lamarche;dx/src/com/android/dx/command/dexer/Main.java,Jeff Hao,Benoit Lamarche;
bfed0fea0b35621e7f3752b39a2448b24dbadfd7,1,1,1,0,1.0,
91ed4f834f94757be8b19186aea7a245a52e5bb9,0,1,0,0,0.0,
60bd7511c21dabc06c6b7df2e720064fc3ad5442,1,1,0,0,0.0,libcore/luni/src/test/java/tests/api/java/io/PipedInputStreamTest.java,Raphael,Jesse Wilson;
401b5e4611076de92b3aa9fa0b6b5d57f9c39404,1,1,1,0,1.0,
72b7c6179a6ab44b60735f9c4411faa5fce9649d,0,1,0,0,0.0,
0c9612f9d7ff9fc0a61cc9eeb37acaabb7b28700,1,10,8,0,0.8,dx/src/com/android/dx/dex/code/LocalList.java,Android Code Review,Jean-Baptiste Queru;dx/src/com/android/dx/cf/code/BytecodeArray.java,Android Code Review,Jean-Baptiste Queru;
4cb230d23291ad4989d2fb488dc7babef58621e2,1,1,0,0,0.0,libcore/luni-kernel/src/main/java/java/lang/System.java,Jesse Wilson,Elliott Hughes;
5d246cb09a1bcb001ab7235b686c45b76653e713,1,1,0,0,0.0,libcore/logging/src/test/java/org/apache/harmony/logging/tests/java/util/logging/LoggerTest.java,Ben Cheng,Jesse Wilson;
f37c30480074939ab9b06e5dcb8deb645a8565f2,1,1,1,0,1.0,
d3657e737ac58389d2057c90e6a2dd7471915e5e,1,1,0,0,0.0,libcore/luni/src/main/java/java/io/PipedInputStream.java,Andy McFadden,Elliott Hughes;
f0cf4787a2b3854be096d33120c1e50e54affddb,0,1,0,0,0.0,
72353f83ff4057a64ff1e5ae3bc4b90de93e6171,1,1,0,0,0.0,dx/src/com/android/dx/command/dexer/Main.java,Benoit Lamarche,Yohann Roussel;
6a95adec3a5fa107f2bec11d77a66408f239c5ac,1,2,0,0,0.0,vm/oo/Class.c,Mike Lockwood,Android (Google) Code Review;libcore/luni/src/main/java/org/apache/harmony/luni/platform/PlatformAddressFactory.java,The Android Open Source Project,Dan Bornstein;
