Hash,Devs intersection,Conflicted files,Conflicted files caused by same dev,Null files,Conflicted files caused by same dev / Conflicted files
b15b7cb2153b7d76bb35258bdc528c4fdf3fbe3d,1,8,0,0,0.0,core/src/playn/html/Shaders.java,Jonathan Gill,Michael Bayne;core/src/playn/html/HtmlCanvasLayerGL.java,Jonathan Gill,Michael Bayne;core/src/playn/html/HtmlGroupLayerGL.java,Jonathan Gill,Michael Bayne;core/src/playn/html/HtmlLayerGL.java,Jonathan Gill,Michael Bayne;core/src/playn/html/HtmlSurfaceLayerGL.java,Jonathan Gill,Michael Bayne;core/src/playn/core/gl/LayerGL.java,Jonathan Gill,Michael Bayne;core/src/playn/html/HtmlGraphicsGL.java,Jonathan Gill,Michael Bayne;core/src/playn/html/HtmlImageLayerGL.java,Jonathan Gill,Michael Bayne;
6b07f24fae1e2a68dccb9b26e713be39b8bac95e,0,1,0,0,0.0,
fd8cfec5ad532691db2efd3de901e833529261e6,1,11,11,0,1.0,
8ef265609227c64317a9467ca2d841429f540a37,1,6,0,0,0.0,core/src/playn/html/HtmlCanvasLayerGL.java,Michael Bayne,Jonathan Gill;core/src/playn/html/HtmlGroupLayerGL.java,Michael Bayne,Jonathan Gill;core/src/playn/html/HtmlLayerGL.java,Michael Bayne,Jonathan Gill;core/src/playn/html/HtmlSurfaceLayerGL.java,Michael Bayne,Jonathan Gill;core/src/playn/html/HtmlGraphicsGL.java,Michael Bayne,Jonathan Gill;core/src/playn/html/HtmlImageLayerGL.java,Michael Bayne,Jonathan Gill;
