Hash,Merge timestamp,Branching time,Merge isolation time,Devs 1,Devs 2,Different devs,Same devs,Devs intersection,Commits 1,Commits 2,Changed files 1,Changed files 2,Changed files intersection,Has conflict?,Conflicted Files,Chunks
7b3705874b80e03f615ca97c3d6f4c82b14f4c91,2012-04-24 17:13:30 +0200,19.2972801,20.0213773,1,1,2,0,0,1,1,5,2,1,YES,1,1
eed721a96075c5e5b01d093240c04e179591253e,2012-03-20 18:10:11 +0100,2.9467708,6.0208681,2,2,4,2,2,7,5,28,21,1,YES,2,9
493833a817b6915df5cf5187064176ca4877f9bb,2011-12-06 13:47:08 +0100,41.2531481,59.9471875,1,2,3,0,0,1,2,2393,83,1,YES,39,0
80ec4a6c8155f90fee7ea8d2b91cbef2296529be,2011-09-28 18:03:01 +0200,26.1469560,27.0811343,1,2,3,0,0,3,2,60,1,0,NO,0,0
