Hash,Devs intersection,Conflicted files,Conflicted files caused by same dev,Null files,Conflicted files caused by same dev / Conflicted files
bea2cef0b13705b9ad98a4eab51acea62911d3cd,2,2,2,0,1.0,
2595694ef25cd0b39c2565c146510cf4865a4fef,2,3,3,0,1.0,
0cfd92c88e1d2acf768f826dd6bbc8ea58faa8fe,2,6,6,0,1.0,
efbc812de6b56302631900f3e8a58bbe85231bb5,2,2,2,0,1.0,
663032bf295bb7e9d8021a0fadc3adc89b645743,1,6,6,0,1.0,
cb327371b267399826596e17dc8fd682e6ad79ad,1,6,6,0,1.0,
160fe7ce3e6a19f66b70092d78560a27bfa3fc2e,2,6,6,0,1.0,
3c8bf3a584be8212fb37d7e64de69a976146e0ea,2,8,8,0,1.0,
03839c4693eaf589a89a36f10323143d1733fef8,1,8,8,0,1.0,
3a583291f2ad18470f9aac9e85be403116d16f4c,2,5,5,0,1.0,
