Hash,Devs intersection,Conflicted files,Conflicted files caused by same dev,Null files,Conflicted files caused by same dev / Conflicted files
e34b6c291ea04cb88ff124455b6b1943e04d425c,1,1,0,0,0.0,src/com/android/providers/contacts/ContactsProvider2.java,Bjorn Bringert,Dmitri Plotnikov;
d98a2d76849bcdec668e6a639f5b738edffd0e27,1,1,1,0,1.0,
ec90f41aff415826f583e71fa9a4b23ca95615d2,0,1,0,0,0.0,
d50f427f4714e81333ee7599f1882b035aa873d6,1,1,0,0,0.0,src/com/android/providers/contacts/ContactsProvider2.java,Jeff Sharkey,Fred Quintana;
37f4204592393df36a19851a6d2043fc6ff8420d,0,1,0,0,0.0,
f3082210d83492b4a8591c82e56291514547f5a5,1,1,0,0,0.0,src/com/android/providers/contacts/ContactsDatabaseHelper.java,Dianne Hackborn,Dmitri Plotnikov;
0807a24b226ace6c624f92ca494ce0e61109427d,0,1,0,0,0.0,
8295d4dd0fa0530c095c8cc9fd0791e6be1b53ce,1,1,1,0,1.0,
2cfbcb88ed85ac0a0bc93f558d5d7928be762102,0,1,0,0,0.0,
e2d20aa1ab5de52ee4a4f5ba3cffcc1166a0b44f,0,1,0,0,0.0,
a418b1cc17c79e598a68b654f3bf40149f7c2f8e,1,1,0,0,0.0,src/com/android/providers/contacts/ContactsProvider2.java,Daisuke Miyakawa,Dave Santoro;
86a261709c827b1833c97c331ff607c9bda877a3,1,1,1,0,1.0,
2d34c281a9b6ebb9db96fc9ac1092c46d5be6b57,1,1,0,0,0.0,src/com/android/providers/contacts/ContactsDatabaseHelper.java,Dmitri Plotnikov,Vasu Nori;
f65b12455184bc69c45634586ab5fd3234ad98d7,1,1,0,0,0.0,tests/src/com/android/providers/contacts/ContactsProvider2Test.java,Jason Chen,Dmitri Plotnikov;
b4e61e064b59e8076df81b061add9fb358fd2ed9,1,1,1,0,1.0,
79168d502c62f205523a5f804c1df2864d193124,1,1,1,0,1.0,
d0924616b831161737e0c29ba036aa8e9eb832bc,1,1,1,0,1.0,
0ff0a6d5b11aa17ae29708584d3f40b154acc347,0,1,0,0,0.0,
2f3dea5e7ad22182915c5576b561622496afa574,1,1,1,0,1.0,
3410a80f4aafe5685da61c217808d2bf21d55dfc,1,2,2,0,1.0,
