Hash,Devs intersection,Conflicted files,Conflicted files caused by same dev,Null files,Conflicted files caused by same dev / Conflicted files
cbcf25d919021415093c82866eba19a3e36a2dc8,2,2,2,0,1.0,
314678c057eb1a2597f50151aa3a7f99de519c8f,1,1,1,0,1.0,
c6421e849a3add269191dd71e0c17d6a30113d5d,0,2,0,0,0.0,
a926478d9b4207c164b6594ba9cecab12db6f02f,1,32,29,0,0.90625,querydsl-sql-codegen/src/main/java/com/mysema/query/sql/ant/AntMetaDataExporter.java,Timo Westkämper,Ruben Dijkstra;querydsl-maven-plugin/src/main/java/com/mysema/query/maven/AbstractMetaDataExportMojo.java,Timo Westkämper,Ruben Dijkstra;querydsl-sql/src/test/java/com/mysema/query/AbstractBaseTest.java,Timo Westkämper,Ruben Dijkstra;
df50736653b5eac36429d8774d35f35e37c8eb08,0,1,0,0,0.0,
c5bce173ceece103e21d2e34e47fd8499acd0d73,0,2,0,0,0.0,
348414f102dc79d1913e6a13d5b253bc38187d08,1,2,2,0,1.0,
4cdcff5c97ceca11f18daf32642b9d486f0382db,1,1,0,0,0.0,querydsl-sql/src/test/java/com/mysema/query/SelectBase.java,Timo Westkämper,Ruben Dijkstra;
150622d2b57cb1b6bf846a2d255ec298752d0885,2,1,1,0,1.0,
1931b7083934100242b3b19ca96975439d874e1f,2,1,1,0,1.0,
d635af6b9dbff2dde6d18d30c9e4354d8a8bfe2e,1,1,0,0,0.0,querydsl-sql/src/test/java/com/mysema/query/SelectBase.java,Timo Westkämper,Ruben Dijkstra;
dfbc4de68adafb10f15b33af65f48f7c176b25af,2,1,0,0,0.0,querydsl-sql/src/main/java/com/querydsl/sql/JDBCTypeMapping.java,Timo Westkämper,Ruben Dijkstra;
ce2c062b446e11fa5021772467bb25110101f1ad,1,1,0,0,0.0,querydsl-core/src/main/java/com/mysema/query/types/ConstructorExpression.java,Ruben Dijkstra,Timo Westkämper;
215c9935e5acd6d5768875c20e22f17783a080c6,0,2,0,0,0.0,
a2a87229d354f3404023c0aac71b340d78c2387a,1,1,1,0,1.0,
9ad304fdbe48da1addb9f6a04b8e1e5a229c8031,2,2,2,0,1.0,
388be85cfc42c48a703a2b1c35157ceb3d30887a,1,1,0,0,0.0,querydsl-sql/src/test/java/com/mysema/query/SelectBase.java,Timo Westkämper,Ruben Dijkstra;
5ec83dfc51c1e7b6b838271995dcef9c1534282d,1,1,1,0,1.0,
2a298ed52fa8502d70905fb75e56b6f5f907cfbd,2,1,0,0,0.0,querydsl-sql/src/test/java/com/mysema/query/SelectBase.java,Ruben Dijkstra,Timo Westkämper;
