Hash,Devs intersection,Conflicted files,Conflicted files caused by same dev,Null files,Conflicted files caused by same dev / Conflicted files
8c583f7d61595f8bcd6a48ce0ce8f9138c1b3a1f,1,1,1,0,1.0,
c04a3d58f462bf5bb3832946c397e9cc6319286b,1,2,1,1,0.5,
986a654c858f4110c094d110f5b1f57089eb201c,1,1,1,0,1.0,
0b5e255f14e18af1e764688b74ad17a5d5cde98f,1,2,1,1,0.5,
51df83f1c47ca890a5d315bc7883a2e582f51dc9,1,2,1,1,0.5,
670f64a0f837ce779e974b8bfae9f6405726f7c6,1,1,0,0,0.0,railo-java/railo-core/src/railo/runtime/exp/PageExceptionImpl.java,micstriit,Michael Offner;
678b84a52dc5a18e2e078add50b6ad98516cd5f8,1,9,3,0,0.3333333333333333,railo-java/railo-core/src/railo/transformer/cfml/evaluator/impl/Loop.java,Michael Offner,micstriit;railo-java/railo-core/src/railo/runtime/functions/list/ListFirst.java,Michael Offner,micstriit;railo-java/railo-core/src/railo/runtime/functions/list/ListRest.java,Michael Offner,micstriit;railo-java/railo-core/src/railo/runtime/functions/string/Right.java,Michael Offner,micstriit;railo-java/railo-core/src/railo/runtime/functions/string/Left.java,Michael Offner,micstriit;railo-java/railo-core/src/resource/fld/web-cfmfunctionlibrary_1_0,Michael Offner,micstriit;
5381c340e4430691660e6e87b020c46d8e2885be,1,4,3,1,0.75,
cf67ea74967a61375fdb84fdecc03b035a2620bb,1,2,1,1,0.5,
85451302812591268625a7b2b715f406162a4531,1,3,2,1,0.6666666666666666,
a816b22b543367c170a214ce01b38dcbfda09e84,1,1,1,0,1.0,
7713d1f1603e21dc6cf10b0d13de8be35d34c6f4,1,3,1,0,0.3333333333333333,railo-java/railo-core/src/railo/runtime/converter/WDDXConverter.java,micstriit,Michael Offner;railo-java/railo-core/src/railo/runtime/Info.ini,micstriit,Michael Offner;
ce3a99da6ed85002955e02986d23e3998a702197,1,3,3,0,1.0,
341853583fde7abbe62d4cd8cff54dfffc878194,1,3,0,0,0.0,railo-cfml/railo-admin/admin/resources/language/en.xml,micstriit,Michael Offner;railo-cfml/railo-admin/admin/server.cache.cfm,micstriit,Michael Offner;railo-cfml/railo-admin/admin/resources/language/de.xml,micstriit,Michael Offner;
d55f81ad3faf31ebfc5aabfdb962506f55bcd85a,1,1,1,0,1.0,
918bcda27f65cb564381a1265a85ba98d89c1749,0,1,0,0,0.0,
dbe107d5cefa96fd3549ee02e25fc465085fb13a,1,2,0,1,0.0,railo-java/railo-core/src/railo/runtime/Info.ini,micstriit,Michael Offner;
5bb293863ab9b3c5d72ad53f1c2f24418421a303,2,5,3,1,0.6,railo-java/railo-core/src/railo/runtime/customtag/CustomTagUtil.java,micstriit,Michael Offner;
73f6e11ac12f04a715dba92f75544dbb5ef65452,1,3,0,1,0.0,railo-java/railo-core/src/railo/runtime/cache/tag/smart/SmartCacheHandler.java,micstriit,Michael Offner;railo-java/railo-core/src/railo/runtime/Info.ini,micstriit,Michael Offner;
12509f5911e8f01413cd11da4e3bee4aa4910e05,2,2,0,1,0.0,railo-java/railo-core/src/railo/runtime/Info.ini,Michael Offner,micstriit;
bc2abb4497c2e32fcc5036e18e9f1a1ebc56de1c,2,1,1,0,1.0,
90919cf359cef40bcbc99d096521846161c77a6a,1,2,0,1,0.0,railo-java/railo-core/src/railo/runtime/Info.ini,micstriit,Michael Offner;
e196a219779edf1846cc5915afffab538bb23d90,0,4,0,0,0.0,
f6dbd3673bff87a24eb70b9ad7cc46275e2e5e0b,1,1,1,0,1.0,
507e4994b9c884e39a049e40467798e1e1f422e3,1,1,0,1,0.0,
99fb70b0b7676b4abf6425c9ffb181f4ac1ddde9,2,5,2,2,0.4,railo-java/railo-core/src/railo/runtime/net/smtp/SMTPClient.java,Michael Offner,micstriit;
639b6f1da262f112c7e47b28ec40e78ceea22f7c,2,3,1,0,0.3333333333333333,railo-java/railo-core/src/railo/runtime/op/Decision.java,Michael Offner,micstriit;railo-java/railo-core/src/railo/runtime/op/Caster.java,Michael Offner,micstriit;
b844957f604269005b4db27a912baab10b46ca02,2,1,1,0,1.0,
a107971b33540cba235599b971a5ecd5dcdba220,2,2,1,0,0.5,railo-java/railo-core/src/railo/runtime/ComponentPage.java,micstriit,Michael Offner;
4f1934043e581a8cb0f2fcf44f3d7a653994a279,1,5,0,1,0.0,railo-java/railo-core/src/railo/runtime/CFMLFactoryImpl.java,micstriit,Michael Offner;railo-java/railo-core/src/railo/transformer/library/tag/TagLibFactory.java,micstriit,Michael Offner;railo-java/railo-core/src/railo/runtime/functions/other/GetTagData.java,micstriit,Michael Offner;railo-java/railo-core/src/railo/transformer/library/tag/TagLibTagAttr.java,micstriit,Michael Offner;
57660307aa7f7fc119e4290072e44b67a6e6a2bd,2,6,3,1,0.5,railo-java/railo-core/src/railo/runtime/type/UDFImpl.java,micstriit,Michael Offner;railo-java/railo-core/src/railo/runtime/Info.ini,micstriit,Michael Offner;
f55007aad7362c0067dc56ca111707d3b6d78ce8,1,6,5,1,0.8333333333333334,
0c4b2081a32e5398a8b83bf51ac88550c1e42fef,2,1,0,1,0.0,
22319f08b7e467837161136f2e85bdab44bf5e33,2,1,1,0,1.0,
b0e3fd47e3b595a41ee92a75a11a8a0e50d0072a,1,4,3,1,0.75,
1a6150b057d4388bfb236bd86edcb4114808c875,1,2,0,0,0.0,railo-java/railo-core/src/railo/runtime/text/csv/CSVParser.java,micstriit,Michael Offner;railo-java/railo-core/src/railo/runtime/Info.ini,micstriit,Michael Offner;
82ae0154cf0bea813860efa542a6c3ade3803054,0,1,0,0,0.0,
5fcc568559ff38c8162e9525040ade82dd52b7fe,1,1,1,0,1.0,
f099c0e23576acd929d25d9a865bece48c403b1c,1,8,4,1,0.5,railo-java/railo-core/src/railo/runtime/tag/Http4.java,Michael Offner,micstriit;railo-java/railo-core/src/railo/commons/io/res/util/ResourceUtil.java,micstriit,Michael Offner;railo-java/railo-core/src/railo/runtime/config/ConfigWebFactory.java,micstriit,Michael Offner;
c3611f5d6d217e158d74a2fc2ee01f2df1efc444,1,1,0,0,0.0,railo-cfml/railo-admin/admin/resources/language/en.xml,micstriit,Michael Offner;
0f1f0387e7853fffd76fe111412f0369582c558a,1,9,0,9,0.0,
f1caa90f96a0536c6edd2af5fba4ec7884783ab5,1,6,6,0,1.0,
7aee8d9041cc29435573df7b974e98919708bcd1,0,7,0,0,0.0,
dbd4ac4e78c5df69b7a98bfc2b5aad6a9acf762d,1,3,3,0,1.0,
2d5f0289c3d3982c2c13518ba8260d04fa97af4f,1,7,5,0,0.7142857142857143,railo-java/railo-core/src/railo/runtime/listener/AppListenerUtil.java,micstriit,Michael Offner;railo-java/railo-core/src/railo/runtime/net/smtp/SMTPClient.java,micstriit,Michael Offner;
fdbdfb63555722b2e22a0689e27f02d82c6dc670,1,186,59,2,0.3172043010752688,railo-cfml/railo-admin/admin/resources/img/arrow-down.gif.cfm,micstriit,Michael Offner;railo-java/railo-core/src/railo/runtime/tag/Insert.java,micstriit,Michael Offner;railo-java/railo-core/src/railo/runtime/db/DataSourceUtil.java,micstriit,Michael Offner;railo-cfml/railo-admin/admin/resources/img/server-railo.png.cfm,micstriit,Michael Offner;railo-java/railo-core/src/railo/transformer/bytecode/statement/udf/Function.java,micstriit,Michael Offner;railo-cfml/railo-admin/admin/resources/img/server-minus.gif.cfm,micstriit,Michael Offner;railo-java/railo-core/src/railo/runtime/tag/Query.java,micstriit,Michael Offner;railo-java/railo-core/src/railo/runtime/op/ThreadLocalDuplication.java,micstriit,Michael Offner;railo-cfml/railo-admin/admin/resources/img/shadow-left.gif.cfm,micstriit,Michael Offner;railo-java/railo-core/src/railo/runtime/interpreter/ref/func/BIFCall.java,micstriit,Michael Offner;railo-cfml/railo-admin/admin/resources/img/maxl.png.cfm,micstriit,Michael Offner;railo-cfml/railo-admin/admin/resources/img/box-left.png.cfm,micstriit,Michael Offner;railo-cfml/railo-admin/admin/resources/img/plus.png.cfm,micstriit,Michael Offner;railo-java/railo-core/src/railo/transformer/bytecode/visitor/TryFinallyVisitor.java,micstriit,Michael Offner;railo-cfml/railo-admin/admin/debugging.templates.cfm,micstriit,Michael Offner;railo-java/railo-core/src/railo/transformer/bytecode/statement/tag/TagLoop.java,micstriit,Michael Offner;railo-java/railo-core/src/railo/transformer/bytecode/statement/TryCatchFinally.java,micstriit,Michael Offner;railo-java/railo-core/src/resource/context/admin/resources/language/de.xml,micstriit,Michael Offner;railo-cfml/railo-admin/admin/resources/img/web-bgcolor.gif.cfm,micstriit,Michael Offner;railo-cfml/railo-admin/admin/resources/img/arrow-right.gif.cfm,micstriit,Michael Offner;railo-java/railo-core/src/railo/runtime/config/ConfigWebFactory.java,micstriit,Michael Offner;railo-cfml/railo-admin/admin/resources/menu.cfm,micstriit,Michael Offner;railo-java/railo-core/src/railo/runtime/PageContextImpl.java,micstriit,Andrea Campolonghi;railo-java/railo-core/src/railo/runtime/tag/Update.java,micstriit,Michael Offner;railo-java/railo-core/src/railo/runtime/type/UDFImpl.java,micstriit,Michael Offner;railo-cfml/railo-admin/admin/resources/img/star_icon.png.cfm,micstriit,Michael Offner;railo-cfml/railo-admin/admin/resources/img/arrow.gif.cfm,micstriit,Michael Offner;railo-cfml/railo-admin/admin/debugging.templates.list.cfm,micstriit,Michael Offner;railo-cfml/railo-admin/admin/resources/img/box-right.png.cfm,micstriit,Michael Offner;railo-java/railo-core/src/railo/runtime/functions/system/GetCurrentTemplatePath.java,micstriit,Michael Offner;railo-java/railo-core/src/railo/runtime/listener/AppListenerUtil.java,micstriit,Michael Offner;railo-java/railo-core/src/railo/transformer/bytecode/visitor/ParseBodyVisitor.java,micstriit,Michael Offner;railo-java/railo-core/src/railo/runtime/functions/query/QueryColumnData.java,micstriit,Michael Offner;railo-cfml/railo-admin/admin/resources/img/web-minus.gif.cfm,micstriit,Michael Offner;railo-java/railo-core/src/railo/runtime/type/util/UDFUtil.java,micstriit,Michael Offner;railo-java/railo-core/src/railo/runtime/functions/system/ExpandPath.java,micstriit,Michael Offner;railo-cfml/railo-admin/admin/resources/img/star_icon_small.png.cfm,micstriit,Michael Offner;railo-java/railo-core/src/resource/context/admin/resources/language/en.xml,micstriit,Michael Offner;railo-cfml/railo-admin/admin/resources/img/input-button.png.cfm,micstriit,Michael Offner;railo-java/railo-core/src/railo/transformer/bytecode/statement/tag/TagBreak.java,micstriit,Michael Offner;railo-cfml/railo-admin/admin/resources/img/star_icon_grey.png.cfm,micstriit,Michael Offner;railo-java/railo-core/src/railo/runtime/listener/ModernApplicationContext.java,micstriit,Michael Offner;railo-java/railo-core/src/railo/commons/io/SystemUtil.java,micstriit,Michael Offner;railo-java/railo-core/src/railo/runtime/functions/system/GetMemoryUsage.java,micstriit,Michael Offner;railo-cfml/railo-admin/admin/debug/Modern.cfc,micstriit,Michael Offner;railo-java/railo-core/src/railo/runtime/interpreter/CFMLExpressionInterpreter.java,micstriit,Michael Offner;railo-cfml/railo-admin/admin/resources/img/input-shadow-error.png.cfm,micstriit,Michael Offner;railo-cfml/railo-admin/admin/resources/img/debug_plus.gif.cfm,micstriit,Michael Offner;railo-cfml/railo-admin/admin/resources/img/box-del.png.cfm,micstriit,Michael Offner;railo-cfml/railo-admin/admin/resources/img/input-shadow.png.cfm,micstriit,Michael Offner;railo-cfml/railo-admin/admin/resources/js/jquery.blockUI.js.cfm,micstriit,Michael Offner;railo-cfml/railo-admin/admin/resources/img/debug_minus.gif.cfm,micstriit,Michael Offner;railo-cfml/railo-admin/admin/resources/img/tp.gif.cfm,micstriit,Michael Offner;railo-cfml/railo-admin/admin/resources/img/debug_execute.gif.cfm,micstriit,Michael Offner;railo-cfml/railo-admin/admin/resources/img/right-tab-web.png.cfm,micstriit,Michael Offner;railo-cfml/railo-admin/admin/resources/img/info.png.cfm,micstriit,Michael Offner;railo-cfml/railo-admin/admin/resources/img/maxr.png.cfm,micstriit,Michael Offner;railo-java/railo-core/src/railo/runtime/db/HSQLDBHandler.java,micstriit,Michael Offner;railo-java/railo-core/src/railo/runtime/functions/international/LSDateFormat.java,micstriit,Michael Offner;railo-cfml/railo-admin/admin/resources/img/box-bg.png.cfm,micstriit,Michael Offner;railo-cfml/railo-admin/admin/resources/img/web-railo.png.cfm,micstriit,Michael Offner;railo-java/railo-core/src/resource/context/admin/debug/Modern.cfc,micstriit,Michael Offner;railo-java/railo-core/src/railo/runtime/interpreter/VariableInterpreter.java,micstriit,Michael Offner;railo-cfml/railo-admin/admin/resources/img/server-railo-small.png.cfm,micstriit,Michael Offner;railo-java/railo-core/src/railo/transformer/library/function/FunctionLibFunctionArg.java,micstriit,Michael Offner;railo-cfml/railo-admin/admin/resources/img/server-bgcolor.gif.cfm,micstriit,Michael Offner;railo-cfml/railo-admin/admin/resources/img/arrow-active.gif.cfm,micstriit,Michael Offner;railo-java/railo-core/src/railo/runtime/tag/StoredProc.java,micstriit,Michael Offner;railo-java/railo-core/src/railo/runtime/type/scope/UndefinedImpl.java,micstriit,Michael Offner;railo-java/railo-core/src/railo/commons/i18n/FormatUtil.java,micstriit,Michael Offner;railo-cfml/railo-admin/admin/resources/language/en.xml,micstriit,Michael Offner;railo-cfml/railo-admin/admin/resources/img/web-railo-small.png.cfm,micstriit,Michael Offner;railo-java/railo-core/src/railo/runtime/type/util/CollectionUtil.java,micstriit,Michael Offner;railo-cfml/railo-admin/admin/resources/js/jquery-1.7.2.min.js.cfm,micstriit,Michael Offner;railo-cfml/railo-admin/admin/resources/language/de.xml,micstriit,Michael Offner;railo-cfml/railo-admin/admin/debug/Classic.cfc,micstriit,Michael Offner;railo-cfml/railo-admin/admin/resources/img/edit.png.cfm,micstriit,Michael Offner;railo-java/railo-core/src/railo/transformer/bytecode/statement/ExpressionAsStatement.java,micstriit,Michael Offner;railo-java/railo-core/src/railo/runtime/tag/Directory.java,micstriit,Michael Offner;railo-java/railo-core/src/railo/transformer/bytecode/util/Methods_Caster.java,micstriit,Michael Offner;railo-java/railo-core/src/railo/transformer/bytecode/cast/Cast.java,micstriit,Michael Offner;railo-java/railo-core/src/railo/runtime/type/List.java,micstriit,Michael Offner;railo-cfml/railo-admin/admin/resources/img/server-back.png.cfm,micstriit,Michael Offner;railo-java/railo-core/src/railo/runtime/debug/DebuggerImpl.java,micstriit,Michael Offner;railo-cfml/railo-admin/templates/error/error.cfm,micstriit,Michael Offner;railo-cfml/railo-admin/admin/resources/img/shadow-right.gif.cfm,micstriit,Michael Offner;railo-cfml/railo-admin/admin/resources/img/arrow-up.gif.cfm,micstriit,Michael Offner;railo-cfml/railo-admin/admin/resources/img/minus.png.cfm,micstriit,Michael Offner;railo-java/railo-core/src/railo/runtime/config/ConfigWebAdmin.java,micstriit,Michael Offner;railo-cfml/railo-admin/admin/resources/img/search_icon.png.cfm,micstriit,Michael Offner;railo-cfml/railo-admin/admin/resources/img/left.png.cfm,micstriit,Michael Offner;railo-cfml/railo-admin/admin/resources/img/red-info.gif.cfm,micstriit,Michael Offner;railo-java/libs/versions,micstriit,Michael Offner;railo-cfml/railo-admin/admin/resources/img/right-tab-server.png.cfm,micstriit,Michael Offner;railo-java/railo-core/src/railo/runtime/component/PropertyImpl.java,micstriit,Michael Offner;railo-java/railo-core/src/railo/runtime/debug/DebuggerPro.java,micstriit,Michael Offner;railo-java/railo-core/src/railo/runtime/functions/file/DirectoryCopy.java,micstriit,Michael Offner;railo-java/railo-core/src/railo/runtime/functions/international/LSParseDateTime.java,micstriit,Michael Offner;railo-java/railo-core/src/railo/transformer/bytecode/visitor/TryCatchFinallyVisitor.java,micstriit,Michael Offner;railo-java/railo-core/src/resource/context/admin/debug/Classic.cfc,micstriit,Michael Offner;railo-java/railo-core/src/railo/runtime/type/util/KeyConstants.java,micstriit,Michael Offner;railo-java/railo-core/src/railo/transformer/bytecode/statement/tag/TagTry.java,micstriit,Michael Offner;railo-cfml/railo-admin/admin/resources/img/web-back.png.cfm,micstriit,Michael Offner;railo-cfml/railo-admin/admin/resources/img/left-tab-server.png.cfm,micstriit,Michael Offner;railo-cfml/railo-admin/admin/resources/img/bg-left.png.cfm,micstriit,Michael Offner;railo-java/railo-core/src/railo/runtime/type/scope/storage/db/Ansi92.java,micstriit,Michael Offner;railo-java/railo-core/src/railo/runtime/type/util/MemberUtil.java,micstriit,Michael Offner;railo-java/railo-core/src/railo/runtime/op/Decision.java,micstriit,Michael Offner;railo-cfml/railo-admin/admin/debug/Comment.cfc,micstriit,Michael Offner;railo-cfml/railo-admin/admin/resources/js/admin.js.cfm,micstriit,Michael Offner;railo-cfml/railo-admin/admin/resources/img/arrow-down-active.gif.cfm,micstriit,Michael Offner;railo-cfml/railo-admin/admin/resources/img/left-tab-web.png.cfm,micstriit,Michael Offner;railo-java/railo-core/src/railo/transformer/bytecode/Page.java,micstriit,Michael Offner;railo-java/railo-core/src/railo/commons/net/http/httpclient4/HTTPEngine4Impl.java,micstriit,Michael Offner;railo-java/railo-core/src/resource/context/admin/debug/Comment.cfc,micstriit,Michael Offner;railo-java/railo-core/src/resource/context/templates/error/error.cfm,micstriit,Michael Offner;railo-java/railo-core/src/railo/transformer/bytecode/statement/tag/TagGroupUtil.java,micstriit,Michael Offner;railo-cfml/railo-admin/admin/resources/img/arrow-left.gif.cfm,micstriit,Michael Offner;railo-cfml/railo-admin/admin/resources/img/minl.png.cfm,micstriit,Michael Offner;railo-java/railo-core/src/railo/runtime/tag/CFTag.java,micstriit,Michael Offner;railo-cfml/railo-admin/admin/resources/img/arrow_tooltip.png.cfm,micstriit,Michael Offner;railo-java/railo-core/src/railo/runtime/tag/Application.java,micstriit,Michael Offner;railo-cfml/railo-admin/admin/resources/img/back-left.png.cfm,micstriit,Michael Offner;railo-java/railo-core/src/railo/commons/net/http/httpclient4/HTTPResponse4Impl.java,micstriit,Michael Offner;railo-java/railo-core/src/railo/runtime/type/scope/ArgumentImpl.java,micstriit,Andrea Campolonghi;
d3f81017130e89349084e48e1760c269cd0384ca,1,8,5,0,0.625,railo-java/railo-core/src/railo/runtime/listener/ModernApplicationContext.java,micstriit,Michael Offner;railo-java/railo-core/src/railo/runtime/net/smtp/SMTPClient.java,micstriit,Michael Offner;railo-java/railo-core/src/railo/runtime/tag/Application.java,micstriit,Michael Offner;
7741f65af8f2cbea9a5243df5e638cd53c8f8f60,1,1,1,0,1.0,
172344d5b2e7ae8bb93913641795728882622f54,0,1,0,0,0.0,
0a2b0ce496d6bead28d9479a92d07a5a22ffeb0c,1,2,1,1,0.5,
229aa6ab673d11ad491fcd6620ddc2a626ee64bd,1,5,4,1,0.8,
1e2f96eccb7515fdba180d13280c5cc9c5428ee2,1,1,1,0,1.0,
4bd9e4fa14d3eda7d1faac6e6fc09a25eb953863,1,2,2,0,1.0,
5e98423a4c60e722895f3e7d104354e8b81fb90b,1,3,0,0,0.0,railo-java/railo-core/src/railo/runtime/type/util/StructSupport.java,micstriit,Michael Offner;railo-java/railo-core/src/railo/runtime/PageContextImpl.java,micstriit,Michael Offner;railo-java/railo-core/src/railo/runtime/type/util/ArraySupport.java,micstriit,Michael Offner;
8a65f2fe39e2b2e151a12941ca4eaaaaee684d0e,1,4,2,1,0.5,railo-java/railo-core/src/railo/runtime/Info.ini,Michael Offner,micstriit;
b1f071345ed5a1ba2de94156f0b259ca2b3e8136,1,16,5,2,0.3125,railo-java/railo-core/src/railo/runtime/tag/Insert.java,Michael Offner,micstriit;railo-java/railo-core/src/railo/runtime/tag/StoredProc.java,Michael Offner,micstriit;railo-java/railo-core/src/railo/runtime/config/ConfigImpl.java,Michael Offner,micstriit;railo-java/railo-core/src/railo/runtime/tag/Query.java,Michael Offner,micstriit;railo-java/railo-core/src/railo/runtime/config/ConfigWebFactory.java,Michael Offner,micstriit;railo-java/railo-core/src/railo/runtime/type/util/KeyConstants.java,Michael Offner,micstriit;railo-java/railo-core/src/railo/runtime/tag/Update.java,Michael Offner,micstriit;railo-cfml/railo-admin/admin/debugging.templates.list.cfm,Michael Offner,micstriit;railo-java/railo-core/src/railo/runtime/Info.ini,micstriit,Michael Offner;
537fb59e3f99bbe139801112b41d86fe47f65187,1,1,1,0,1.0,
0a557d2638cb80cbb69f9aec6a0a5371ad0fa96a,1,3,2,0,0.6666666666666666,railo-java/railo-core/src/railo/transformer/bytecode/cast/Cast.java,Michael Offner,micstriit;
657b67f108f643de702d5041c3d7a39e7af2f272,1,1,1,0,1.0,
ac076e5d39279a2bf3c1dabfad470eaba5df52ae,1,2,1,1,0.5,
80a3eef8f423d4e2f1aa29276e38ec7bd91bf858,1,6,6,0,1.0,
7e766a5195ed21e20563f2b3ee1b930c0f640d47,1,4,1,0,0.25,railo-java/railo-core/src/railo/runtime/tag/Insert.java,micstriit,Michael Offner;railo-java/railo-core/src/railo/runtime/tag/Update.java,micstriit,Michael Offner;railo-java/railo-core/src/railo/runtime/type/scope/storage/StorageScopeDatasource.java,micstriit,Michael Offner;
acb96f88c9bd707350bf73b4f996f32e009627be,1,2,1,0,0.5,railo-java/railo-core/src/railo/runtime/functions/xml/XmlTransform.java,micstriit,Michael Offner;
6eea24d26892c40f40f19bd09ff5dd5143c38e34,1,1,1,0,1.0,
798ef1e4a0c17f207486685288785a213ce94ecf,1,1,1,0,1.0,
ac303397ab35e3faa5cf442fe8a33b02677d9b3e,1,1,1,0,1.0,
445e180863591650d5f58a9b1d301658fd268832,1,5,1,0,0.2,railo-cfml/railo-admin/admin/services.datasource.list.cfm,micstriit,Michael Offner;.gitignore,micstriit,Michael Offner;railo-java/railo-core/src/railo/runtime/Info.ini,micstriit,Michael Offner;railo-cfml/railo-admin/admin/services.datasource.create.cfm,micstriit,Michael Offner;
64d80d298788daf96e4d1cbb2b1bbc2d2eccf9fd,0,2,0,0,0.0,
e19bdb9e1eafb8a3680fb3a0851eef7b0ec98c51,1,1,0,0,0.0,railo-java/railo-core/src/railo/runtime/Info.ini,micstriit,Michael Offner;
fe06102a8607847faf955d9f6a09b246b92dd142,0,1,0,0,0.0,
71e2be0bd73293299f1c14a970e10e9bc8eafd8c,1,2,2,0,1.0,
a109bc390ff8d04e5a1cdf286a0f1fa669c5b1e9,1,4,3,1,0.75,
9d828535f6f9d8ac3452a363ea9c085695f63d22,1,5,4,1,0.8,
48200a95b22c5cfa0f9a198a2b3df83be5f42953,1,11,10,1,0.9090909090909091,
111600f0d48b8b004bba12074c0e572a3f808436,1,1,1,0,1.0,
8a93e1c56773f7f3ed1d762abdee7d2b6b3c807f,1,1,1,0,1.0,
8659600a60ff496d7eaff82194f62a0d8962be76,1,1,1,0,1.0,
25c056c978869e0b13d477c361d06998a6dde767,1,5,4,1,0.8,
454a95bf7d1f42f0977020dc8ef8b3ea3d0c719e,1,3,2,1,0.6666666666666666,
b3c44b6709e4c6cddf6dafdf008ea45a77322e71,1,4,3,1,0.75,
65b0b651f34f359ffc163768e0d552b18b862a2f,1,3,2,1,0.6666666666666666,
bf39f724e0d72685e3c0023be9991afb22718e15,1,8,4,1,0.5,railo-java/railo-core/src/railo/transformer/cfml/script/CFMLScriptTransformer.java,micstriit,Michael Offner;railo-java/railo-core/src/railo/runtime/orm/hibernate/tuplizer/accessors/CFCGetter.java,micstriit,Michael Offner;railo-java/railo-core/src/railo/runtime/type/scope/FormImpl.java,micstriit,Michael Offner;
285dc6cae80f387b2203c4e8de242e0886d62b2c,1,16,14,2,0.875,
668aba0619c59f10d1e893f6f64d8e1caaa50d9f,0,1,0,0,0.0,
d47a8ea3a203a2f418730f336c8a78f8cfd74f5e,1,4,3,1,0.75,
4aaaf28ea1e66affdfc1d2dc38ecd68c70d60f4a,1,3,2,1,0.6666666666666666,
5dd1ac987286e26d179b01bec9f0e647040a5931,1,1,1,0,1.0,
785f7881790ec09016e99dc2342033055bc98a87,1,5,4,1,0.8,
c8d6c38abb9c0af2da9081853ab9ccc0a0d5e4bd,1,2,1,1,0.5,
9bda679cdfa36f32f7479977ef24d785d46bb289,1,3,2,1,0.6666666666666666,
cea394fe78caf0175f94791f3cfc93e7ec4bc41c,1,3,2,1,0.6666666666666666,
3670f70deb635bc299c0aa527e1556ebed325605,0,10,0,0,0.0,
d46cd2c1bc44175baa5d07fb5cae2dd2c73ff180,1,21,17,4,0.8095238095238095,
c9e7e62c403cbde9132e41c7bdb6e25f33f99d49,0,1,0,0,0.0,
1a16f3a1eca7b9d5f43ae4160bc204473b9c60cf,2,4,2,2,0.5,
5cdfa392d9323ee07cdaeaae0bc9b8492e48bad0,2,4,3,1,0.75,
0611ae6734c56cf83072b952bca6ef69b255a664,2,10,9,1,0.9,
58b7f55e2dadb74a8469777da59f924497c4659d,2,8,8,0,1.0,
b8673ea29598a7a42682798b1de515cabf32233e,1,10,9,1,0.9,
abf0dc34dabd90eaacc0143a950a5e6a5787c0cb,2,6,5,1,0.8333333333333334,
5346031e837bfbf25bbf319a8b3f980582db2bae,2,3,3,0,1.0,
ab346977b5932e909ed395cc8afe970b5e61d53c,2,11,10,1,0.9090909090909091,
0e521a50bd881860b69181feeb43876f38264eee,1,13,12,1,0.9230769230769231,
b76de15499824b1828b2a1c18d45c21197759f66,1,8,7,1,0.875,
24e0462e2d9504851e3d6ebe1278c1e953d1fb75,1,187,182,3,0.9732620320855615,railo-java/railo-core/src/railo/runtime/img/Image.java,micstriit,Andrea Campolonghi;railo-java/railo-core/src/railo/runtime/config/ConfigImpl.java,micstriit,Andrea Campolonghi;
defd90665c38fb70150d402f804951441c38256b,2,5,4,1,0.8,
ef869c1bd2ebaae3dabe7aa479936f89d00a9a06,2,16,15,1,0.9375,
a14df531b545820a613dcf669a6ed1b2fa6169f6,2,5,3,2,0.6,
5e13dd8ca32ed8e358c0bb783c00b72b6a0de575,2,3,1,2,0.3333333333333333,
be0cb8647331bd1e98945b180e9b317e93309572,1,13,11,2,0.8461538461538461,
2d8362ae929dc409ba5e735bd426fbed77f08ae3,2,5,4,1,0.8,
88ff1a0336499924baf219243fe265ce17af9edc,2,2,1,1,0.5,
9331f4035f13533922976da878e8b825bae6f17e,2,1,1,0,1.0,
6f94360e425992c25e8611a26fd829769feb0bfb,2,4,3,1,0.75,
782abfe2d5989b52cc3007eabe0b26fb6fdc5fd7,2,4,3,1,0.75,
7a8dcc6f21566444366654ae97cfaed878f86bb7,2,2,1,1,0.5,
3abbee54911ede0cd0935f0e6b3681fa2bfadc5c,2,1,1,0,1.0,
f960ccc6d1de44fbf783ec57b9026aa3de6e6bd2,2,1,1,0,1.0,
b2cb86c9553a40a216734dc1d06679d609d3283c,2,13,11,2,0.8461538461538461,
ba98cea837fef6c99e5120477a73bf63b04b9952,2,6,6,0,1.0,
0b1829586f63ee7a77eba4e6218f312b911c0bf3,2,2,2,0,1.0,
eea147ae3a7f5495bca74e0e10207d33cb8f6f84,1,2,1,1,0.5,
b50af6834e3c85c37c9ef8d6ffd9cb3edf2c15b9,1,3,2,1,0.6666666666666666,
a88435d0a012002ecc120ee70ecf25d381425919,1,3,2,1,0.6666666666666666,
357d9f3390d4d1fed728db347d005288d8c1d3c5,1,2,1,1,0.5,
5dea5cb18af9834a38b88b760dde086b6a886096,1,1,1,0,1.0,
46f12f82d88e6d76a6e7e2768438855c5fc282e3,1,1,1,0,1.0,
d8f103719ec2a3e367633f11251d15b9bd30e0b8,1,1,1,0,1.0,
f6bb37c0e17c7ae2a95448f026aadfb5cf015abd,2,1,1,0,1.0,
ea00da26c3d1d4dccf6497506c1a4c039d751e1a,1,3,3,0,1.0,
c3e49cb93fcf59f6dfef7baf40ddb7b8b7873a7a,1,4,0,0,0.0,railo-java/libs/.project,micstriit,Mark Drew;railo-java/railo-core/.classpath,micstriit,Mark Drew;railo-java/libs/.classpath,micstriit,Mark Drew;railo-java/railo-loader/.classpath,micstriit,Mark Drew;
07313e66b5594207c5fc5650ba1fa907e8762887,0,1,0,0,0.0,
59f30d72f05f7f67354587d67c15d04779fd6fdb,2,2,2,0,1.0,
c769a072350f9662acaef2895df4123b5ae2c4c2,0,4,0,0,0.0,
b16f9a46632a44180558340e533de73413e440ef,2,2,1,1,0.5,
b41b07aa7013244bd719554f0dbeb2bdddf64a71,2,2,2,0,1.0,
9d845542c9c9c73b8300d7de92fb6a486c9a5433,2,2,1,1,0.5,
9f4c78c381ff4a8584dc8fa736fe0947411fb628,2,2,1,1,0.5,
51a0248912779dd05d29a762e4b2aa2816c1ba49,2,2,1,1,0.5,
079843df2f8e0b0a1aac10bbcdda5bade2005fce,2,7,7,0,1.0,
a9a3755d48149b8a4191775a0bd75c0046cf9009,2,1,1,0,1.0,
233cb7943c5da779e0133e3209cbffb6daf3246b,2,2,2,0,1.0,
7005b8b902e0bb56884d98b1154a77d53bac96de,2,4,3,1,0.75,
c74551f0eb5aa3a821bbed089c37f9095ed7be74,2,3,2,1,0.6666666666666666,
6344e0676f614783aa2e22bd6cb8df923d33504b,2,2,1,1,0.5,
6f5df7b40362d0d6bec0eac4efac24f919dc52ab,2,1,0,1,0.0,
4c04d3271569fd260649ffb18c720d51798a026e,2,1,1,0,1.0,
ede88d269da0d2a7eafe4a48b8fd1c257826609b,2,2,1,1,0.5,
bd64e3f75a1fdd8ce655f8aa12700c12d23483b9,2,2,2,0,1.0,
4e80f3cfddf53eb20d5091dfbdcc09c28a63f49b,2,2,1,1,0.5,
00a1ef9c9a25eb01a127e65462f9f8386bfa3989,2,2,1,1,0.5,
c87f0e9ba95e3543b3862d9704f03b52bb23e1b5,2,1,1,0,1.0,
3524c1c5c50eb90ddd47596b56d44ff7b4afe11f,2,1,1,0,1.0,
2220c2f75e63657e1dac02a6f4f43e590b209875,2,2,2,0,1.0,
a0d693f5c3394fc15818d7229fbd9f66f6af37c4,2,2,2,0,1.0,
9accbda5e57522acc585b613bd86c1111663d6eb,2,2,2,0,1.0,
d468337ebf6e8898253918e13bfaea8b04d12980,2,2,2,0,1.0,
9e586aaa9c614635ad20f94c80659aae4e8a11dc,2,2,2,0,1.0,
0013a808f3e9e76da4777160e2a33aa2855b82e5,2,1,1,0,1.0,
b687158e04bcdff4713cef2d77efda974a521e12,2,4,4,0,1.0,
73bac867652a94015b9d0e50a14043e07becd8a6,2,4,3,1,0.75,
cba0e2cdf23615d50062ae41a623c1939d10c064,0,1,0,0,0.0,
ac2796c172dfea059ab46abbe5938b79f1fc3007,0,39,0,0,0.0,
