Hash,Devs intersection,Conflicted files,Conflicted files caused by same dev,Null files,Conflicted files caused by same dev / Conflicted files
aa7431a4e784c0fbcc0c785c6e7a129b75ede213,1,1,0,0,0.0,core/src/org/riotfamily/core/dao/InMemoryRiotDao.java,Carsten Woelk,Felix Gnass;
534d73a3e45270b0fe6dd54aff300a8dab87efba,1,1,0,0,0.0,content/src/org/riotfamily/pages/riot/form/PagePropertiesEditor.java,Carsten Woelk,Felix Gnass;
32b31c541d5f98f3f32f4fffc531364800a8142f,0,1,0,0,0.0,
13fb4b018b9076104214c4bf898bab78268317c2,1,2,0,0,0.0,common/src/org/riotfamily/common/util/FormatUtils.java,Felix Gnass,Carsten Woelk;content/src/org/riotfamily/pages/riot/form/PageFormInitializer.java,Felix Gnass,Carsten Woelk;
a1ba8bd3e258d85f30026160e0f0c81a20480331,1,2,0,0,0.0,core/src/org/riotfamily/core/screen/list/dto/ListModel.java,Carsten Woelk,Jan-Frederic Linde;core/src/org/riotfamily/core/screen/list/service/ListModelBuilder.java,Carsten Woelk,Jan-Frederic Linde;
16e7b12689f77233152fdfb31633969acbc73449,1,63,27,9,0.42857142857142855,website/META-INF/riot/riot-servlet.xml,Felix Gnass,Carsten Woelk;pages/src/org/riotfamily/pages/riot/dao/PageRiotDao.java,Carsten Woelk,Felix Gnass;linkcheck/src/org/riotfamily/linkcheck/LinkCheckLinkExtractor.java,Carsten Woelk,Felix Gnass;linkcheck/src/org/riotfamily/linkcheck/LinkChecker.java,Carsten Woelk,Felix Gnass;components/src/org/riotfamily/components/riot/form/ContentContainerEditorBinder.java,Carsten Woelk,Felix Gnass;components/src/org/riotfamily/components/riot/form/ContentListItem.java,Carsten Woelk,Felix Gnass;pages/src/org/riotfamily/pages/view/PageFacade.java,Carsten Woelk,Felix Gnass;pages/src/org/riotfamily/pages/model/Site.java,Carsten Woelk,Felix Gnass;cachius/src/org/riotfamily/cachius/CacheService.java,Carsten Woelk,Alf Werder;forms/src/org/riotfamily/forms/MapEditorBinder.java,Carsten Woelk,Felix Gnass;.gitignore,Carsten Woelk,Felix Gnass;pages/src/org/riotfamily/pages/riot/dao/SiteRiotDao.java,Carsten Woelk,Felix Gnass;riot/src/org/riotfamily/riot/form/element/ChooserPathView.ftl,Felix Gnass,Alf Werder;components/src/org/riotfamily/components/view/InplaceMacroHelper.java,Carsten Woelk,Felix Gnass;forms/src/org/riotfamily/forms/element/collection/MapEditor.java,Carsten Woelk,Felix Gnass;riot-hibernate/src/org/riotfamily/riot/hibernate/support/HibernateHelper.java,Carsten Woelk,Felix Gnass;components/src/org/riotfamily/components/runtime/resources/components.js,Carsten Woelk,Felix Gnass;components/src/org/riotfamily/components/view/InplaceMacroHelperFactory.java,Carsten Woelk,Felix Gnass;media/src/org/riotfamily/media/store/DefaultFileStore.java,Carsten Woelk,Felix Gnass;forms/src/org/riotfamily/forms/BeanEditorBinder.java,Carsten Woelk,Felix Gnass;forms/src/org/riotfamily/forms/AbstractEditorBinder.java,Carsten Woelk,Felix Gnass;components/src/org/riotfamily/components/view/inplace.ftl,Carsten Woelk,Felix Gnass;components/src/org/riotfamily/components/dao/HibernateComponentDao.java,Felix Gnass,Carsten Woelk;components/src/org/riotfamily/components/editor/ContentFormController.java,Carsten Woelk,Felix Gnass;components/src/org/riotfamily/components/riot/form/ContentEditorBinder.java,Carsten Woelk,Felix Gnass;components/META-INF/riot/website-servlet.xml,Carsten Woelk,Felix Gnass;pages/META-INF/riot/riot-servlet.xml,Carsten Woelk,Felix Gnass;
537460a44149ab60c664fd74d089ba4d587a909d,1,13,6,0,0.46153846153846156,components/src/org/riotfamily/components/controller/render/CachingRenderStrategy.java,Carsten Wölk,Alf Werder;riot/src/org/riotfamily/riot/runtime/view/error.ftl,Carsten Wölk,Felix Gnass;.settings/org.eclipse.core.resources.prefs,Felix Gnass,Alf Werder;website/src/org/riotfamily/website/view/common.ftl,Carsten Wölk,Felix Gnass;search/src/org/riotfamily/search/site/SiteSearchController.java,Carsten Wölk,Alf Werder;cachius/src/org/riotfamily/cachius/TaggingContext.java,Carsten Wölk,Yannik Block;common.xml,Felix Gnass,Yannik Block;
ccd9f769430d93081d627f4370dd431e7c2326e1,1,35,11,5,0.3142857142857143,dbmsgsrc/src/org/riotfamily/dbmsgsrc/riot/ImportMessageEntriesCommand.java,Felix Gnass,Jan-Frederic Linde;pages/src/org/riotfamily/pages/dao/PageDao.java,Felix Gnass,Carsten Wölk;pages/src/org/riotfamily/pages/setup/PageTypeHierarchy.java,Felix Gnass,Carsten Wölk;riot/src/org/riotfamily/riot/list/ui/ListSession.java,Felix Gnass,Carsten Wölk;pages/src/org/riotfamily/pages/dao/PageValidationUtils.java,Felix Gnass,Carsten Wölk;pages/src/org/riotfamily/pages/runtime/resources/style/riot-pages.css,Felix Gnass,Carsten Wölk;statistics/src/org/riotfamily/statistics/runtime/riot-config.xml,Felix Gnass,Carsten Wölk;build.properties,Felix Gnass,Carsten Wölk;pages/src/org/riotfamily/pages/runtime/riot-config.xml,Felix Gnass,Carsten Wölk;pages/src/org/riotfamily/pages/riot/dao/PageRiotDao.java,Felix Gnass,Carsten Wölk;riot/src/org/riotfamily/riot/list/command/core/CutCommand.java,Felix Gnass,Carsten Wölk;pages/src/org/riotfamily/pages/dao/HibernatePageDao.java,Felix Gnass,Jan-Frederic Linde;pages/src/org/riotfamily/pages/riot/command/PastePageCommand.java,Felix Gnass,Carsten Wölk;riot/src/org/riotfamily/riot/list/command/core/Clipboard.java,Felix Gnass,Carsten Wölk;pages/src/org/riotfamily/pages/riot/command/DeletePageCommand.java,Felix Gnass,Carsten Wölk;pages/src/org/riotfamily/pages/riot/ui/PublishStatusRenderer.java,Felix Gnass,Carsten Wölk;riot/src/org/riotfamily/riot/list/xml/XmlListRepositoryDigester.java,Felix Gnass,Carsten Wölk;riot/src/org/riotfamily/riot/list/xml/list-config.xsd,Felix Gnass,Carsten Wölk;pages/src/org/riotfamily/pages/dao/AbstractPageDao.java,Felix Gnass,Carsten Wölk;
84bb2504d2fac2319859bdfa900a4795d90a975f,1,64,59,2,0.921875,core/src/org/riotfamily/core/screen/ScreenContext.java,Felix Gnass,Lars Behnke;core/META-INF/riot/riot-servlet.xml,Felix Gnass,Lars Behnke;riot-hibernate/src/org/riotfamily/riot/hibernate/dao/HqlCollectionDao.java,Felix Gnass,Lars Behnke;
bd5db9b82ff4989278e607274077f688ca8edc1d,0,15,0,0,0.0,
