Hash,Merge timestamp,Branching time,Merge isolation time,Devs 1,Devs 2,Different devs,Same devs,Devs intersection,Commits 1,Commits 2,Changed files 1,Changed files 2,Changed files intersection,Has conflict?,Conflicted Files,Chunks
4b304555b499a7a01eeefaacefe7ad391401fbed,2010-10-28 20:55:11 -0400,0.0208912,0.2812963,1,1,2,0,0,1,1,10,6,1,YES,1,1
a8713ddf24a4d10cb61831d2be5a1d53af802a6e,2011-01-17 09:38:27 -0500,0.0034491,0.0263426,1,1,2,0,0,2,1,5,4,1,YES,1,1
2deb23bad81a5350d9e45c5e10f5dfa8dc280f91,2011-03-14 16:53:14 -0400,0.1765162,0.9601620,1,1,2,0,0,1,3,11,6,1,YES,2,2
cb85e3a7629b52689acca5108a5e18a2782b060f,2010-11-11 17:20:10 -0500,15.2520718,15.3520255,1,3,4,0,0,1,20,29,39,1,YES,16,35
e7b5df799acbf906a45041dc29250ba6a553d404,2010-11-06 21:06:41 -0400,1.7044792,3.2965625,1,2,3,0,0,1,3,4,13,1,YES,1,1
