Hash,Devs intersection,Conflicted files,Conflicted files caused by same dev,Null files,Conflicted files caused by same dev / Conflicted files
13a9ce696e8c527892db726bcd2d348f90b5e6fe,2,1,1,0,1.0,
665e3f75a31228f70f22ad8d243d0db70b0f9331,0,1,0,0,0.0,
3bfd090fd02d474919e4651492d33a4d1cf040c5,0,1,0,0,0.0,
0c085d7effb35b8f55c9541daaafe10aacc29831,0,2,0,0,0.0,
c169680d4dba1d0cbb39a1cccf6d02c19820f4a4,0,2,0,0,0.0,
6d8b950f9e6fac5167ca0193a219f1776e6a179a,1,6,0,0,0.0,src/gwt/src/org/rstudio/studio/client/workbench/views/source/editors/text/r/RCompletionToolTip.java,Kevin Ushey,Jonathan McPherson;src/gwt/src/org/rstudio/studio/client/RStudioGinjector.java,Kevin Ushey,JJ Allaire;src/gwt/src/org/rstudio/studio/client/workbench/views/source/editors/text/DocDisplay.java,Kevin Ushey,Jonathan;src/gwt/src/org/rstudio/studio/client/workbench/views/source/editors/text/ace/TokenCursor.java,Kevin Ushey,JJ Allaire;src/gwt/src/org/rstudio/studio/client/workbench/views/source/editors/text/AceEditor.java,Kevin Ushey,Jonathan;src/gwt/src/org/rstudio/studio/client/workbench/views/console/shell/assist/RCompletionManager.java,Kevin Ushey,JJ Allaire;
c0f443fb90ea3fddef936f7385e3a5e33b8decec,0,2,0,0,0.0,
4328ca325e5ff675e1fba6e06fb8fe70d301bc4a,2,1,0,0,0.0,src/gwt/src/org/rstudio/studio/client/workbench/views/console/shell/assist/RCompletionManager.java,Kevin Ushey,JJ Allaire;
6528f09ab50e572b9b40c1a3c3d98e9c1366f9dc,1,1,0,0,0.0,src/gwt/src/org/rstudio/studio/client/workbench/model/SessionInfo.java,Jonathan McPherson,JJ Allaire;
333cd9875c91256e79d0d98be1d661444e02e6b5,0,2,0,0,0.0,
0fd7c34cce643c6157d61da00aab7b2d77e7a204,1,8,0,0,0.0,src/gwt/src/org/rstudio/studio/client/server/remote/RemoteServer.java,Jonathan McPherson,JJ Allaire;src/gwt/src/org/rstudio/studio/client/workbench/views/output/renderrmd/RenderRmdOutputPresenter.java,Jonathan McPherson,JJ Allaire;src/gwt/src/org/rstudio/studio/client/workbench/views/source/editors/text/TextEditingTargetRMarkdownHelper.java,Jonathan McPherson,JJ Allaire;src/gwt/src/org/rstudio/studio/client/rmarkdown/model/RMarkdownServerOperations.java,Jonathan McPherson,JJ Allaire;src/gwt/src/org/rstudio/studio/client/rmarkdown/ui/RmdOutputPresenter.java,Jonathan McPherson,JJ Allaire;src/cpp/session/modules/rmarkdown/SessionRMarkdown.cpp,Jonathan McPherson,JJ Allaire;src/gwt/src/org/rstudio/studio/client/workbench/views/source/editors/text/TextEditingTarget.java,Jonathan McPherson,JJ Allaire;src/gwt/src/org/rstudio/studio/client/rmarkdown/events/RenderRmdEvent.java,Jonathan McPherson,JJ Allaire;
1e2e124c4aba712733b5809569b041b57e57f2fd,1,1,0,0,0.0,src/gwt/src/org/rstudio/studio/client/workbench/views/source/editors/text/AceEditor.java,Kevin Ushey,Jonathan McPherson;
b5a958280af7ebb9942f23a3cbfb4e99f286f04a,1,5,0,0,0.0,src/gwt/src/org/rstudio/studio/client/server/remote/ClientEvent.java,Kevin Ushey,Jonathan McPherson;src/cpp/session/include/session/worker_safe/session/SessionClientEvent.hpp,Kevin Ushey,Jonathan McPherson;src/gwt/src/org/rstudio/studio/client/server/remote/ClientEventDispatcher.java,Kevin Ushey,Jonathan McPherson;src/cpp/session/SessionClientEvent.cpp,Kevin Ushey,Jonathan McPherson;src/gwt/src/org/rstudio/studio/client/workbench/views/source/SourceWindowManager.java,Kevin Ushey,Jonathan McPherson;
37d0ad4671d3a246faade0659674316422f8ef01,1,1,1,0,1.0,
07c339cb5bc433a629a9766101d0b402a43d5dfc,0,4,0,0,0.0,
7bb0da0677500fd2306cd0b8a2c190864d582e59,0,1,0,0,0.0,
04d094308b4615e8052830082582b87bbe050bb6,0,1,0,0,0.0,
18d6ed2fcf2377dce5452c5c71a5b1d9a5005d52,1,2,0,0,0.0,src/gwt/src/org/rstudio/studio/client/workbench/commands/Commands.java,Kevin Ushey,JJ Allaire;src/gwt/src/org/rstudio/studio/client/workbench/commands/Commands.cmd.xml,Kevin Ushey,JJ Allaire;
e45febd45b076e27b6006637c547048d2062cf80,1,1,0,0,0.0,src/gwt/src/org/rstudio/studio/client/workbench/views/source/editors/text/AceEditor.java,Kevin Ushey,JJ Allaire;
c12547af7b51c811df603a1fbaa29c684ec164d0,0,1,0,0,0.0,
2a9b3686f99a1a027c519c961a690f5661e8d7d6,1,1,0,0,0.0,src/gwt/src/org/rstudio/studio/client/RStudioGinjector.java,Kevin Ushey,Jonathan;
aea8f1bbb27ab415c5ed4a0a0c9e3c8c993b0cfd,0,1,0,0,0.0,
03457ec15f618a908839cce08c40c57ee6349527,1,2,0,0,0.0,src/gwt/src/org/rstudio/studio/client/workbench/views/source/editors/text/DocDisplay.java,Kevin Ushey,JJ Allaire;src/gwt/src/org/rstudio/studio/client/workbench/views/source/editors/text/AceEditor.java,Kevin Ushey,JJ Allaire;
9be33bf3d2fc54ff26afc2faac163323d5ca3c14,2,1,0,0,0.0,src/gwt/src/org/rstudio/studio/client/application/ApplicationUtils.java,Jonathan McPherson,JJ Allaire;
0825e4cf7c280e336f773337fdb49c84c1746a05,1,1,0,0,0.0,src/gwt/src/org/rstudio/studio/client/workbench/views/source/editors/text/ace/AceEditorNative.java,Kevin Ushey,Jonathan McPherson;
b4880615e1240a71b956680759cc72f5061ccb1a,0,1,0,0,0.0,
386ccf0212de4a779d552cc20aee79fee5a59daf,1,1,0,0,0.0,src/gwt/src/org/rstudio/core/client/command/UserCommandManager.java,JJ Allaire,Jonathan McPherson;
565603d1162e9ab2975e4b4b8c4b8217e90e8c14,1,2,2,0,1.0,
a2b52812602a5aa77386c83a80aca9668f152c90,1,2,0,0,0.0,src/gwt/src/org/rstudio/studio/client/workbench/commands/Commands.cmd.xml,Jonathan McPherson,JJ Allaire;src/gwt/src/org/rstudio/studio/client/workbench/views/source/editors/text/TextEditingTargetWidget.java,Jonathan McPherson,JJ Allaire;
8593f5432b916ab0e25970908eac340921d9d630,0,1,0,0,0.0,
c5ccfad278ccb69fff0ca7ea31e3d30ccc9e3725,2,1,1,0,1.0,
da24bab55fca22251e214e984e159f9185399710,0,1,0,0,0.0,
82536801384312f3ec637400ced51d70d1d11a2f,0,1,0,0,0.0,
5b245dc1d19dc9127d13ff288dd4e16d094e483d,0,1,0,0,0.0,
a3a826ab0717757e3687682bed14b662125a08f1,1,1,1,0,1.0,
9e24e61174d962a4e7ad27c4e0243120dc93e404,1,1,0,0,0.0,src/gwt/src/org/rstudio/studio/client/workbench/views/source/editors/text/AceEditor.java,Kevin Ushey,JJ Allaire;
91f385138ad8fde2e710871eb4100cae0a632182,1,7,0,0,0.0,src/gwt/src/org/rstudio/studio/client/server/remote/ClientEvent.java,JJ Allaire,Joe Cheng;src/gwt/src/org/rstudio/studio/client/workbench/model/WorkbenchServerOperations.java,JJ Allaire,Joe Cheng;src/gwt/src/org/rstudio/studio/client/RStudioGinModule.java,JJ Allaire,Joe Cheng;src/gwt/src/org/rstudio/studio/client/workbench/views/find/events/FindResultEvent.java,JJ Allaire,Joe Cheng;src/cpp/session/include/session/worker_safe/session/SessionClientEvent.hpp,JJ Allaire,Joe Cheng;src/gwt/src/org/rstudio/studio/client/server/remote/ClientEventDispatcher.java,JJ Allaire,Joe Cheng;src/cpp/session/SessionClientEvent.cpp,JJ Allaire,Joe Cheng;
e5d01504220206573ce3971360651d49c17e926b,1,3,0,0,0.0,src/gwt/src/org/rstudio/studio/client/RStudioGinModule.java,Kevin Ushey,Jonathan McPherson;src/gwt/src/org/rstudio/studio/client/workbench/views/source/Source.java,Kevin Ushey,Jonathan McPherson;src/gwt/src/org/rstudio/studio/client/workbench/views/source/editors/text/TextEditingTarget.java,Kevin Ushey,Jonathan McPherson;
31229a8dd479346e70e1ff1a37cfc8f00a3bef9a,1,4,1,0,0.25,src/cpp/session/modules/SessionBreakpoints.hpp,JJ Allaire,Jonathan McPherson;src/cpp/session/modules/SessionBreakpoints.cpp,JJ Allaire,Jonathan McPherson;src/cpp/session/modules/SessionBreakpoints.R,JJ Allaire,Jonathan McPherson;
a6ddf1afcf01180f304cf77f08be5bc1b7e478ec,2,1,1,0,1.0,
6f570b52fbdb7f535c6409d3200c28ac9ec523f0,1,1,1,0,1.0,
c1d9821d6560b8ea102cf8ac634667c031bd89d3,1,1,0,0,0.0,src/gwt/src/org/rstudio/studio/client/workbench/views/source/editors/text/DocDisplay.java,Kevin Ushey,JJ Allaire;
092c025103f4e09506c35ba6831fa077e951dafb,1,1,0,0,0.0,src/gwt/src/org/rstudio/studio/client/workbench/views/source/Source.java,JJ Allaire,Joe Cheng;
e315dfe91101c4a9e138052eb9a6bd42dd82ba38,1,5,3,0,0.6,src/gwt/src/org/rstudio/studio/client/workbench/views/source/editors/text/AceEditor.java,JJ Allaire,Kevin Ushey;src/gwt/src/org/rstudio/studio/client/workbench/views/source/model/DocUpdateSentinel.java,JJ Allaire,Kevin Ushey;
f03cc5ad86c082eff0d369422bded09a711f193d,1,1,1,0,1.0,
493b6860081cc9bb365e73fd09a34b80478273e1,1,3,0,0,0.0,src/cpp/session/include/session/SessionAsyncRProcess.hpp,JJ Allaire,Jonathan;NEWS.md,JJ Allaire,Jonathan;src/gwt/src/org/rstudio/studio/client/workbench/prefs/views/EditingPreferencesPane.java,JJ Allaire,Jonathan;
70f09fe8c68a6c94001a251a712aa0fb33903ea0,1,1,0,0,0.0,src/gwt/src/org/rstudio/studio/client/workbench/views/source/editors/text/ace/CodeModel.java,Kevin Ushey,JJ Allaire;
39eeaf1fe6b638ed7ad35bdec55a3f5877b524f8,1,1,0,0,0.0,src/gwt/src/org/rstudio/studio/client/workbench/views/console/shell/assist/CompletionPopupPanel.java,Kevin Ushey,JJ Allaire;
03576617ba110d1401d2f7f5f54893372d02ebce,0,2,0,0,0.0,
97c037b04ec64f00b31d7b87f631acbc90ba397c,0,1,0,0,0.0,
71a2d4fbe6a70b60cd427e537a78fad2386ab3ab,1,1,0,0,0.0,src/gwt/src/org/rstudio/studio/client/workbench/views/source/editors/text/DocDisplay.java,Kevin Ushey,JJ Allaire;
a7f5acd7d82410f61f78c035491cac12480d26e4,1,1,0,0,0.0,src/gwt/src/org/rstudio/studio/client/workbench/views/console/shell/assist/RCompletionManager.java,Kevin Ushey,JJ Allaire;
f07489b6d6bf74bcb79ff143ef74e9c3aa6b9b84,0,1,0,0,0.0,
75456952ff60bf03fd202db0bb7fae6fd74da467,0,1,0,0,0.0,
cd00a353a16d7ca08f62b03cc3e40802a95a898a,0,4,0,0,0.0,
a2e77a34755e89b4121bc35be0456da2f97ea4d3,0,1,0,0,0.0,
6d2aec5788868b9a5cb29ae9f694e5b7478b3a40,1,2,0,0,0.0,src/gwt/src/org/rstudio/studio/client/workbench/commands/Commands.java,Jonathan McPherson,JJ Allaire;src/gwt/src/org/rstudio/studio/client/workbench/commands/Commands.cmd.xml,Jonathan McPherson,JJ Allaire;
f872f211de3e03d79523aa6634718cb55c978e7f,1,2,2,0,1.0,
48fe4fcd9adb535bee669e118a6968da1e62fd5b,0,1,0,0,0.0,
a65ebf95356ebe8e26f54c33d3ffc418a5653f4b,0,4,0,0,0.0,
1d3b99f38039157edf7d5a16990274f0cf3955aa,0,4,0,0,0.0,
3a0699010b80bbbe4bd9d83f16acec52740cb438,0,1,0,0,0.0,
b268f3a5dde7f6985e8a50cd1da21720258e7b3b,0,5,0,0,0.0,
7a3d0eff2bd513442f72098d60c0a3ed126942ab,2,1,1,0,1.0,
0be5df556976063b460c61dc81f02ae561b7a120,1,2,0,0,0.0,src/gwt/src/org/rstudio/studio/client/common/debugging/BreakpointManager.java,Jonathan McPherson,JJ Allaire;src/gwt/src/org/rstudio/studio/client/workbench/views/source/editors/text/AceEditorWidget.java,Jonathan McPherson,JJ Allaire;
2ce768b09af69b2a4828fc69c3a0718ff36e1f93,1,2,0,0,0.0,src/gwt/src/org/rstudio/studio/client/server/remote/RemoteServer.java,Jonathan McPherson,JJ Allaire;src/gwt/src/org/rstudio/studio/client/RStudioGinjector.java,Jonathan McPherson,JJ Allaire;
480928ea290ff010b5f27b0637aca3c26ba7c766,0,1,0,0,0.0,
2be6349db724159096e6b8d39228be3d7a6265cc,0,1,0,0,0.0,
9143ecf3df323577eddd9f8e3540eee38ac7c7bd,1,4,3,0,0.75,src/gwt/src/org/rstudio/studio/client/workbench/views/source/model/DocUpdateSentinel.java,JJ Allaire,Jonathan McPherson;
5155e45a3e76853131860afdb91829fbebf89aa0,1,1,1,0,1.0,
ed6ae881d2a32ac6f1f222dba54f16af2c55674d,0,3,0,0,0.0,
d7a52ef108628d075df4ab867fbb6fbbed9ab832,0,2,0,0,0.0,
c235824e2d5b1b54365a29b69f8dd79f0268a1de,0,2,0,0,0.0,
828cea3874aec8838d81b0780ee32701a9169c80,1,3,3,0,1.0,
eded3f26e8bf1e145573c7784e9b77bf7480316e,0,4,0,0,0.0,
4042d5ed7b21a344863d8556dd9571138201aa44,1,1,1,0,1.0,
b2cb25c822fd98a6a787c8622e762591cfe48988,1,2,0,0,0.0,src/gwt/src/org/rstudio/studio/client/server/remote/RemoteServer.java,Jonathan McPherson,JJ Allaire;src/gwt/src/org/rstudio/studio/client/RStudioGinjector.java,Jonathan McPherson,JJ Allaire;
32684db0c08109dfb9d0c9fdf08b5d3ea2ad5e5c,1,1,0,0,0.0,src/gwt/src/org/rstudio/studio/client/server/remote/RemoteServer.java,Jonathan McPherson,JJ Allaire;
