Hash,Devs intersection,Conflicted files,Conflicted files caused by same dev,Null files,Conflicted files caused by same dev / Conflicted files
ab8d0109f4051be5dc02edbece7634861b5e693c,0,1,0,0,0.0,
f88f3ad1c0bd370173d73dc0bc34bbeff732cac5,0,1,0,0,0.0,
ae3b3593a6e71a5db0c32fd181ea70d0707d4152,0,1,0,0,0.0,
5df592a2dbd0c5d43957bf435216ca93cf4f5a3a,0,1,0,0,0.0,
14dae3c91c17b748206900803f40d47931d85d9d,2,2,1,1,0.5,
463f1674a4ae0de7e9041063f09e170399516e06,1,22,4,18,0.18181818181818182,
96e062cf7de7104fa35beefb948d3ff8774d92f1,1,7,7,0,1.0,
026667f5fcead2bc84a338b6fbc5471ecde1b382,2,1,0,1,0.0,
a55b813a25d34616769a6587a5929249c5381021,0,2,0,0,0.0,
03e77b610333cb4b3b3406f3a14f7e2426f7e5d4,0,3,0,0,0.0,
ddf195a57433f2bf5dcf2c49c5842e0992d420c2,0,3,0,0,0.0,
83668006e701f5b78f636e901546b40566162781,0,3,0,0,0.0,
14065605c9823bffcb24783cd0d7bb52ae866f17,0,3,0,0,0.0,
2d908642b80035e9ca8465a513c061f32687340d,1,4,0,1,0.0,seage.experimenter/src/main/java/org/seage/experimenter/Experimenter.java,Richard Malek,Karel Durkota;seage.experimenter/src/main/java/org/seage/experimenter/config/RandomConfigurator.java,Richard Malek,Karel Durkota;seage.metaheuristics/src/main/java/org/seage/metaheuristic/fireflies/FireflySearch.java,Richard Malek,Karel Durkota;
5287d75f7ddc09fe41aa92ce4cc6217e40ac4166,1,4,0,1,0.0,seage.experimenter/src/main/java/org/seage/experimenter/Experimenter.java,Richard Malek,Karel Durkota;seage.experimenter/src/main/java/org/seage/experimenter/config/RandomConfigurator.java,Richard Malek,Karel Durkota;seage.metaheuristics/src/main/java/org/seage/metaheuristic/fireflies/FireflySearch.java,Richard Malek,Karel Durkota;
17dedb90cd809f6cd7e009b0fdef3f2f90101d8b,0,2,0,0,0.0,
e5fb232e66c3195f3363543c411ad42fe1342adb,0,2,0,0,0.0,
aeaafe2d401b29a8e56cb21ef0371c8e5115712d,1,2,1,0,0.5,seage.aal/src/main/java/org/seage/aal/algorithm/fireflies/FireflySearchRuntimeEvaluator.java,Karel Durkota,Richard Malek;
c72fe9f220297bcfd3a23dabb695c390bcf7f6ef,1,2,1,0,0.5,seage.aal/src/main/java/org/seage/aal/algorithm/fireflies/FireflySearchRuntimeEvaluator.java,Karel Durkota,Richard Malek;
f49e13d55276f7ffeb3f134d5266cb362ed84c37,0,2,0,0,0.0,
bb09ba6afc4407a3e76f86afa1b45a60c730f117,0,2,0,0,0.0,
46026e529412260a26a230e84ff3bea17cb587a8,1,3,0,0,0.0,seage.problems/discrete/tsp/src/main/java/org/seage/problem/tsp/particles/TspParticleSwarmTest.java,Karel Durkota,Richard Malek;seage.problems/discrete/qap/src/main/java/org/seage/problem/qap/sannealing/QapSimulatedAnnealingTest.java,Karel Durkota,Richard Malek;seage.problems/discrete/qap/src/main/java/org/seage/problem/qap/FacilityLocationProvider.java,Karel Durkota,Richard Malek;
1c46daddaacf57751cf48ce85954b2852bdda441,1,3,0,0,0.0,seage.problems/discrete/tsp/src/main/java/org/seage/problem/tsp/particles/TspParticleSwarmTest.java,Karel Durkota,Richard Malek;seage.problems/discrete/qap/src/main/java/org/seage/problem/qap/sannealing/QapSimulatedAnnealingTest.java,Karel Durkota,Richard Malek;seage.problems/discrete/qap/src/main/java/org/seage/problem/qap/FacilityLocationProvider.java,Karel Durkota,Richard Malek;
e19f0fd1920e2764db9df60abcfea73b51361e9f,1,2,0,0,0.0,release/makerelease.sh,Richard Malek,Karel Durkota;seage.problems/discrete/qap/src/main/java/org/seage/problem/qap/particles/QapParticleSwarmFactory.java,Richard Malek,Karel Durkota;
0b3d5fc683c5262cf69e4189118f66c5dd283ccf,1,2,0,0,0.0,release/makerelease.sh,Richard Malek,Karel Durkota;seage.problems/discrete/qap/src/main/java/org/seage/problem/qap/particles/QapParticleSwarmFactory.java,Richard Malek,Karel Durkota;
90416edf63a142ebf46b081ea5711df5c21455d5,2,1,0,1,0.0,
81edc6c50be3ccf82d20ca03addf63793969081e,2,1,0,1,0.0,
03a0a781d57696281abf5ad64d26971076e38c38,2,11,9,2,0.8181818181818182,
9583977d243465c461a955ab66aa5839c37ad85d,2,11,9,2,0.8181818181818182,
