Hash,Devs intersection,Conflicted files,Conflicted files caused by same dev,Null files,Conflicted files caused by same dev / Conflicted files
191ec03694eb3ea4500c38507131dfa2fc1b9577,0,1,0,0,0.0,
e1c8b58266f1b020779e5a80c78d5589a2565970,0,1,0,0,0.0,
f80bc59f417077de739ae23c10be9b1658219bed,0,4,0,0,0.0,
db431b0cb891401264f6659e4eeaeae9eb0a1db0,1,1,1,0,1.0,
6401a7e9bddf086f21a27627551d1ae622027dbd,1,1,0,0,0.0,src/main/java/com/splunk/logging/HttpEventCollectorSender.java,Norwin Schnyder,David Poncelow;
15072a243280a99cc7dff16544245401c68c2ad7,0,1,0,0,0.0,
b84b81d5fe7e90fa291f1b58a3a7f3f5efb7f2b9,1,1,0,0,0.0,README.md,PKing70,Liying Jiang;
dc52d3bfad36574a1c4aa4513bc2d3ede9ba6ff5,0,4,0,0,0.0,
da1c2a00a03f8d0457e5b085cc90d464c63c6a72,1,1,1,0,1.0,
fa7528b338dd32d3d7f102cd7de3db003866a0bc,0,1,0,0,0.0,
ecc51ab8198fc3946ea38f208a86859295099a3f,0,1,0,0,0.0,
f0c9af8cce3c0d9d4d3c88056dad00de2d08097b,0,6,0,0,0.0,
30cfb0670f21213a50648878a5c53e4ed8893685,0,3,0,0,0.0,
e465d5fbec50446c736adbd03ea298f91122b65c,1,1,0,0,0.0,src/test/resources/logback.xml,Vitaly Akulov,Liying Jiang;
7033702bfac6f0d52de7ab91888c7563afd40b39,1,3,0,0,0.0,src/test/resources/log4j2.xml,Liying Jiang,Oleg Izmerly;src/test/java/HttpLoggerStressTest.java,Liying Jiang,Vitaly Akulov;pom.xml,Liying Jiang,Vitaly Akulov;
aee83fdcfe879c9b2c99180379f9c00f258c2807,1,6,0,0,0.0,src/test/java/TestUtil.java,Liying Jiang,Vitaly Akulov;src/main/java/com/splunk/logging/HttpAppender.java,Liying Jiang,unknown;src/test/resources/logback.xml,Liying Jiang,Shakeel Mohamed;src/test/resources/log4j2.xml,Liying Jiang,Shakeel Mohamed;src/test/java/HttpLoggerStressTest.java,Liying Jiang,Vitaly Akulov;pom.xml,Liying Jiang,Shakeel Mohamed;
f29a4df7b6719108ee33caad9f7f6fd3eb77b2e4,1,4,0,0,0.0,src/main/java/com/splunk/logging/HttpInputHandler.java,Liying Jiang,Oleg Izmerly;src/main/java/com/splunk/logging/HttpInputEventSender.java,Liying Jiang,Oleg Izmerly;src/test/resources/log4j2.xml,Liying Jiang,Oleg Izmerly;pom.xml,Liying Jiang,Oleg Izmerly;
68b619f58a389c25ffc10146f44079363a8d0b3e,0,1,0,0,0.0,
54c6a688811aad864642dd23decc5c5d99f6318a,0,1,0,0,0.0,
