Hash,Devs intersection,Conflicted files,Conflicted files caused by same dev,Null files,Conflicted files caused by same dev / Conflicted files
684123884784ef5996bb3e637dfe2821d22437b7,1,2,0,0,0.0,src/main/java/org/spout/engine/world/RegionSource.java,Chris Sanders,Jack Huey;src/main/java/org/spout/engine/world/SpoutRegion.java,Chris Sanders,Jack Huey;
14379c0bfdaf3fa74f593e7f841360637bcfd05f,0,5,0,0,0.0,
64882963bcca4998ecad4d91a1c78ae5a66a2146,0,1,0,0,0.0,
6db43020182a464156828173189c2b9864929b19,0,4,0,0,0.0,
05d4c7719c6d030b61922c55e6e4e8e377a2b391,1,1,0,0,0.0,src/main/java/org/spout/api/geo/World.java,Jack Huey,Afforess;
53c2dc1ad41f083c6398cebd4515d957a29aa040,0,1,0,0,0.0,
519b3c177b2c2f42f5b32367eb1f16cf8284279f,1,1,0,0,0.0,engine/src/test/java/org/spout/engine/protocol/SpoutProtocolTest.java,kitskub,Jack Huey;
7739f34e2d873b026a191c17c3f10396638d0144,1,10,3,1,0.3,src/main/java/org/spout/engine/SpoutServer.java,Afforess,Walker Crouse;src/main/java/org/spout/engine/SpoutEngine.java,Afforess,Walker Crouse;src/main/java/org/spout/engine/gui/DevConsole.java,Afforess,Walker Crouse;src/main/java/org/spout/engine/gui/DebugScreen.java,Afforess,Walker Crouse;src/main/java/org/spout/engine/command/TestCommands.java,Afforess,Walker Crouse;src/main/java/org/spout/engine/filesystem/versioned/WorldFiles.java,Jack Huey,Afforess;
15c57446d42c9c2ec9f4409165028e0a177fb9a3,1,4,0,1,0.0,src/main/java/org/spout/api/component/impl/AnimationComponent.java,L5D,Chris Sanders;src/main/java/org/spout/api/component/type/EntityComponent.java,Afforess,Chris Sanders;src/main/java/org/spout/api/math/GenericMath.java,Afforess,Chris Sanders;
c8351fdb0f2e80c14e199e26d9e96869fc31e6c3,1,22,0,0,0.0,engine/src/main/java/org/spout/engine/component/entity/SpoutPhysicsComponent.java,Aleksi Sapon,Jack Huey;api/src/main/java/org/spout/api/material/BlockMaterial.java,Aleksi Sapon,Chris Sanders;engine/src/main/java/org/spout/engine/component/entity/MovementValidatorComponent.java,Aleksi Sapon,Jack Huey;api/src/main/java/org/spout/api/util/cuboid/CuboidBuffer.java,Aleksi Sapon,Luke Spragg;api/src/main/java/org/spout/api/component/entity/PhysicsComponent.java,Aleksi Sapon,Jack Huey;engine/src/main/java/org/spout/engine/SpoutClient.java,Aleksi Sapon,Jack Huey;engine/src/main/java/org/spout/engine/component/entity/ClientTextModelComponent.java,Aleksi Sapon,Jack Huey;engine/src/main/java/org/spout/engine/world/SpoutWorld.java,Aleksi Sapon,Jack Huey;api/src/main/java/org/spout/api/component/entity/TextModelComponent.java,Aleksi Sapon,Wulfspider;api/src/main/java/org/spout/api/geo/discrete/Point.java,Aleksi Sapon,Jack Huey;api/src/main/java/org/spout/api/component/entity/CameraComponent.java,Aleksi Sapon,Luke Spragg;engine/src/main/java/org/spout/engine/world/SpoutChunk.java,Aleksi Sapon,Jack Huey;engine/src/main/java/org/spout/engine/world/SpoutRegion.java,Aleksi Sapon,Jack Huey;engine/src/main/java/org/spout/engine/world/SpoutServerWorld.java,Aleksi Sapon,Luke Spragg;engine/src/main/java/org/spout/engine/input/SpoutInputManager.java,Aleksi Sapon,Jack Huey;engine/src/main/java/org/spout/engine/SpoutServer.java,Aleksi Sapon,Jack Huey;engine/src/main/java/org/spout/engine/entity/SpoutEntity.java,Aleksi Sapon,Jack Huey;engine/src/main/java/org/spout/engine/protocol/builtin/SpoutServerNetworkSynchronizer.java,Aleksi Sapon,Jack Huey;api/src/main/java/org/spout/api/component/entity/NetworkComponent.java,Aleksi Sapon,Jack Huey;api/src/main/java/org/spout/api/protocol/event/PositionSendEvent.java,Aleksi Sapon,Jack Huey;api/src/main/java/org/spout/api/collision/SpoutContactInfo.java,Aleksi Sapon,Wulfspider;engine/src/main/java/org/spout/engine/command/CommonCommands.java,Aleksi Sapon,Jack Huey;
8e1c9388086e0eec1537bd734bafed39ada30071,1,2,2,0,1.0,
34d9b3c4ca25523bce6c0c080f912344fe9f0ea5,2,1,1,0,1.0,
891d9b0f188e8f3d99d31a7cf24cab30db0426f4,0,1,0,0,0.0,
