Hash,Devs intersection,Conflicted files,Conflicted files caused by same dev,Null files,Conflicted files caused by same dev / Conflicted files
a155e7cf91471792f61b0f947f89279bcd070018,1,7,0,1,0.0,spring-data-neo4j-aspects/src/test/resources/org/springframework/data/neo4j/aspects/support/LabelBasedIndexedPropertyEntityTests-context-basic.xml,Nicki Watt,Michael Hunger;spring-data-neo4j-aspects/src/test/resources/org/springframework/data/neo4j/aspects/support/LabelBasedIndexedPropertyEntityTests-context.xml,Nicki Watt,Michael Hunger;spring-data-neo4j/src/main/java/org/springframework/data/neo4j/support/schema/SchemaIndexProvider.java,Nicki Watt,Michael Hunger;spring-data-neo4j-aspects/src/test/resources/org/springframework/data/neo4j/aspects/support/LabelBasedIndexedPropertyEntityTests-context-with-initialset.xml,Nicki Watt,Michael Hunger;spring-data-neo4j/src/main/java/org/springframework/data/neo4j/support/mapping/Neo4jMappingContext.java,Nicki Watt,Michael Hunger;spring-data-neo4j/src/main/java/org/springframework/data/neo4j/config/Neo4jConfiguration.java,Nicki Watt,Michael Hunger;
736b517b2b9a9a75eec48e5a8d7b0b11fb31e18d,0,1,0,0,0.0,
1e375042aedea6ed36ae7102df618ca840ee7bb7,0,1,0,0,0.0,
7190284fc5d87ac117c05c507cbfbd65ee7ec765,0,3,0,0,0.0,
a535e845120d036a3890a76d10b136327a53b6eb,1,3,3,0,1.0,
a4f5bb4b108d354e9166c32c652ac263456fa153,1,2,2,0,1.0,
746da9d8292999be30a5b014f8ea4680ae477925,1,4,4,0,1.0,
08a105cd596236aa985a405de1ce5faa69abe4cf,0,2,0,0,0.0,
042b1d5290a0049ad6d8c2f4553750eddc7927d2,1,3,0,0,0.0,spring-data-neo4j/src/main/java/org/springframework/data/neo4j/repository/query/CypherQueryBuilder.java,Lasse Westh-Nielsen,Michael Hunger;spring-data-neo4j/src/test/java/org/springframework/data/neo4j/repository/query/CypherQueryBuilderUnitTests.java,Lasse Westh-Nielsen,Michael Hunger;spring-data-neo4j/src/main/java/org/springframework/data/neo4j/repository/query/StartClause.java,Lasse Westh-Nielsen,Michael Hunger;
74f956c7dded85dd25339f42ce72586898f9b0ed,2,2,2,0,1.0,
b2fb74c2154a9c4ae60cc1688806d22bbfa59e6e,1,2,2,0,1.0,
420b98c5eb392fdae7e66435b4a6d81cd3d589a1,2,7,7,0,1.0,
f958f38e050c29d148097aa82bfd3003b87b364e,1,3,0,0,0.0,spring-data-neo4j/src/main/java/org/springframework/data/graph/neo4j/fieldaccess/NodeEntityStateFactory.java,Andres Taylor,Michael Hunger;spring-data-neo4j/src/main/java/org/springframework/data/graph/core/GraphBacked.java,Andres Taylor,Michael Hunger;spring-data-neo4j/src/test/java/org/springframework/data/graph/neo4j/support/AttachEntityTest.java,Andres Taylor,Michael Hunger;
9f6b7024957bad91572df42d807e438122e59818,1,1,0,1,0.0,
b074c66d21a805e9de543596300728ab2df0e042,1,1,1,0,1.0,
c7e6bd772fbf4f5db30afe6956105ecee69b5d0c,0,1,0,0,0.0,
