Hash,Devs intersection,Conflicted files,Conflicted files caused by same dev,Null files,Conflicted files caused by same dev / Conflicted files
b5a9686979af861375e05076f7db12a1ec1e3218,1,2,0,2,0.0,
4527e273903909c6e891d133ed524c38f80be00e,0,2,0,0,0.0,
71ff5d0801a1191a820fd7b2cf3b8a37601101d4,0,3,0,0,0.0,
458057f2c8af053057a7d940a22e7d836bf3deef,0,8,0,0,0.0,
0cae1d92f69cf6db789f308956172a81ba109355,0,3,0,0,0.0,
f2a6841304d7e9916417f4ded1be79adf77126a2,1,136,122,17,0.8970588235294118,src/ch/epfl/data/plan_runner/query_plans/HyracksPlan.java,Daniel Espino Timón,Mohammed ElSeidy;
