Hash,Merge timestamp,Branching time,Merge isolation time,Devs 1,Devs 2,Different devs,Same devs,Devs intersection,Commits 1,Commits 2,Changed files 1,Changed files 2,Changed files intersection,Has conflict?,Conflicted Files,Chunks
54689d851049af90f8a8ebb96c135f22212681fb,2011-11-13 02:33:38 +0100,12.6242824,13.2673264,1,2,3,0,0,2,11,48,162,1,YES,9,4
b3312df9e4dcc52c9092017e67cd82d9b4d4c022,2010-04-23 22:51:56 +0200,35.7915972,36.0012731,3,1,4,1,1,91,1,151,3,1,YES,1,1
4988e1b4f1c88f597613bb2956501e5e45ede8bf,2010-01-17 00:34:52 +0100,0.0642824,4.1566088,1,1,2,1,2,1,1,5,2,1,YES,1,1
1189117bb5bd9ff165c4df34d93b70d5f9b5d25d,2010-05-02 02:46:33 +0200,0.1708102,0.1759722,1,1,2,0,0,3,3,22,10,1,YES,2,2
e8c0bcb8477186539c0704ca78d35ec3edeb6058,2010-05-09 23:29:44 +0200,0.3266319,0.9006944,1,1,2,0,0,1,1,10,5,1,YES,2,2
