Hash,Devs intersection,Conflicted files,Conflicted files caused by same dev,Null files,Conflicted files caused by same dev / Conflicted files
b9078ed4b427d398929313c094febd4f3e7b18a1,0,10,0,0,0.0,
84a4a975995ca07b11b482ae696d61c0fd852a69,0,145,0,0,0.0,
34ee7d4e432d7e39b987acb1593d91899db228e2,0,110,0,0,0.0,
ebbb3f56838ac8c059c8d834c05d35fd9e6312a2,0,2,0,0,0.0,
4ee14d96c64aca0e39a748ad1fa2301ffb353cc1,2,6,6,0,1.0,
5831bca382b4677bb4d7d157b4f39cf2352e5de4,2,13,13,0,1.0,
e98088c886f27141911f0b33e6323b54c8ca44d7,2,7,6,1,0.8571428571428571,
8593124dc904508e81485644e771a5dfb0a4c61e,2,1,1,0,1.0,
8a4b5605010a62c4be988479bbc5600d0f598beb,1,17,16,0,0.9411764705882353,de.walware.statet.r.doc/build.properties,Stephan Wahlbrink,Tobias Verbeke;
ac47f48bb606599c2f19bba6d439b745131b4bb8,2,182,122,58,0.6703296703296703,
28b2becdea3b1ac17fb643d430ce5c046e48a518,2,105,70,39,0.6666666666666666,
e250d0bec2f12086977c84910375f5cc1026e47f,2,2,2,0,1.0,
293ddd9d2f7a895a46517ff4f8828d34cc9f7dae,2,2,0,2,0.0,
