Hash,Devs intersection,Conflicted files,Conflicted files caused by same dev,Null files,Conflicted files caused by same dev / Conflicted files
56af299275dee8b34c775d6a4b68aaf182db8219,0,2,0,0,0.0,
8315230be2f73ddcef12927ee3f066223c1d2d6d,1,1,0,0,0.0,src/main/java/com/hmsonline/storm/cassandra/bolt/mapper/TridentTupleMapper.java,P. Taylor Goetz,Isaac Rieksts;
32d923737ce211052df5c6617054ac9b1621f2c5,0,1,0,0,0.0,
5365173163d57220fb529122959063672d3f1226,0,2,0,0,0.0,
ba322d8eae18f924df04e7f9e3b224dd222c1282,0,1,0,0,0.0,
0aab85e26389c41b0dd320800d4e3d4dacb91c3e,0,3,0,0,0.0,
38bcba095dd0e9dd3e51889749fe2eb923b0b7ad,0,3,0,0,0.0,
5a712b4a38452c1cbdd056fa0d77d8ee333b56cf,0,2,0,0,0.0,
14b4d1daddbc492512fbc0d3c62e052dfa4124d9,1,1,0,0,0.0,pom.xml,Brian O'Neill,P. Taylor Goetz;
cf700ceed497225c0e689635a4fdb36ed1072d1d,0,1,0,0,0.0,
fdbb9b5e25da12e7b4e8e73401208a1cf39f1df2,0,11,0,0,0.0,
d2d372e4d9ac41d36c5b1acd410cb31fac9a236c,0,1,0,0,0.0,
1fb6fd6f3345046441c400bfad41cf6aa31f7ce4,0,1,0,0,0.0,
