Hash,Devs intersection,Conflicted files,Conflicted files caused by same dev,Null files,Conflicted files caused by same dev / Conflicted files
96ebef646e609720310ce3a8848bb000f43d5fea,2,1,1,0,1.0,
923769135c681be2feec14b177cebaaaa217cc9b,0,1,0,0,0.0,
fd9c9d58f18723ea9ed0581fe0c117069ae3d189,2,1,1,0,1.0,
d04dcdbc4daa34515500ce520a1c8b0db97405fe,0,1,0,0,0.0,
f43ba105c42a65904e91e4261e41b4b55c57cd39,1,1,1,0,1.0,
7ab7b07a316ed782d50c3a2b931e90ce029cb477,0,1,0,0,0.0,
ef88d1f49fafff41174fc0e6e5e5a41128317b53,0,1,0,0,0.0,
4d029cb13364de1d3683907d776a7e152a427f35,2,1,1,0,1.0,
ce07266c25f13a4d60b9bb6ddf54a6fb2e6cec2c,0,1,0,0,0.0,
3a273ef2304ece01846fbdf08a0feb6139bf2f88,0,1,0,0,0.0,
49e073c7e91613a6f6ee7d6372c41f358f288381,0,1,0,0,0.0,
889d2ee001f61168c51065e8cfbbf3e46b3e38c7,0,2,0,0,0.0,
56c41da6bd9708382173bf17f37cbc6368457df6,0,2,0,0,0.0,
26014ae571eae6237030500bfab670dd8d28f165,0,1,0,0,0.0,
81aca08f1d8f1df77aef517150b373cc96c05be4,0,1,0,0,0.0,
4526a204f447001db526a7aad416394a9ecc3fcc,0,1,0,0,0.0,
fb4e5e85218fe6b893cdd7d46f427fa70673b549,0,1,0,0,0.0,
428d58fe11fff6be3c1e4573af98550c4f95a5df,2,1,1,0,1.0,
264fcc3ca4a4c1aa469697f8f5b89bb1a7934c15,0,1,0,0,0.0,
b56d78278dd44f838416cb53c65756360ef6b8f1,2,1,1,0,1.0,
7758943a9f80d038eea5e56a0e843cc31b27392f,2,1,1,0,1.0,
29a11eb195ce740ce91ceb5a03494b562d10138e,2,1,1,0,1.0,
bb06b2f48d6ac2f0da33245691d265460b5b7257,2,1,1,0,1.0,
89f983f71bbab0aff079607e058c308a6c92b1e7,0,1,0,0,0.0,
536c8f03e82f4883836b4dabc448ef99733a7878,2,3,3,0,1.0,
