Hash,Devs intersection,Conflicted files,Conflicted files caused by same dev,Null files,Conflicted files caused by same dev / Conflicted files
d712db252a1fd953c34855e2506689c5aef68679,1,20,2,5,0.1,plugins/org.teiid.designer.ddl.spi/src/org/teiid/designer/ddl/DdlImporterManager.java,Mark Drilling,blafond;plugins/org.teiid.designer.dqp.ui/src/org/teiid/designer/runtime/ui/wizards/webservices/util/RestWebArchiveBuilderImpl.java,Barry LaFond,blafond;plugins/org.teiid.designer.vdb/src/org/teiid/designer/vdb/VdbDataRole.java,blafond,Paul Richardson;plugins/org.teiid.designer.ddl.importer/src/org/teiid/designer/ddl/importer/node/StandardImporter.java,Barry LaFond,blafond;plugins/org.teiid.designer.vdb/src/org/teiid/designer/vdb/manifest/DataRoleElement.java,blafond,Paul Richardson;plugins/org.teiid.designer.transformation.ui/src/org/teiid/designer/transformation/ui/wizards/rest/ModelsDefinitionSection.java,blafond,Paul Richardson;plugins/org.teiid.designer.datatools/src/org/teiid/designer/datatools/connection/ConnectionInfoHelper.java,Barry LaFond,blafond;plugins/org.teiid.designer.roles/META-INF/MANIFEST.MF,Barry LaFond,Paul Richardson;plugins/org.teiid.designer.webservice.ui/src/org/teiid/designer/webservice/ui/actions/GenerateRestVirtualProceduresAction.java,blafond,Paul Richardson;tests/org.teiid.core.designer.test.framework/src/org/teiid/core/designer/EclipseMock.java,Barry LaFond,Paul Richardson;plugins/org.teiid.designer.roles.ui/src/org/teiid/designer/roles/ui/wizard/DataRoleWizard.java,blafond,Paul Richardson;plugins/org.teiid.designer.roles/pom.xml,Barry LaFond,Paul Richardson;plugins/teiid/org.teiid.runtime.client/src/org/teiid/runtime/client/admin/ExecutionAdmin.java,Barry LaFond,Paul Richardson;
b3ff4454f1ac70786e36a70847a6fb6bb13be010,2,244,236,3,0.9672131147540983,plugins/org.teiid.designer.diagram.ui/META-INF/MANIFEST.MF,Barry LaFond,Paul Richardson;features/org.teiid.designer.feature/feature.xml,Barry LaFond,Paul Richardson;documentation/guides/Teiid_Designer_User_Guide/en-US/metadataspecificmodeling.xml,Barry LaFond,Ted Jones;plugins/org.teiid.designer.dqp.ui/META-INF/MANIFEST.MF,Barry LaFond,Paul Richardson;documentation/guides/Teiid_Designer_User_Guide/en-US/master.xml,Barry LaFond,Paul Richardson;
f69539cd35019cbba402ac8fea0a29e21779576c,1,263,255,1,0.9695817490494296,plugins/org.teiid.designer.webservice.lib/pom.xml,Ted Jones,blafond;plugins/org.teiid.designer.spi/src/org/teiid/designer/runtime/version/spi/TeiidServerVersion.java,Barry LaFond,blafond;plugins/teiid/org.teiid.runtime.client/engine/org/teiid/query/metadata/MetadataValidator.java,Paul Richardson,blafond;plugins/teiid/org.teiid.runtime.client/src/org/teiid/runtime/client/messages.properties,Barry LaFond,blafond;plugins/org.teiid.designer.dqp/src/org/teiid/designer/runtime/TeiidServer.java,Ted Jones,Barry LaFond;plugins/org.teiid.designer.vdb.ui/src/org/teiid/designer/vdb/ui/i18n.properties,Barry LaFond,blafond;plugins/org.teiid.designer.dqp.ui/src/org/teiid/designer/runtime/ui/server/ServerVersionGuard.java,blafond,Barry LaFond;
93968d583cb9179dd8c0b1068a8cd78c43df47a4,1,30,14,5,0.4666666666666667,plugins/org.teiid.designer.ddl.importer/src/org/teiid/designer/ddl/importer/node/TeiidDdlImporter.java,Barry LaFond,blafond;plugins/org.teiid.designer.vdb/src/org/teiid/designer/vdb/VdbDataRole.java,Barry LaFond,Paul Richardson;plugins/org.teiid.designer.ddl.importer/src/org/teiid/designer/ddl/importer/node/StandardImporter.java,Barry LaFond,blafond;plugins/org.teiid.designer.vdb/src/org/teiid/designer/vdb/manifest/VdbElement.java,Paul Richardson,blafond;plugins/org.teiid.designer.roles.ui/src/org/teiid/designer/roles/ui/wizard/DataRoleWizard.java,Barry LaFond,Paul Richardson;plugins/teiid/org.teiid.runtime.client/src/org/teiid/runtime/client/admin/ExecutionAdmin.java,Barry LaFond,Paul Richardson;plugins/org.teiid.designer.dqp.ui/src/org/teiid/designer/runtime/ui/wizards/webservices/util/RestWebArchiveBuilderImpl.java,Barry LaFond,blafond;plugins/org.teiid.designer.dqp.ui/src/org/teiid/designer/runtime/ui/views/content/TeiidDataNode.java,Paul Richardson,blafond;plugins/org.teiid.designer.vdb.ui/plugin.xml,Paul Richardson,blafond;plugins/org.teiid.designer.vdb/src/org/teiid/designer/vdb/manifest/DataRoleElement.java,Barry LaFond,Paul Richardson;plugins/org.teiid.designer.vdb.ui/src/org/teiid/designer/vdb/ui/i18n.properties,Paul Richardson,blafond;
ba8302a86dfea78053def0dbc842e84c0fc6eaab,1,3,3,0,1.0,
149602422c52c2439ac73bd289cbbe9e82256dbe,1,1,1,0,1.0,
ce677077ccf06ea5c1380fab95b355f57a8615f7,2,246,238,3,0.967479674796748,plugins/org.teiid.designer.metamodels.relational/src/org/teiid/designer/metamodels/relational/i18n.properties,Paul Richardson,Barry LaFond;plugins/org.teiid.designer.diagram.ui/src/org/teiid/designer/diagram/ui/pakkage/actions/PackageDiagramActionAdapter.java,Paul Richardson,Barry LaFond;documentation/guides/Teiid_Designer_User_Guide/en-US/metadataspecificmodeling.xml,Paul Richardson,Ted Jones;plugins/org.teiid.designer.metamodels.relational/src/org/teiid/designer/metamodels/relational/aspects/validation/RelationalEntityAspect.java,Paul Richardson,Barry LaFond;plugins/org.teiid.designer.roles.ui/src/org/teiid/designer/roles/ui/wizard/DataRoleWizard.java,Paul Richardson,Barry LaFond;
e1acf6c3533b13bfbdc0896c9980972a5c22d1ef,1,209,6,1,0.028708133971291867,plugins/org.teiid.designer.relationship.ui/src/org/teiid/designer/relationship/ui/part/RelationshipFolderEditPart.java,Paul Richardson,Barry LaFond;plugins/org.teiid.designer.relationship.ui/src/org/teiid/designer/relationship/ui/navigation/part/NavigationEditPart.java,Paul Richardson,Barry LaFond;plugins/org.teiid.designer.metamodels.relationship/src/org/teiid/designer/metamodels/relationship/RelationshipMetamodelPlugin.java,Paul Richardson,Barry LaFond;plugins/org.teiid.designer.relationship.ui/src/org/teiid/designer/relationship/ui/wizards/GenerateSqlRelationshipsWizard.java,Paul Richardson,Barry LaFond;plugins/org.teiid.designer.relationship.ui/src/org/teiid/designer/relationship/ui/navigation/actions/BackDropDownAction.java,Paul Richardson,Barry LaFond;plugins/org.teiid.designer.metamodels.uml2/src/org/teiid/designer/metamodels/uml2/Uml2Plugin.java,Paul Richardson,Barry LaFond;plugins/org.teiid.designer.relationship.ui/build.properties,Paul Richardson,Barry LaFond;plugins/org.teiid.designer.metamodels.uml2/src/org/teiid/designer/metamodels/uml2/aspects/uml/AbstractUml2UmlAspect.java,Paul Richardson,Barry LaFond;plugins/org.teiid.designer.metamodels.uml2/src/org/teiid/designer/metamodels/uml2/proxy/UmlInvocationFactoryHelper.java,Paul Richardson,Barry LaFond;plugins/org.teiid.designer.metamodels.relationship/src/org/teiid/designer/metamodels/relationship/aspects/relationship/RelationRoleAspect.java,Paul Richardson,Barry LaFond;plugins/org.teiid.designer.metamodels.uml2/src/org/teiid/designer/metamodels/uml2/compare/UmlObjectMatcherFactory.java,Paul Richardson,Barry LaFond;plugins/org.teiid.designer.relationship/src/org/teiid/designer/relationship/NavigationContextImpl.java,Paul Richardson,Barry LaFond;plugins/org.teiid.designer.metamodels.xmlservice/src/org/teiid/designer/metamodels/xmlservice/provider/XmlResultItemProvider.java,Paul Richardson,Barry LaFond;plugins/org.teiid.designer.metamodels.relationship/src/org/teiid/designer/metamodels/relationship/util/RelationshipTypeFinder.java,Paul Richardson,Barry LaFond;plugins/org.teiid.designer.metamodels.relationship/src/org/teiid/designer/metamodels/relationship/util/RelationshipEntityFinder.java,Paul Richardson,Barry LaFond;plugins/org.teiid.designer.metamodels.uml2/src/org/teiid/designer/metamodels/uml2/provider/Uml2GeneralizationProvider.java,Paul Richardson,Barry LaFond;plugins/org.teiid.designer.modelgenerator.uml2/src/org/teiid/designer/modelgenerator/uml2/processor/Uml2RelationalGeneratorImpl.java,Paul Richardson,Barry LaFond;tests/org.teiid.designer.metamodels.relationship.test/build.properties,Paul Richardson,Barry LaFond;plugins/org.teiid.designer.relationship/src/org/teiid/designer/relationship/RelationshipEditorImpl.java,Paul Richardson,Barry LaFond;plugins/org.teiid.designer.metamodels.xmlservice/src/org/teiid/designer/metamodels/xmlservice/impl/XmlInputImpl.java,Paul Richardson,Barry LaFond;plugins/org.teiid.designer.relationship.ui/src/org/teiid/designer/relationship/ui/diagram/RelationshipDiagramLabelProvider.java,Paul Richardson,Barry LaFond;plugins/org.teiid.designer.metamodels.xmlservice/src/org/teiid/designer/metamodels/xmlservice/aspects/sql/XmlOutputAspect.java,Paul Richardson,Barry LaFond;plugins/org.teiid.designer.relationship.ui/src/org/teiid/designer/relationship/ui/properties/RelationshipTypeSelectionValidator.java,Paul Richardson,Barry LaFond;plugins/org.teiid.designer.metamodels.uml2/src/org/teiid/designer/metamodels/uml2/compare/UmlValueSpecificationMatcher.java,Paul Richardson,Barry LaFond;plugins/org.teiid.designer.metamodels.relationship/src/org/teiid/designer/metamodels/relationship/impl/PlaceholderReferenceContainerImpl.java,Paul Richardson,Barry LaFond;plugins/org.teiid.designer.modelgenerator.uml2/src/org/teiid/designer/modelgenerator/uml2/processor/Uml2RelationalProcessor.java,Paul Richardson,Barry LaFond;plugins/org.teiid.designer.metamodels.xmlservice/src/org/teiid/designer/metamodels/xmlservice/aspects/sql/XmlServiceComponentAspect.java,Paul Richardson,Barry LaFond;plugins/org.teiid.designer.metamodels.relationship/src/org/teiid/designer/metamodels/relationship/impl/RelationshipRoleImpl.java,Paul Richardson,Barry LaFond;plugins/org.teiid.designer.metamodels.relationship/src/org/teiid/designer/metamodels/relationship/aspects/relationship/RelationTypeAspect.java,Paul Richardson,Barry LaFond;plugins/org.teiid.designer.metamodels.xmlservice/src/org/teiid/designer/metamodels/xmlservice/aspects/sql/XmlOperationAspect.java,Paul Richardson,Barry LaFond;plugins/org.teiid.designer.metamodels.xmlservice/src/org/teiid/designer/metamodels/xmlservice/XmlInput.java,Paul Richardson,Barry LaFond;plugins/org.teiid.designer.metamodels.uml2/src/org/teiid/designer/metamodels/uml2/aspects/uml/Uml2UsageUmlAspect.java,Paul Richardson,Barry LaFond;plugins/org.teiid.designer.metamodels.relationship/src/org/teiid/designer/metamodels/relationship/impl/FileReferenceImpl.java,Paul Richardson,Barry LaFond;plugins/org.teiid.designer.metamodels.uml2/src/org/teiid/designer/metamodels/uml2/util/AssociationFinder.java,Paul Richardson,Barry LaFond;tests/org.teiid.designer.modelgenerator.uml2.test/src/org/teiid/designer/modelgenerator/uml2/util/FakeDatatypeFinder.java,Paul Richardson,Barry LaFond;plugins/org.teiid.designer.relationship/src/org/teiid/designer/relationship/NavigationLinkImpl.java,Paul Richardson,Barry LaFond;plugins/org.teiid.designer.relationship.ui/src/org/teiid/designer/relationship/ui/part/RelationshipDiagramPartFactory.java,Paul Richardson,Barry LaFond;plugins/org.teiid.designer.metamodels.uml2/src/org/teiid/designer/metamodels/uml2/aspects/uml/Uml2PackageUmlAspect.java,Paul Richardson,Barry LaFond;plugins/org.teiid.designer.metamodels.relationship/src/org/teiid/designer/metamodels/relationship/util/RelationshipRoleFinder.java,Paul Richardson,Barry LaFond;plugins/org.teiid.designer.metamodels.relationship/src/org/teiid/designer/metamodels/relationship/aspects/validation/rules/RelationshipEntityValidationRule.java,Paul Richardson,Barry LaFond;plugins/org.teiid.designer.relationship.ui/src/org/teiid/designer/relationship/ui/navigation/selection/NavigationSelectionHandler.java,Paul Richardson,Barry LaFond;plugins/org.teiid.designer.relationship.ui/src/org/teiid/designer/relationship/ui/navigation/actions/OpenWrapperAction.java,Paul Richardson,Barry LaFond;plugins/org.teiid.designer.metamodels.uml2/src/org/teiid/designer/metamodels/uml2/provider/Uml2DependencyProvider.java,Paul Richardson,Barry LaFond;plugins/org.teiid.designer.metamodels.relationship/build.properties,Paul Richardson,Barry LaFond;plugins/org.teiid.designer.metamodels.relationship/src/org/teiid/designer/metamodels/relationship/provider/RelationshipAssociationProvider.java,Paul Richardson,Barry LaFond;plugins/org.teiid.designer.metamodels.uml2/src/org/teiid/designer/metamodels/uml2/aspects/uml/Uml2InterfaceUmlAspect.java,Paul Richardson,Barry LaFond;plugins/org.teiid.designer.metamodels.uml2/src/org/teiid/designer/metamodels/uml2/compare/UmlPackageImportMatcher.java,Paul Richardson,Barry LaFond;plugins/org.teiid.designer.relationship.ui/src/org/teiid/designer/relationship/ui/part/RelationshipNodeEditPart.java,Paul Richardson,Barry LaFond;plugins/org.teiid.designer.relationship.ui/src/org/teiid/designer/relationship/ui/custom/actions/CustomDiagramPermanentActionContributor.java,Paul Richardson,Barry LaFond;plugins/org.teiid.designer.metamodels.uml2/src/org/teiid/designer/metamodels/uml2/aspects/validation/Uml2ValidationAspectFactoryImpl.java,Paul Richardson,Barry LaFond;plugins/org.teiid.designer.metamodels.uml2/src/org/teiid/designer/metamodels/uml2/aspects/uml/AbstractUml2DependencyUmlAspect.java,Paul Richardson,Barry LaFond;plugins/org.teiid.designer.relationship/src/org/teiid/designer/relationship/NavigationContextBuilderImpl.java,Paul Richardson,Barry LaFond;plugins/org.teiid.designer.relationship.ui/src/org/teiid/designer/relationship/ui/figure/RelationshipTypeFigure.java,Paul Richardson,Barry LaFond;plugins/org.teiid.designer.modelgenerator.uml2/src/org/teiid/designer/modelgenerator/uml2/util/NullRelationalObjectNamingStrategy.java,Paul Richardson,Barry LaFond;plugins/org.teiid.designer.metamodels.xmlservice/src/org/teiid/designer/metamodels/xmlservice/aspects/sql/XmlResultAspect.java,Paul Richardson,Barry LaFond;plugins/org.teiid.designer.metamodels.xmlservice/src/org/teiid/designer/metamodels/xmlservice/aspects/uml/XmlOperationAspect.java,Paul Richardson,Barry LaFond;plugins/org.teiid.designer.relationship.ui/src/org/teiid/designer/relationship/ui/navigation/model/AbstractNavigationModelNode.java,Paul Richardson,Barry LaFond;plugins/org.teiid.designer.metamodels.xmlservice/src/org/teiid/designer/metamodels/xmlservice/util/XmlServiceComponentFinder.java,Paul Richardson,Barry LaFond;plugins/org.teiid.designer.relationship.ui/src/org/teiid/designer/relationship/ui/editor/RelationshipPanel.java,Paul Richardson,Barry LaFond;plugins/org.teiid.designer.relationship/build.properties,Paul Richardson,Barry LaFond;tests/org.teiid.designer.modelgenerator.uml2.test/src/org/teiid/designer/modelgenerator/uml2/util/FakeEObjectUtil.java,Paul Richardson,Barry LaFond;plugins/org.teiid.designer.relationship.ui/src/org/teiid/designer/relationship/ui/editor/RelationshipTypeWizardPage.java,Paul Richardson,Barry LaFond;plugins/org.teiid.designer.metamodels.uml2/src/org/teiid/designer/metamodels/uml2/aspects/uml/Uml2CommentUmlAspect.java,Paul Richardson,Barry LaFond;plugins/org.teiid.designer.relationship.ui/src/org/teiid/designer/relationship/ui/editor/NewRelationshipTypeWizard.java,Paul Richardson,Barry LaFond;plugins/org.teiid.designer.metamodels.uml2/src/org/teiid/designer/metamodels/uml2/aspects/uml/Uml2EnumerationUmlAspect.java,Paul Richardson,Barry LaFond;plugins/org.teiid.designer.metamodels.xmlservice/src/org/teiid/designer/metamodels/xmlservice/aspects/uml/XmlServiceComponentAspect.java,Paul Richardson,Barry LaFond;plugins/org.teiid.designer.metamodels.relationship/src/org/teiid/designer/metamodels/relationship/impl/PlaceholderReferenceImpl.java,Paul Richardson,Barry LaFond;plugins/org.teiid.designer.metamodels.uml2/src/org/teiid/designer/metamodels/uml2/aspects/uml/Uml2RealizationUmlAspect.java,Paul Richardson,Barry LaFond;plugins/org.teiid.designer.metamodels.uml2/src/org/teiid/designer/metamodels/uml2/aspects/uml/Uml2EnumerationLiteralUmlAspect.java,Paul Richardson,Barry LaFond;plugins/org.teiid.designer.metamodels.relationship/src/org/teiid/designer/metamodels/relationship/impl/UriReferenceImpl.java,Paul Richardson,Barry LaFond;plugins/org.teiid.designer.relationship.ui/src/org/teiid/designer/relationship/ui/editor/RelationshipLocationSelectionValidator.java,Paul Richardson,Barry LaFond;plugins/org.teiid.designer.relationship.ui/src/org/teiid/designer/relationship/ui/properties/RelationshipPropertyEditorFactory.java,Paul Richardson,Barry LaFond;plugins/org.teiid.designer.metamodels.uml2/src/org/teiid/designer/metamodels/uml2/compare/UmlElementImportMatcher.java,Paul Richardson,Barry LaFond;plugins/org.teiid.designer.relationship.ui/src/org/teiid/designer/relationship/ui/navigation/actions/PropertiesAction.java,Paul Richardson,Barry LaFond;plugins/org.teiid.designer.metamodels.relationship/src/org/teiid/designer/metamodels/relationship/util/RelationshipFinder.java,Paul Richardson,Barry LaFond;plugins/org.teiid.designer.metamodels.uml2/src/org/teiid/designer/metamodels/uml2/aspects/uml/Uml2AbstractionUmlAspect.java,Paul Richardson,Barry LaFond;plugins/org.teiid.designer.relationship.ui/src/org/teiid/designer/relationship/ui/navigation/actions/OpenInNavigatorAction.java,Paul Richardson,Barry LaFond;plugins/org.teiid.designer.metamodels.xmlservice/src/org/teiid/designer/metamodels/xmlservice/aspects/validation/XmlServiceValidationAspectFactoryImpl.java,Paul Richardson,Barry LaFond;plugins/org.teiid.designer.metamodels.xmlservice/src/org/teiid/designer/metamodels/xmlservice/aspects/sql/XmlServiceSqlAspectFactoryImpl.java,Paul Richardson,Barry LaFond;plugins/org.teiid.designer.metamodels.xmlservice/build.properties,Paul Richardson,Barry LaFond;plugins/org.teiid.designer.metamodels.relationship/src/org/teiid/designer/metamodels/relationship/aspects/relationship/RelationshipAspectFactoryImpl.java,Paul Richardson,Barry LaFond;plugins/org.teiid.designer.relationship.ui/src/org/teiid/designer/relationship/ui/custom/CustomDiagramContentProvider.java,Paul Richardson,Barry LaFond;plugins/org.teiid.designer.metamodels.xmlservice/src/org/teiid/designer/metamodels/xmlservice/XmlServiceMetamodelPlugin.java,Paul Richardson,Barry LaFond;plugins/org.teiid.designer.modelgenerator.uml2/src/org/teiid/designer/modelgenerator/uml2/processor/RelationalFragmentGeneratorImpl.java,Paul Richardson,Barry LaFond;plugins/org.teiid.designer.relationship.ui/src/org/teiid/designer/relationship/ui/wizards/ImportRelationshipsMainPage.java,Paul Richardson,Barry LaFond;plugins/org.teiid.designer.metamodels.relationship/src/org/teiid/designer/metamodels/relationship/aspects/validation/RelationshipValidationAspectFactoryImpl.java,Paul Richardson,Barry LaFond;plugins/org.teiid.designer.metamodels.relationship/src/org/teiid/designer/metamodels/relationship/compare/AbstractRelationshipEntityMatcher.java,Paul Richardson,Barry LaFond;plugins/org.teiid.designer.metamodels.uml2/src/org/teiid/designer/metamodels/uml2/compare/UmlUnNamedClassifierMatcher.java,Paul Richardson,Barry LaFond;plugins/org.teiid.designer.relationship/src/org/teiid/designer/relationship/NavigationNodeImpl.java,Paul Richardson,Barry LaFond;plugins/org.teiid.designer.relationship.ui/src/org/teiid/designer/relationship/ui/custom/CustomDiagramLabelProvider.java,Paul Richardson,Barry LaFond;plugins/org.teiid.designer.relationship.ui/src/org/teiid/designer/relationship/ui/navigation/NavigationFocusComboBox.java,Paul Richardson,Barry LaFond;plugins/org.teiid.designer.relationship.ui/src/org/teiid/designer/relationship/ui/navigation/NavigationStatusBarUpdater.java,Paul Richardson,Barry LaFond;plugins/org.teiid.designer.metamodels.uml2/src/org/teiid/designer/metamodels/uml2/aspects/uml/Uml2ClassUmlAspect.java,Paul Richardson,Barry LaFond;plugins/org.teiid.designer.relationship.ui/src/org/teiid/designer/relationship/ui/RelationshipPerspectiveContributor.java,Paul Richardson,Barry LaFond;plugins/org.teiid.designer.relationship.ui/src/org/teiid/designer/relationship/ui/wizards/GenerateSqlRelationshipsMainPage.java,Paul Richardson,Barry LaFond;plugins/org.teiid.designer.relationship.ui/src/org/teiid/designer/relationship/ui/navigation/part/NavigationNodeEditPart.java,Paul Richardson,Barry LaFond;plugins/org.teiid.designer.metamodels.xmlservice/src/org/teiid/designer/metamodels/xmlservice/impl/XmlServiceFactoryImpl.java,Paul Richardson,Barry LaFond;plugins/org.teiid.designer.relationship.ui/src/org/teiid/designer/relationship/ui/diagram/RelationshipDiagramType.java,Paul Richardson,Barry LaFond;plugins/org.teiid.designer.metamodels.xmlservice/src/org/teiid/designer/metamodels/xmlservice/aspects/uml/XmlResultAspect.java,Paul Richardson,Barry LaFond;plugins/org.teiid.designer.relationship.ui/src/org/teiid/designer/relationship/ui/navigation/actions/ForwardDropDownAction.java,Paul Richardson,Barry LaFond;tests/org.teiid.designer.relationship.test/src/org/teiid/designer/relationship/FakeNavigationContextImpl.java,Paul Richardson,Barry LaFond;plugins/org.teiid.designer.metamodels.uml2/src/org/teiid/designer/metamodels/uml2/provider/Uml2AssociationProvider.java,Paul Richardson,Barry LaFond;plugins/org.teiid.designer.relationship.ui/src/org/teiid/designer/relationship/ui/properties/RelationshipRoleSelectionValidator.java,Paul Richardson,Barry LaFond;plugins/org.teiid.designer.metamodels.uml2/src/org/teiid/designer/metamodels/uml2/compare/UmlUnNamedGeneralizationMatcher.java,Paul Richardson,Barry LaFond;plugins/org.teiid.designer.metamodels.xmlservice/src/org/teiid/designer/metamodels/xmlservice/impl/XmlResultImpl.java,Paul Richardson,Barry LaFond;plugins/org.teiid.designer.relationship.ui/src/org/teiid/designer/relationship/ui/editor/RelationshipModelSelectorDialog.java,Paul Richardson,Barry LaFond;plugins/org.teiid.designer.metamodels.uml2/src/org/teiid/designer/metamodels/uml2/aspects/uml/Uml2PropertyUmlAspect.java,Paul Richardson,Barry LaFond;plugins/org.teiid.designer.metamodels.uml2/src/org/teiid/designer/metamodels/uml2/util/DependencyFinder.java,Paul Richardson,Barry LaFond;plugins/org.teiid.designer.metamodels.relationship/src/org/teiid/designer/metamodels/relationship/impl/RelationshipImpl.java,Paul Richardson,Barry LaFond;plugins/org.teiid.designer.metamodels.relationship/src/org/teiid/designer/metamodels/relationship/provider/PlaceholderReferenceItemProvider.java,Paul Richardson,Barry LaFond;plugins/org.teiid.designer.relationship.ui/src/org/teiid/designer/relationship/ui/navigation/actions/NavigateToAction.java,Paul Richardson,Barry LaFond;plugins/org.teiid.designer.relationship.ui/src/org/teiid/designer/relationship/ui/navigation/part/LabelEditPart.java,Paul Richardson,Barry LaFond;plugins/org.teiid.designer.relationship.ui/src/org/teiid/designer/relationship/ui/properties/RelationshipRoleAccumulatorSelectionValidator.java,Paul Richardson,Barry LaFond;plugins/org.teiid.designer.relationship.ui/src/org/teiid/designer/relationship/ui/search/RelationshipSearchPage.java,Paul Richardson,Barry LaFond;plugins/org.teiid.designer.modelgenerator.uml2/src/org/teiid/designer/modelgenerator/uml2/util/ValidatingRelationalObjectNameStrategy.java,Paul Richardson,Barry LaFond;plugins/org.teiid.designer.metamodels.uml2/src/org/teiid/designer/metamodels/uml2/compare/UmlUnNamedPropertyMatcher.java,Paul Richardson,Barry LaFond;plugins/org.teiid.designer.metamodels.uml2/build.properties,Paul Richardson,Barry LaFond;plugins/org.teiid.designer.metamodels.xmlservice/src/org/teiid/designer/metamodels/xmlservice/util/XmlInputFinder.java,Paul Richardson,Barry LaFond;tests/org.teiid.designer.modelgenerator.uml2.test/src/org/teiid/designer/modelgenerator/uml2/util/FakeTreeSelection.java,Paul Richardson,Barry LaFond;plugins/org.teiid.designer.metamodels.xmlservice/src/org/teiid/designer/metamodels/xmlservice/aspects/validation/rules/GlobalSchemaReferenceRule.java,Paul Richardson,Barry LaFond;plugins/org.teiid.designer.modelgenerator.uml2/src/org/teiid/designer/modelgenerator/uml2/util/RelationalObjectNamingStrategyImpl.java,Paul Richardson,Barry LaFond;plugins/org.teiid.designer.modelgenerator.uml2/src/org/teiid/designer/modelgenerator/uml2/util/RelationalObjectGeneratorImpl.java,Paul Richardson,Barry LaFond;plugins/org.teiid.designer.metamodels.xmlservice/src/org/teiid/designer/metamodels/xmlservice/aspects/uml/XmlServiceUmlAspectFactoryImpl.java,Paul Richardson,Barry LaFond;plugins/org.teiid.designer.relationship.ui/src/org/teiid/designer/relationship/ui/part/RelationshipTypeNodeEditPart.java,Paul Richardson,Barry LaFond;plugins/org.teiid.designer.modelgenerator.uml2/build.properties,Paul Richardson,Barry LaFond;plugins/org.teiid.designer.relationship.ui/src/org/teiid/designer/relationship/ui/connection/RelationshipAnchorManager.java,Paul Richardson,Barry LaFond;plugins/org.teiid.designer.metamodels.relationship/src/org/teiid/designer/metamodels/relationship/compare/RelationshipMatcherFactory.java,Paul Richardson,Barry LaFond;plugins/org.teiid.designer.relationship.ui/src/org/teiid/designer/relationship/ui/textimport/RelationshipTextImportModelSelectorDialog.java,Paul Richardson,Barry LaFond;plugins/org.teiid.designer.relationship.ui/src/org/teiid/designer/relationship/ui/navigation/actions/EditWrapperAction.java,Paul Richardson,Barry LaFond;plugins/org.teiid.designer.relationship.ui/src/org/teiid/designer/relationship/ui/editor/RelationshipTypeSelectionValidator.java,Paul Richardson,Barry LaFond;plugins/org.teiid.designer.relationship.ui/src/org/teiid/designer/relationship/ui/textimport/RelationshipsLocationSelectionValidator.java,Paul Richardson,Barry LaFond;plugins/org.teiid.designer.metamodels.uml2/src/org/teiid/designer/metamodels/uml2/aspects/uml/Uml2UmlAspectFactoryImpl.java,Paul Richardson,Barry LaFond;plugins/org.teiid.designer.metamodels.xmlservice/src/org/teiid/designer/metamodels/xmlservice/aspects/uml/XmlInputAspect.java,Paul Richardson,Barry LaFond;plugins/org.teiid.designer.metamodels.xmlservice/src/org/teiid/designer/metamodels/xmlservice/XmlOutput.java,Paul Richardson,Barry LaFond;plugins/org.teiid.designer.metamodels.relationship/src/org/teiid/designer/metamodels/relationship/FileReference.java,Paul Richardson,Barry LaFond;plugins/org.teiid.designer.relationship.ui/src/org/teiid/designer/relationship/ui/figure/RelationshipNodeFigure.java,Paul Richardson,Barry LaFond;plugins/org.teiid.designer.relationship.ui/src/org/teiid/designer/relationship/ui/editor/RelationshipObjectEditorPage.java,Paul Richardson,Barry LaFond;plugins/org.teiid.designer.metamodels.relationship/src/org/teiid/designer/metamodels/relationship/aspects/relationship/RelationAspect.java,Paul Richardson,Barry LaFond;plugins/org.teiid.designer.modelgenerator.uml2/src/org/teiid/designer/modelgenerator/uml2/processor/Uml2RelationalOptions.java,Paul Richardson,Barry LaFond;plugins/org.teiid.designer.metamodels.xmlservice/src/org/teiid/designer/metamodels/xmlservice/util/XmlOperationFinder.java,Paul Richardson,Barry LaFond;tests/org.teiid.designer.modelgenerator.uml2.test/build.properties,Paul Richardson,Barry LaFond;plugins/org.teiid.designer.metamodels.relationship/src/org/teiid/designer/metamodels/relationship/compare/RelationshipMatcher.java,Paul Richardson,Barry LaFond;plugins/org.teiid.designer.metamodels.xmlservice/src/org/teiid/designer/metamodels/xmlservice/impl/XmlServiceComponentImpl.java,Paul Richardson,Barry LaFond;plugins/org.teiid.designer.relationship/src/org/teiid/designer/relationship/RelationshipTypeEditorImpl.java,Paul Richardson,Barry LaFond;plugins/org.teiid.designer.metamodels.relationship/src/org/teiid/designer/metamodels/relationship/impl/RelationshipFolderImpl.java,Paul Richardson,Barry LaFond;plugins/org.teiid.designer.metamodels.xmlservice/src/org/teiid/designer/metamodels/xmlservice/impl/XmlServicePackageImpl.java,Paul Richardson,Barry LaFond;plugins/org.teiid.designer.relationship.ui/src/org/teiid/designer/relationship/ui/actions/RelationshipDiagramPermanentActionContributor.java,Paul Richardson,Barry LaFond;plugins/org.teiid.designer.metamodels.uml2/src/org/teiid/designer/metamodels/uml2/aspects/uml/AbstractUml2ElementUmlAspect.java,Paul Richardson,Barry LaFond;plugins/org.teiid.designer.metamodels.uml2/src/org/teiid/designer/metamodels/uml2/compare/UmlUnNamedAssociationMatcher.java,Paul Richardson,Barry LaFond;plugins/org.teiid.designer.metamodels.uml2/src/org/teiid/designer/metamodels/uml2/aspects/uml/AbstractUml2NamedElementUmlAspect.java,Paul Richardson,Barry LaFond;plugins/org.teiid.designer.metamodels.uml2/src/org/teiid/designer/metamodels/uml2/util/UmlEntityFinder.java,Paul Richardson,Barry LaFond;plugins/org.teiid.designer.metamodels.xmlservice/src/org/teiid/designer/metamodels/xmlservice/impl/XmlOperationImpl.java,Paul Richardson,Barry LaFond;plugins/org.teiid.designer.relationship.ui/src/org/teiid/designer/relationship/ui/navigation/part/NavigationDiagramPartFactory.java,Paul Richardson,Barry LaFond;plugins/org.teiid.designer.relationship/src/org/teiid/designer/relationship/NavigationHistoryImpl.java,Paul Richardson,Barry LaFond;plugins/org.teiid.designer.metamodels.xmlservice/src/org/teiid/designer/metamodels/xmlservice/provider/XmlServiceItemProviderAdapterFactory.java,Paul Richardson,Barry LaFond;plugins/org.teiid.designer.relationship.ui/src/org/teiid/designer/relationship/ui/part/FocusNodeEditPart.java,Paul Richardson,Barry LaFond;plugins/org.teiid.designer.relationship.ui/src/org/teiid/designer/relationship/ui/navigation/actions/RefreshAction.java,Paul Richardson,Barry LaFond;plugins/org.teiid.designer.metamodels.uml2/src/org/teiid/designer/metamodels/uml2/aspects/uml/Uml2SubstitutionUmlAspect.java,Paul Richardson,Barry LaFond;plugins/org.teiid.designer.metamodels.xmlservice/src/org/teiid/designer/metamodels/xmlservice/util/ReferencedXSDSchemaFinder.java,Paul Richardson,Barry LaFond;plugins/org.teiid.designer.relationship.ui/src/org/teiid/designer/relationship/ui/editor/RelationshipTypeObjectEditorPage.java,Paul Richardson,Barry LaFond;plugins/org.teiid.designer.metamodels.xmlservice/src/org/teiid/designer/metamodels/xmlservice/impl/XmlOutputImpl.java,Paul Richardson,Barry LaFond;tests/org.teiid.designer.relationship.test/src/org/teiid/designer/relationship/FakeNavigationContextBuilder.java,Paul Richardson,Barry LaFond;plugins/org.teiid.designer.relationship.ui/src/org/teiid/designer/relationship/ui/editor/RelationshipTypePanel.java,Paul Richardson,Barry LaFond;plugins/org.teiid.designer.relationship.ui/src/org/teiid/designer/relationship/ui/figure/RelationshipFolderFigure.java,Paul Richardson,Barry LaFond;plugins/org.teiid.designer.relationship.ui/src/org/teiid/designer/relationship/ui/navigation/NavigationEditor.java,Paul Richardson,Barry LaFond;plugins/org.teiid.designer.metamodels.xmlservice/src/org/teiid/designer/metamodels/xmlservice/impl/XmlMessageImpl.java,Paul Richardson,Barry LaFond;plugins/org.teiid.designer.metamodels.xmlservice/src/org/teiid/designer/metamodels/xmlservice/aspects/sql/XmlInputAspect.java,Paul Richardson,Barry LaFond;plugins/org.teiid.designer.metamodels.uml2/src/org/teiid/designer/metamodels/uml2/aspects/uml/Uml2GeneralizationUmlAspect.java,Paul Richardson,Barry LaFond;plugins/org.teiid.designer.relationship.ui/src/org/teiid/designer/relationship/ui/editor/RelationshipWizardPage.java,Paul Richardson,Barry LaFond;plugins/org.teiid.designer.metamodels.relationship/src/org/teiid/designer/metamodels/relationship/provider/PlaceholderReferenceContainerItemProvider.java,Paul Richardson,Barry LaFond;plugins/org.teiid.designer.relationship.ui/src/org/teiid/designer/relationship/ui/diagram/RelationshipDiagramProvider.java,Paul Richardson,Barry LaFond;plugins/org.teiid.designer.relationship.ui/src/org/teiid/designer/relationship/ui/navigation/figure/AbstractNavigationNodeFigure.java,Paul Richardson,Barry LaFond;plugins/org.teiid.designer.metamodels.xmlservice/src/org/teiid/designer/metamodels/xmlservice/aspects/uml/XmlOutputAspect.java,Paul Richardson,Barry LaFond;plugins/org.teiid.designer.relationship.ui/src/org/teiid/designer/relationship/ui/custom/CustomDiagramType.java,Paul Richardson,Barry LaFond;plugins/org.teiid.designer.metamodels.relationship/src/org/teiid/designer/metamodels/relationship/impl/RelationshipFactoryImpl.java,Paul Richardson,Barry LaFond;plugins/org.teiid.designer.relationship/src/org/teiid/designer/relationship/RelationshipSearchImpl.java,Paul Richardson,Barry LaFond;plugins/org.teiid.designer.metamodels.relationship/src/org/teiid/designer/metamodels/relationship/UriReference.java,Paul Richardson,Barry LaFond;plugins/org.teiid.designer.metamodels.relationship/src/org/teiid/designer/metamodels/relationship/provider/RelationshipEntityItemProvider.java,Paul Richardson,Barry LaFond;plugins/org.teiid.designer.metamodels.uml2/src/org/teiid/designer/metamodels/uml2/compare/UmlNamedElementCaseInsensitiveMatcher.java,Paul Richardson,Barry LaFond;plugins/org.teiid.designer.metamodels.relationship/src/org/teiid/designer/metamodels/relationship/provider/RelationshipItemProviderAdapterFactory.java,Paul Richardson,Barry LaFond;tests/org.teiid.designer.relationship.test/src/org/teiid/designer/relationship/FakeIndexSelectorFactory.java,Paul Richardson,Barry LaFond;plugins/org.teiid.designer.metamodels.relationship/src/org/teiid/designer/metamodels/relationship/impl/RelationshipPackageImpl.java,Paul Richardson,Barry LaFond;plugins/org.teiid.designer.metamodels.uml2/src/org/teiid/designer/metamodels/uml2/aspects/uml/Uml2OperationUmlAspect.java,Paul Richardson,Barry LaFond;plugins/org.teiid.designer.metamodels.xmlservice/src/org/teiid/designer/metamodels/xmlservice/provider/XmlServiceComponentItemProvider.java,Paul Richardson,Barry LaFond;plugins/org.teiid.designer.relationship.ui/src/org/teiid/designer/relationship/ui/diagram/RelationshipDiagramContentProvider.java,Paul Richardson,Barry LaFond;plugins/org.teiid.designer.relationship.ui/src/org/teiid/designer/relationship/ui/editor/NewRelationshipWizard.java,Paul Richardson,Barry LaFond;tests/org.teiid.designer.metamodels.uml2.test/build.properties,Paul Richardson,Barry LaFond;plugins/org.teiid.designer.metamodels.uml2/src/org/teiid/designer/metamodels/uml2/compare/UmlNamedElementMatcher.java,Paul Richardson,Barry LaFond;plugins/org.teiid.designer.metamodels.relationship/src/org/teiid/designer/metamodels/relationship/impl/RelationshipEntityImpl.java,Paul Richardson,Barry LaFond;plugins/org.teiid.designer.relationship.ui/src/org/teiid/designer/relationship/ui/custom/CustomDiagramHelper.java,Paul Richardson,Barry LaFond;plugins/org.teiid.designer.relationship.ui/src/org/teiid/designer/relationship/ui/navigation/model/FreeNavigationModelNode.java,Paul Richardson,Barry LaFond;tests/org.teiid.designer.modelgenerator.uml2.test/src/org/teiid/designer/modelgenerator/uml2/processor/TrivialRelationalFragmentGenerator.java,Paul Richardson,Barry LaFond;plugins/org.teiid.designer.relationship.ui/src/org/teiid/designer/relationship/ui/navigation/NavigationView.java,Paul Richardson,Barry LaFond;plugins/org.teiid.designer.relationship.ui/src/org/teiid/designer/relationship/ui/navigation/part/AbstractNavigationEditPart.java,Paul Richardson,Barry LaFond;plugins/org.teiid.designer.metamodels.uml2/src/org/teiid/designer/metamodels/uml2/aspects/uml/Uml2AssociationUmlAspect.java,Paul Richardson,Barry LaFond;plugins/org.teiid.designer.relationship.ui/src/org/teiid/designer/relationship/ui/model/RelationshipDiagramModelFactory.java,Paul Richardson,Barry LaFond;plugins/org.teiid.designer.relationship.ui/src/org/teiid/designer/relationship/ui/navigation/actions/SetFocusAction.java,Paul Richardson,Barry LaFond;plugins/org.teiid.designer.metamodels.relationship/src/org/teiid/designer/metamodels/relationship/impl/RelationshipTypeImpl.java,Paul Richardson,Barry LaFond;plugins/org.teiid.designer.metamodels.uml2/src/org/teiid/designer/metamodels/uml2/util/Uml2ResourceLoadOptionContributor.java,Paul Richardson,Barry LaFond;plugins/org.teiid.designer.metamodels.xmlservice/src/org/teiid/designer/metamodels/xmlservice/aspects/validation/rules/MissingSchemaReferenceRule.java,Paul Richardson,Barry LaFond;plugins/org.teiid.designer.metamodels.uml2/src/org/teiid/designer/metamodels/uml2/util/ClassFinder.java,Paul Richardson,Barry LaFond;plugins/org.teiid.designer.metamodels.uml2/src/org/teiid/designer/metamodels/uml2/aspects/validation/rules/Uml2StringNameRule.java,Paul Richardson,Barry LaFond;
a42a3c7f9276d719f03077eeda28e495d6c296bc,1,244,0,0,0.0,plugins/org.teiid.designer.modelgenerator.salesforce.lib/pom.xml,Paul Richardson,Barry LaFond;tests/org.teiid.designer.jdbc.test.framework/META-INF/MANIFEST.MF,Paul Richardson,Barry LaFond;tests/org.teiid.designer.core.xslt.test/META-INF/MANIFEST.MF,Paul Richardson,Barry LaFond;plugins/org.teiid.designer.udf/META-INF/MANIFEST.MF,Paul Richardson,Barry LaFond;plugins/org.teiid.designer.vdb/pom.xml,Paul Richardson,Barry LaFond;plugins/org.teiid.designer.metamodels.transformation/META-INF/MANIFEST.MF,Paul Richardson,Barry LaFond;features/org.teiid.designer.runtime.feature/feature.xml,Paul Richardson,Barry LaFond;plugins/org.teiid.designer.extension/pom.xml,Paul Richardson,Barry LaFond;tests/org.teiid.designer.jdbc.relational.test/pom.xml,Paul Richardson,Barry LaFond;tests/org.teiid.designer.spi.test/META-INF/MANIFEST.MF,Paul Richardson,Barry LaFond;plugins/org.teiid.designer.jdbc/pom.xml,Paul Richardson,Barry LaFond;plugins/org.teiid.designer.dqp/META-INF/MANIFEST.MF,Paul Richardson,Barry LaFond;tests/org.teiid.designer.metamodels.transformation.test/pom.xml,Paul Richardson,Barry LaFond;plugins/org.teiid.designer.dsp.ui/META-INF/MANIFEST.MF,Paul Richardson,Barry LaFond;plugins/org.teiid.designer.compare.ui/META-INF/MANIFEST.MF,Paul Richardson,Barry LaFond;plugins/org.teiid.designer.modelgenerator.ui/META-INF/MANIFEST.MF,Paul Richardson,Barry LaFond;plugins/org.teiid.designer.mapping.ui/pom.xml,Paul Richardson,Barry LaFond;tests/org.teiid.designer.compare.test/pom.xml,Paul Richardson,Barry LaFond;plugins/org.teiid.designer.ddl.importer.ui/META-INF/MANIFEST.MF,Paul Richardson,Barry LaFond;plugins/org.teiid.designer.modelgenerator.ldap.ui/pom.xml,Paul Richardson,Barry LaFond;plugins/org.teiid.designer.ddl/pom.xml,Paul Richardson,Barry LaFond;plugins/org.teiid.datatools.connectivity.ui/META-INF/MANIFEST.MF,Paul Richardson,Barry LaFond;plugins/org.teiid.designer.ddl/META-INF/MANIFEST.MF,Paul Richardson,Barry LaFond;plugins/org.teiid.designer.metamodels.dependency/pom.xml,Paul Richardson,Barry LaFond;plugins/org.teiid.designer.ui.common/META-INF/MANIFEST.MF,Paul Richardson,Barry LaFond;tests/org.teiid.core.designer.test.framework/pom.xml,Paul Richardson,Barry LaFond;plugins/org.teiid.datatools.connectivity.ui/pom.xml,Paul Richardson,Barry LaFond;plugins/org.teiid.designer.jdbc.relational/pom.xml,Paul Richardson,Barry LaFond;plugins/org.teiid.designer.mapping.ui/META-INF/MANIFEST.MF,Paul Richardson,Barry LaFond;tests/org.teiid.designer.modelgenerator.salesforce.test/pom.xml,Paul Richardson,Barry LaFond;plugins/org.teiid.designer.webservice/pom.xml,Paul Richardson,Barry LaFond;plugins/org.teiid.designer.metamodels.xsd/pom.xml,Paul Richardson,Barry LaFond;plugins/org.teiid.designer.xsd/pom.xml,Paul Richardson,Barry LaFond;plugins/org.teiid.designer.relational.ui/META-INF/MANIFEST.MF,Paul Richardson,Barry LaFond;plugins/org.teiid.designer.webservice.lib/pom.xml,Paul Richardson,Barry LaFond;test-aggregate/org.teiid.designer.aggregate.test/pom.xml,Paul Richardson,Barry LaFond;plugins/org.teiid.designer.transformation.ui/META-INF/MANIFEST.MF,Paul Richardson,Barry LaFond;plugins/org.teiid.designer.metamodels.wsdl/pom.xml,Paul Richardson,Barry LaFond;tests/org.teiid.designer.core.test/META-INF/MANIFEST.MF,Paul Richardson,Barry LaFond;plugins/org.teiid.designer.modelgenerator.salesforce/META-INF/MANIFEST.MF,Paul Richardson,Barry LaFond;tests/org.teiid.designer.webservice.ui.test/META-INF/MANIFEST.MF,Paul Richardson,Barry LaFond;plugins/org.teiid.designer.xsd/META-INF/MANIFEST.MF,Paul Richardson,Barry LaFond;plugins/org.teiid.designer.spi/pom.xml,Paul Richardson,Barry LaFond;plugins/org.teiid.designer.sdt/META-INF/MANIFEST.MF,Paul Richardson,Barry LaFond;tests/org.teiid.designer.metamodels.relational.test/pom.xml,Paul Richardson,Barry LaFond;plugins/org.teiid.designer.metamodels.core/META-INF/MANIFEST.MF,Paul Richardson,Barry LaFond;features/org.teiid.designer.test.feature/feature.xml,Paul Richardson,Barry LaFond;plugins/org.teiid.designer.xsd.ui/pom.xml,Paul Richardson,Barry LaFond;plugins/org.teiid.designer.metamodels.wsdl/META-INF/MANIFEST.MF,Paul Richardson,Barry LaFond;tests/org.teiid.designer.transformation.test/pom.xml,Paul Richardson,Barry LaFond;plugins/org.teiid.designer.metamodels.function/pom.xml,Paul Richardson,Barry LaFond;documentation/guides/Teiid_Designer_User_Guide/pom.xml,Paul Richardson,Barry LaFond;plugins/org.teiid.designer.sdt/pom.xml,Paul Richardson,Barry LaFond;tests/org.teiid.designer.ddl.importer.test/META-INF/MANIFEST.MF,Paul Richardson,Barry LaFond;tests/org.teiid.designer.xsd.ui.test/META-INF/MANIFEST.MF,Paul Richardson,Barry LaFond;tests/org.teiid.designer.metamodels.relational.test/META-INF/MANIFEST.MF,Paul Richardson,Barry LaFond;plugins/teiid/org.teiid.runtime.client/META-INF/MANIFEST.MF,Paul Richardson,Barry LaFond;tests/org.teiid.designer.query.ui.test/META-INF/MANIFEST.MF,Paul Richardson,Barry LaFond;plugins/org.teiid.designer.diagram.ui/META-INF/MANIFEST.MF,Paul Richardson,Barry LaFond;plugins/org.teiid.designer.modelgenerator/META-INF/MANIFEST.MF,Paul Richardson,Barry LaFond;plugins/org.teiid.designer.core.xslt/META-INF/MANIFEST.MF,Paul Richardson,Barry LaFond;plugins/org.teiid.designer.extension.ui/pom.xml,Paul Richardson,Barry LaFond;plugins/org.teiid.designer.jdbc.relational/META-INF/MANIFEST.MF,Paul Richardson,Barry LaFond;tests/org.teiid.designer.xml.ui.test/pom.xml,Paul Richardson,Barry LaFond;plugins/org.teiid.designer.datatools.ui/pom.xml,Paul Richardson,Barry LaFond;plugins/org.teiid.designer.datatools.ui/META-INF/MANIFEST.MF,Paul Richardson,Barry LaFond;plugins/org.teiid.designer.transformation/META-INF/MANIFEST.MF,Paul Richardson,Barry LaFond;tests/org.teiid.designer.jdbc.test.framework/pom.xml,Paul Richardson,Barry LaFond;plugins/org.teiid.designer.ddl.importer/pom.xml,Paul Richardson,Barry LaFond;plugins/org.teiid.designer.webservice.lib/META-INF/MANIFEST.MF,Paul Richardson,Barry LaFond;features/org.teiid.designer.teiid.client.feature/feature.xml,Paul Richardson,Barry LaFond;plugins/org.teiid.designer.query.ui/pom.xml,Paul Richardson,Barry LaFond;plugins/org.teiid.designer.teiidimporter.ui/pom.xml,Paul Richardson,Barry LaFond;plugins/org.teiid.designer.jdbc.ui/pom.xml,Paul Richardson,Barry LaFond;plugins/org.teiid.designer.modelgenerator.salesforce.ui/pom.xml,Paul Richardson,Barry LaFond;tests/org.teiid.designer.ui.common.test/pom.xml,Paul Richardson,Barry LaFond;plugins/org.teiid.designer.advisor.ui/META-INF/MANIFEST.MF,Paul Richardson,Barry LaFond;plugins/org.teiid.designer.advisor.ui/pom.xml,Paul Richardson,Barry LaFond;plugins/org.teiid.designer.diagram.ui/pom.xml,Paul Richardson,Barry LaFond;plugins/org.teiid.datatools.connectivity/META-INF/MANIFEST.MF,Paul Richardson,Barry LaFond;plugins/org.teiid.designer.core/pom.xml,Paul Richardson,Barry LaFond;plugins/org.teiid.designer.modelgenerator.salesforce.ui/META-INF/MANIFEST.MF,Paul Richardson,Barry LaFond;plugins/org.teiid.designer.roles/META-INF/MANIFEST.MF,Paul Richardson,Barry LaFond;tests/org.teiid.designer.compare.test/META-INF/MANIFEST.MF,Paul Richardson,Barry LaFond;tests/org.teiid.designer.extension.test/META-INF/MANIFEST.MF,Paul Richardson,Barry LaFond;plugins/org.teiid.designer.jdbc.ui/META-INF/MANIFEST.MF,Paul Richardson,Barry LaFond;plugins/org.teiid.designer.metamodels.function/META-INF/MANIFEST.MF,Paul Richardson,Barry LaFond;tests/org.teiid.runtime.client.test/pom.xml,Paul Richardson,Barry LaFond;features/org.teiid.datatools.connectivity.feature/feature.xml,Paul Richardson,Barry LaFond;tests/org.teiid.designer.metamodels.wsdl.test/META-INF/MANIFEST.MF,Paul Richardson,Barry LaFond;plugins/org.teiid.core.designer/META-INF/MANIFEST.MF,Paul Richardson,Barry LaFond;plugins/org.teiid.designer.compare/META-INF/MANIFEST.MF,Paul Richardson,Barry LaFond;plugins/org.teiid.datatools.connectivity.model/META-INF/MANIFEST.MF,Paul Richardson,Barry LaFond;plugins/org.teiid.designer.extension/META-INF/MANIFEST.MF,Paul Richardson,Barry LaFond;plugins/org.teiid.designer.jdbc/META-INF/MANIFEST.MF,Paul Richardson,Barry LaFond;plugins/org.teiid.designer.roles/pom.xml,Paul Richardson,Barry LaFond;tests/org.teiid.designer.webservice.ui.test/pom.xml,Paul Richardson,Barry LaFond;plugins/org.teiid.designer.ddl.importer/META-INF/MANIFEST.MF,Paul Richardson,Barry LaFond;plugins/org.teiid.designer.metamodels.diagram/META-INF/MANIFEST.MF,Paul Richardson,Barry LaFond;plugins/org.teiid.designer.metamodels.relational/pom.xml,Paul Richardson,Barry LaFond;plugins/org.teiid.designer.xml.ui/META-INF/MANIFEST.MF,Paul Richardson,Barry LaFond;tests/org.teiid.designer.metamodels.transformation.test/META-INF/MANIFEST.MF,Paul Richardson,Barry LaFond;plugins/org.teiid.designer.ddl.spi/pom.xml,Paul Richardson,Barry LaFond;plugins/org.teiid.designer.modelgenerator/pom.xml,Paul Richardson,Barry LaFond;plugins/org.teiid.designer.ui/src/org/teiid/designer/ui/viewsupport/DatatypeSelectionDialog.java,Paul Richardson,Barry LaFond;tests/org.teiid.designer.sdt.test/pom.xml,Paul Richardson,Barry LaFond;site/pom.xml,Paul Richardson,Barry LaFond;tests/org.teiid.designer.xml.ui.test/META-INF/MANIFEST.MF,Paul Richardson,Barry LaFond;plugins/techpreview.designer.ui/META-INF/MANIFEST.MF,Paul Richardson,Barry LaFond;tests/org.teiid.designer.webservice.test/pom.xml,Paul Richardson,Barry LaFond;tests/org.teiid.designer.extension.test/pom.xml,Paul Richardson,Barry LaFond;features/org.teiid.designer.feature/feature.xml,Paul Richardson,Barry LaFond;tests/org.teiid.designer.ui.test/pom.xml,Paul Richardson,Barry LaFond;plugins/org.teiid.designer.udf/pom.xml,Paul Richardson,Barry LaFond;tests/org.teiid.designer.transformation.test/META-INF/MANIFEST.MF,Paul Richardson,Barry LaFond;tests/org.teiid.core.designer.test/pom.xml,Paul Richardson,Barry LaFond;features/org.teiid.designer.feature/pom.xml,Paul Richardson,Barry LaFond;tests/org.teiid.designer.dqp.test/pom.xml,Paul Richardson,Barry LaFond;plugins/org.teiid.designer.schema.tools/pom.xml,Paul Richardson,Barry LaFond;plugins/org.teiid.designer.metamodels.webservice/META-INF/MANIFEST.MF,Paul Richardson,Barry LaFond;tests/org.teiid.designer.query.ui.test/pom.xml,Paul Richardson,Barry LaFond;tests/org.teiid.designer.mapping.ui.test/META-INF/MANIFEST.MF,Paul Richardson,Barry LaFond;plugins/org.teiid.designer.metamodels.builder.execution/META-INF/MANIFEST.MF,Paul Richardson,Barry LaFond;plugins/org.teiid.designer/pom.xml,Paul Richardson,Barry LaFond;plugins/org.teiid.designer.metamodels.xsd.ui/pom.xml,Paul Richardson,Barry LaFond;plugins/org.teiid.designer.ui.common/pom.xml,Paul Richardson,Barry LaFond;plugins/org.teiid.designer.modelgenerator.wsdl/pom.xml,Paul Richardson,Barry LaFond;features/org.teiid.designer.test.feature/pom.xml,Paul Richardson,Barry LaFond;plugins/org.teiid.designer.transformation/pom.xml,Paul Richardson,Barry LaFond;plugins/org.teiid.designer.compare/pom.xml,Paul Richardson,Barry LaFond;tests/org.teiid.designer.core.test.framework/META-INF/MANIFEST.MF,Paul Richardson,Barry LaFond;plugins/org.teiid.datatools.connectivity/pom.xml,Paul Richardson,Barry LaFond;test-aggregate/org.teiid.designer.aggregate.test/META-INF/MANIFEST.MF,Paul Richardson,Barry LaFond;features/org.teiid.designer.runtime.feature/pom.xml,Paul Richardson,Barry LaFond;features/org.teiid.designer.teiid.client.feature/pom.xml,Paul Richardson,Barry LaFond;plugins/org.teiid.designer.metamodels.relational/META-INF/MANIFEST.MF,Paul Richardson,Barry LaFond;plugins/org.teiid.designer.query.ui/META-INF/MANIFEST.MF,Paul Richardson,Barry LaFond;tests/org.teiid.designer.schema.tools.test/META-INF/MANIFEST.MF,Paul Richardson,Barry LaFond;tests/org.teiid.designer.ui.common.test/META-INF/MANIFEST.MF,Paul Richardson,Barry LaFond;tests/org.teiid.designer.xsd.ui.test/pom.xml,Paul Richardson,Barry LaFond;plugins/org.teiid.designer.schema.tools/META-INF/MANIFEST.MF,Paul Richardson,Barry LaFond;plugins/org.teiid.designer.udf.ui/META-INF/MANIFEST.MF,Paul Richardson,Barry LaFond;plugins/org.teiid.designer.modeshape/META-INF/MANIFEST.MF,Paul Richardson,Barry LaFond;tests/org.teiid.designer.vdb.test/pom.xml,Paul Richardson,Barry LaFond;plugins/org.teiid.designer.legacy/META-INF/MANIFEST.MF,Paul Richardson,Barry LaFond;plugins/org.teiid.designer.xsd.ui/META-INF/MANIFEST.MF,Paul Richardson,Barry LaFond;plugins/org.teiid.designer.metamodels.xsd/META-INF/MANIFEST.MF,Paul Richardson,Barry LaFond;plugins/org.teiid.designer.transformation.ui/pom.xml,Paul Richardson,Barry LaFond;tests/org.teiid.designer.ddl.importer.test/pom.xml,Paul Richardson,Barry LaFond;tests/org.teiid.designer.modelgenerator.wsdl.test/META-INF/MANIFEST.MF,Paul Richardson,Barry LaFond;plugins/org.teiid.designer.relational.ui/pom.xml,Paul Richardson,Barry LaFond;tests/org.teiid.designer.modelgenerator.wsdl.test/pom.xml,Paul Richardson,Barry LaFond;plugins/org.teiid.designer.modelgenerator.wsdl.ui/META-INF/MANIFEST.MF,Paul Richardson,Barry LaFond;plugins/org.teiid.designer.vdb.ui/pom.xml,Paul Richardson,Barry LaFond;tests/org.teiid.designer.vdb.test/META-INF/MANIFEST.MF,Paul Richardson,Barry LaFond;plugins/org.teiid.designer.compare.ui/pom.xml,Paul Richardson,Barry LaFond;plugins/org.teiid.designer.metamodels.xml/pom.xml,Paul Richardson,Barry LaFond;plugins/org.teiid.designer/about.properties,Paul Richardson,Barry LaFond;plugins/org.teiid.designer.core.xslt/pom.xml,Paul Richardson,Barry LaFond;plugins/org.teiid.core.designer/pom.xml,Paul Richardson,Barry LaFond;plugins/org.teiid.designer.datatools/META-INF/MANIFEST.MF,Paul Richardson,Barry LaFond;tests/org.teiid.designer.mapping.ui.test/pom.xml,Paul Richardson,Barry LaFond;tests/org.teiid.designer.metamodels.xml.test/META-INF/MANIFEST.MF,Paul Richardson,Barry LaFond;plugins/org.teiid.designer.relational/pom.xml,Paul Richardson,Barry LaFond;tests/org.teiid.designer.metamodels.wsdl.test/pom.xml,Paul Richardson,Barry LaFond;tests/org.teiid.designer.sdt.test/META-INF/MANIFEST.MF,Paul Richardson,Barry LaFond;plugins/org.teiid.designer.metamodels.core/pom.xml,Paul Richardson,Barry LaFond;plugins/org.teiid.designer.modelgenerator.salesforce/pom.xml,Paul Richardson,Barry LaFond;plugins/org.teiid.datatools.connectivity.ui.flatfile/pom.xml,Paul Richardson,Barry LaFond;plugins/org.teiid.designer.spi/META-INF/MANIFEST.MF,Paul Richardson,Barry LaFond;tests/org.teiid.designer.jdbc.test/pom.xml,Paul Richardson,Barry LaFond;plugins/org.teiid.designer.tools.textimport.ui/pom.xml,Paul Richardson,Barry LaFond;plugins/org.teiid.designer.modelgenerator.xml/pom.xml,Paul Richardson,Barry LaFond;plugins/org.teiid.designer.webservice.ui/META-INF/MANIFEST.MF,Paul Richardson,Barry LaFond;plugins/org.teiid.datatools.connectivity.ui.flatfile/META-INF/MANIFEST.MF,Paul Richardson,Barry LaFond;plugins/org.teiid.designer.dqp.ui/pom.xml,Paul Richardson,Barry LaFond;tests/org.teiid.designer.jdbc.test/META-INF/MANIFEST.MF,Paul Richardson,Barry LaFond;features/org.teiid.datatools.connectivity.feature/pom.xml,Paul Richardson,Barry LaFond;tests/org.teiid.designer.core.test/pom.xml,Paul Richardson,Barry LaFond;tests/org.teiid.designer.schema.tools.test/pom.xml,Paul Richardson,Barry LaFond;plugins/org.teiid.designer.metamodels.builder/META-INF/MANIFEST.MF,Paul Richardson,Barry LaFond;tests/org.teiid.designer.dqp.test/META-INF/MANIFEST.MF,Paul Richardson,Barry LaFond;plugins/org.teiid.designer.modelgenerator.ldap.ui/META-INF/MANIFEST.MF,Paul Richardson,Barry LaFond;plugins/org.teiid.designer.modeshape/pom.xml,Paul Richardson,Barry LaFond;tests/org.teiid.designer.metamodels.core.test/pom.xml,Paul Richardson,Barry LaFond;tests/org.teiid.designer.modelgenerator.test/pom.xml,Paul Richardson,Barry LaFond;plugins/org.teiid.designer.metamodels.dependency/META-INF/MANIFEST.MF,Paul Richardson,Barry LaFond;tests/org.teiid.core.designer.test.framework/META-INF/MANIFEST.MF,Paul Richardson,Barry LaFond;plugins/org.teiid.designer.teiidimporter.ui/META-INF/MANIFEST.MF,Paul Richardson,Barry LaFond;tests/org.teiid.designer.metamodels.core.test/META-INF/MANIFEST.MF,Paul Richardson,Barry LaFond;plugins/org.teiid.designer.mapping/pom.xml,Paul Richardson,Barry LaFond;plugins/org.teiid.designer.metamodels.builder.execution/pom.xml,Paul Richardson,Barry LaFond;plugins/techpreview.designer.ui/pom.xml,Paul Richardson,Barry LaFond;plugins/org.teiid.designer.json.lib/pom.xml,Paul Richardson,Barry LaFond;plugins/org.teiid.designer.vdb/META-INF/MANIFEST.MF,Paul Richardson,Barry LaFond;plugins/org.teiid.designer.relational/META-INF/MANIFEST.MF,Paul Richardson,Barry LaFond;plugins/org.teiid.designer.modelgenerator.xml/META-INF/MANIFEST.MF,Paul Richardson,Barry LaFond;tests/org.teiid.designer.metamodels.xml.test/pom.xml,Paul Richardson,Barry LaFond;plugins/org.teiid.designer.dqp.ui/META-INF/MANIFEST.MF,Paul Richardson,Barry LaFond;plugins/org.teiid.designer.xml/pom.xml,Paul Richardson,Barry LaFond;plugins/org.teiid.designer.webservice.ui/pom.xml,Paul Richardson,Barry LaFond;plugins/org.teiid.designer.metamodels.transformation/pom.xml,Paul Richardson,Barry LaFond;plugins/org.teiid.designer.modelgenerator.ui/pom.xml,Paul Richardson,Barry LaFond;plugins/org.teiid.designer.metamodels.xml/META-INF/MANIFEST.MF,Paul Richardson,Barry LaFond;plugins/org.teiid.designer.ui/pom.xml,Paul Richardson,Barry LaFond;plugins/org.teiid.designer.metamodels.diagram/pom.xml,Paul Richardson,Barry LaFond;plugins/org.teiid.designer.legacy/pom.xml,Paul Richardson,Barry LaFond;plugins/org.teiid.designer.metamodels.xsd.ui/META-INF/MANIFEST.MF,Paul Richardson,Barry LaFond;plugins/org.teiid.designer.datatools/pom.xml,Paul Richardson,Barry LaFond;plugins/teiid/org.teiid.runtime.client/pom.xml,Paul Richardson,Barry LaFond;plugins/org.teiid.designer.roles.ui/pom.xml,Paul Richardson,Barry LaFond;tests/org.teiid.designer.webservice.test/META-INF/MANIFEST.MF,Paul Richardson,Barry LaFond;tests/org.teiid.designer.core.xslt.test/pom.xml,Paul Richardson,Barry LaFond;plugins/org.teiid.designer.ddl.importer.ui/pom.xml,Paul Richardson,Barry LaFond;plugins/org.teiid.designer/META-INF/MANIFEST.MF,Paul Richardson,Barry LaFond;documentation/guides/Teiid_Designer_User_Guide/en-US/master.xml,Paul Richardson,Barry LaFond;plugins/org.teiid.designer.metamodels.builder/pom.xml,Paul Richardson,Barry LaFond;tests/org.teiid.designer.spi.test/pom.xml,Paul Richardson,Barry LaFond;tests/org.teiid.designer.ui.test/META-INF/MANIFEST.MF,Paul Richardson,Barry LaFond;plugins/org.teiid.datatools.connectivity.model/pom.xml,Paul Richardson,Barry LaFond;plugins/org.teiid.designer.ddl.spi/META-INF/MANIFEST.MF,Paul Richardson,Barry LaFond;tests/org.teiid.runtime.client.test/META-INF/MANIFEST.MF,Paul Richardson,Barry LaFond;plugins/org.teiid.designer.modelgenerator.wsdl/META-INF/MANIFEST.MF,Paul Richardson,Barry LaFond;plugins/org.teiid.designer.tools.textimport.ui/META-INF/MANIFEST.MF,Paul Richardson,Barry LaFond;plugins/org.teiid.designer.vdb.ui/META-INF/MANIFEST.MF,Paul Richardson,Barry LaFond;tests/org.teiid.designer.core.test.framework/pom.xml,Paul Richardson,Barry LaFond;plugins/org.teiid.designer.xml/META-INF/MANIFEST.MF,Paul Richardson,Barry LaFond;plugins/org.teiid.designer.extension.ui/META-INF/MANIFEST.MF,Paul Richardson,Barry LaFond;tests/org.teiid.designer.jdbc.relational.test/META-INF/MANIFEST.MF,Paul Richardson,Barry LaFond;plugins/org.teiid.designer.webservice/META-INF/MANIFEST.MF,Paul Richardson,Barry LaFond;plugins/org.teiid.designer.modelgenerator.wsdl.ui/pom.xml,Paul Richardson,Barry LaFond;plugins/org.teiid.designer.mapping/META-INF/MANIFEST.MF,Paul Richardson,Barry LaFond;plugins/org.teiid.designer.ui/META-INF/MANIFEST.MF,Paul Richardson,Barry LaFond;plugins/org.teiid.designer.roles.ui/META-INF/MANIFEST.MF,Paul Richardson,Barry LaFond;plugins/org.teiid.designer.dqp/pom.xml,Paul Richardson,Barry LaFond;plugins/org.teiid.designer.json.lib/META-INF/MANIFEST.MF,Paul Richardson,Barry LaFond;plugins/org.teiid.designer.modelgenerator.salesforce.lib/META-INF/MANIFEST.MF,Paul Richardson,Barry LaFond;plugins/org.teiid.designer.xml.ui/pom.xml,Paul Richardson,Barry LaFond;tests/org.teiid.designer.modelgenerator.salesforce.test/META-INF/MANIFEST.MF,Paul Richardson,Barry LaFond;plugins/org.teiid.designer.metamodels.webservice/pom.xml,Paul Richardson,Barry LaFond;tests/org.teiid.core.designer.test/META-INF/MANIFEST.MF,Paul Richardson,Barry LaFond;tests/org.teiid.designer.modelgenerator.test/META-INF/MANIFEST.MF,Paul Richardson,Barry LaFond;plugins/org.teiid.designer.core/META-INF/MANIFEST.MF,Paul Richardson,Barry LaFond;plugins/org.teiid.designer.udf.ui/pom.xml,Paul Richardson,Barry LaFond;
4dfae8db015d6afa194a99de10bbecaba3acc323,1,1,0,0,0.0,plugins/org.teiid.designer.datatools/src/org/teiid/designer/datatools/profiles/ws/WSConnectionInfoProvider.java,Barry LaFond,Ted Jones;
