Hash,Merge timestamp,Branching time,Merge isolation time,Devs 1,Devs 2,Different devs,Same devs,Devs intersection,Commits 1,Commits 2,Changed files 1,Changed files 2,Changed files intersection,Has conflict?,Conflicted Files,Chunks
888060da4e764c18e612bc5d12fe0c334e0ac871,2011-02-20 14:57:21 -0600,0.0018171,0.0530903,1,1,2,0,0,1,1,1,3,1,YES,1,5
340bdce2ac647e23c04294ead874df179299cbfe,2011-02-21 14:45:35 -0600,0.0048843,0.0227778,1,1,2,0,0,1,1,2,3,1,YES,1,1
196259a1d4580ccef95497388e2bc3a9738072ba,2011-02-20 16:30:10 -0600,0.0026968,0.0287500,1,1,2,0,0,1,1,2,3,1,YES,1,1
a1de3b80d9ccfadc75e5ce11fd2c4df86273ae78,2011-02-24 11:55:57 -0600,0.0515278,0.5922106,1,1,2,0,0,2,2,7,7,2,YES,1,1
28e13c4af40d4958b75de623e8def6938a2a483a,2011-02-23 18:16:46 -0600,0.0002662,1.0013194,1,1,2,0,0,1,1,2,2,2,YES,1,4
