Hash,Merge timestamp,Branching time,Merge isolation time,Devs 1,Devs 2,Different devs,Same devs,Devs intersection,Commits 1,Commits 2,Changed files 1,Changed files 2,Changed files intersection,Has conflict?,Conflicted Files,Chunks
02705c80068ff898e280bc7d9cbbe52b77a64bf1,2011-12-24 10:58:56 +0100,19.7832755,19.8034375,1,1,2,0,0,2,8,11,37,1,NO,0,0
cad15ea8e8e481cd9960d471b298c4d591f841c2,2011-12-24 10:43:14 +0100,1.4807639,4.5136690,1,1,2,1,2,2,2,17,17,2,NO,0,0
ae2685f8619548a22d35f3f889b9b338ac0c9908,2011-12-24 10:39:21 +0100,1.3924884,19.7783218,1,1,2,1,2,3,2,22,17,1,NO,0,0
7df53df0f2590073bb26a9e170293ac4e5873b5a,2011-12-22 23:07:03 +0100,1.3924884,18.2975579,1,1,2,1,2,3,2,22,17,1,NO,0,0
c37eddbef29fee341ee0cdca73fc62786a556260,2011-12-04 15:41:59 +0100,13.1201852,14.8267245,1,1,2,0,0,8,3,37,14,1,YES,2,2
c582b1d84392e870b306bfe4046e7e02c212f74f,2011-11-19 20:10:27 +0100,0.3462037,10.9071065,1,1,2,0,0,1,3,1,3,0,NO,0,0
