Hash,Devs intersection,Conflicted files,Conflicted files caused by same dev,Null files,Conflicted files caused by same dev / Conflicted files
09c7d7ff7d30a24d70b4f437608ac810a4ceaf33,0,2,0,0,0.0,
d66a8683d19859f6676a3b54be8b0ff6122d7949,0,2,0,0,0.0,
b64d88196cb4affee2a24ade2216c0bff393648a,1,1,1,0,1.0,
75d771ccd7255aceb0917c3057d3d2a4f72143d3,0,2,0,0,0.0,
a56b869be696b59b31f4811f28d3eeb8f49a68dc,0,2,0,0,0.0,
395f313196f7624b05d3a9c4cd09db8bf7661e8a,0,1,0,0,0.0,
547cdac669b611f96847a135bc616c244d930e56,0,2,0,0,0.0,
7e380d49cc8d850602e2c03105f35a2f8265890b,2,1,0,0,0.0,vraptor-core/src/main/java/br/com/caelum/vraptor/serialization/xstream/VRaptorClassMapper.java,Rodrigo Turini,Mohammed Ezzat;
ff204ac66ed2ee6778e5b281b704a1be66064159,0,1,0,0,0.0,
c73ef42270c513ede8dd53947e08bc583043fe5f,1,1,0,0,0.0,vraptor-core/src/test/java/br/com/caelum/vraptor/deserialization/gson/GsonDeserializerTest.java,Lucas Cavalcanti,Rafael Dipold;
7cc4e2a8a7355c0c9f5cf946542627e9c75c9b57,0,2,0,0,0.0,
48ab4fe5791cc7a43f200866fe5a72bb205e2ade,2,1,1,0,1.0,
5b76b4c289657aead7a8b931ef333cf20a50a678,0,2,0,0,0.0,
d84ac75256861ef7df3c5b006e16722157d24bf6,0,1,0,0,0.0,
291dc55fdcc52a89af310fc04eefad2713ce2bd6,0,1,0,0,0.0,
