Hash,Devs intersection,Conflicted files,Conflicted files caused by same dev,Null files,Conflicted files caused by same dev / Conflicted files
73ec5a13108dd27ad0e4ceb98eb3ae5be67daa32,0,1,0,0,0.0,
7f3ebf7875e8a40289bfcaa030475387cfdf7786,0,2,0,0,0.0,
3ec53f10e27d4ff602d11cb4d135c6c94d6e4193,2,14,14,0,1.0,
14ae9fd1696ae612f467ce3b44e75c955e3aaec0,2,1,1,0,1.0,
0e6326c750ed20da4b19188128ebdfbb6cbd8d85,2,1,1,0,1.0,
e1c0a08ec7996e2c3d6a5577f5c47abe8449ccb3,1,2,0,0,0.0,src/main/webapp/jsp/inventoryType.jsp,adambadura,Philihp Busby;src/main/webapp/showBoard.jsp,adambadura,Philihp Busby;
d50e497d98ecdbdd6f7d3e7331d3c269a6e73615,0,2,0,0,0.0,
263d244568e0b23b7b2184829dab0c463bcce18c,1,8,0,0,0.0,src/main/java/com/philihp/weblabora/model/BoardMode.java,Philihp Busby,jhagen1908;src/main/java/com/philihp/weblabora/model/BoardModeTwoLongIreland.java,Philihp Busby,jhagen1908;src/main/webapp/showBoard.jsp,Philihp Busby,jhagen1908;src/main/java/com/philihp/weblabora/model/BoardModeThreeLongIreland.java,Philihp Busby,jhagen1908;src/main/java/com/philihp/weblabora/model/Board.java,Philihp Busby,jhagen1908;src/main/java/com/philihp/weblabora/model/BoardModeFourLongIreland.java,Philihp Busby,jhagen1908;src/main/java/com/philihp/weblabora/model/Player.java,Philihp Busby,jhagen1908;src/main/java/com/philihp/weblabora/model/BoardModeTwoLongFrance.java,Philihp Busby,jhagen1908;
1a2187363006628c123d8c25cfcd3f0dc0995827,1,11,2,0,0.18181818181818182,src/main/java/com/philihp/weblabora/model/BoardModeThreeLongFrance.java,jhagen1908,Philihp Busby;src/main/java/com/philihp/weblabora/model/BoardMode.java,jhagen1908,Philihp Busby;src/main/java/com/philihp/weblabora/model/BoardModeTwoLongIreland.java,jhagen1908,Philihp Busby;src/main/webapp/showBoard.jsp,jhagen1908,Philihp Busby;src/main/java/com/philihp/weblabora/model/BoardModeThreeLongIreland.java,jhagen1908,Philihp Busby;src/main/java/com/philihp/weblabora/model/Board.java,jhagen1908,Philihp Busby;src/main/java/com/philihp/weblabora/model/BoardModeFourLongIreland.java,jhagen1908,Philihp Busby;src/main/java/com/philihp/weblabora/model/Player.java,jhagen1908,Philihp Busby;src/main/java/com/philihp/weblabora/model/BoardModeTwoLongFrance.java,jhagen1908,Philihp Busby;
