Hash,Merge timestamp,Branching time,Merge isolation time,Devs 1,Devs 2,Different devs,Same devs,Devs intersection,Commits 1,Commits 2,Changed files 1,Changed files 2,Changed files intersection,Has conflict?,Conflicted Files,Chunks
d089fe57f07695d0d31e1cf621005c1582f18abe,2016-01-05 16:53:37 -0800,6.9004977,12.3055787,2,1,3,1,1,4,2,4,625,1,YES,2,2
6c23d346f6f478b9fe03b4c93aab2f3c230e6825,2012-10-16 10:10:08 -0700,139.2314699,157.9626736,1,1,2,1,2,3,130,8,683,1,YES,7,10
5825d0f1eab39e84954306ffbe5da7ad3c0664bf,2011-03-17 10:43:43 -0700,8.9812847,16.9124884,1,1,2,1,2,3,4,16,5,1,YES,1,2
bd4c58149d3aa49ef30f3e2159d565d6746696c6,2014-05-23 13:32:16 -0700,0.0028819,0.9074769,1,1,2,1,2,1,1,11,11,2,YES,1,2
