Hash,Devs intersection,Conflicted files,Conflicted files caused by same dev,Null files,Conflicted files caused by same dev / Conflicted files
4da9c08c7b0a3457ebb4bb273b6dc0c0ba376ac2,2,2,2,0,1.0,
6c018ae052656c3889f5f6b80aec28bf4e3f2208,0,1,0,0,0.0,
b2f2c4a6509413052efee8de719513fb471635f4,1,2,0,0,0.0,core/src/main/java/de/uniluebeck/itm/wsn/drivers/core/operation/AbstractOperation.java,mlegenhausen,Daniel Bimschas;mock/src/main/java/de/uniluebeck/itm/wsn/drivers/mock/MockDevice.java,mlegenhausen,Daniel Bimschas;
78063797cb9256941f8d4089a04e235977a3ebad,2,1,1,0,1.0,
866bc87d4d926ef7a542b1caaf89a21d21c4e7b9,1,1,1,0,1.0,
fa451595d3cf942b41062b7586458c17c787a75b,0,9,0,0,0.0,
963c8cad551b3151d7aec8392537f517f136f5e7,0,3,0,0,0.0,
d6701a859379772f64e519b98b6f058577379cb4,0,1,0,0,0.0,
1f49e75719e8d9f2d21a47a5e9c48a845280a6a4,1,4,3,0,0.75,core/src/main/java/de/uniluebeck/itm/wsn/drivers/core/serialport/SimpleSerialPortConnection.java,mlegenhausen,Daniel Bimschas;
