Hash,Merge timestamp,Branching time,Merge isolation time,Devs 1,Devs 2,Different devs,Same devs,Devs intersection,Commits 1,Commits 2,Changed files 1,Changed files 2,Changed files intersection,Has conflict?,Conflicted Files,Chunks
1b32ea33c8f8fef7ac1fb0089ca811b75b8f7d0a,2012-10-12 16:44:53 -0600,20.7344444,35.0591088,3,1,4,1,1,6,3,18,15,1,YES,2,3
cbdf62b22330f23f774e96327efe9463eb3c1cd4,2012-10-26 19:59:46 -0400,1.9201620,6.1424537,1,1,2,0,0,1,4,4,7,1,YES,1,6
f724a606e8e717e0eb67e9a35fbb021e3008f6d0,2012-07-16 23:55:02 -0600,0.0005903,0.1714005,1,1,2,1,2,1,1,6,5,1,YES,2,3
5ecdb24122ba69802e61188e9837f1eb4126fbe3,2012-09-22 00:07:35 -0600,0.0074306,14.3665394,1,1,2,1,2,1,1,2,2,2,YES,1,3
157ed0938701dbe79e630b1c8c25d194c35a6379,2012-10-26 20:32:41 -0600,0.1556366,1.9602431,1,2,3,1,1,1,2,2,5,1,YES,1,2
